2026-08-04 07:54:35 | INFO     | core.logger_manager:info:44 - BLOCKORA_TRADE v1.0 starting...
2026-08-04 07:54:36 | ERROR    | core.logger_manager:error:50 - Market data initialization error: Non-base32 digit found
2026-08-04 07:54:36 | ERROR    | core.logger_manager:error:50 - Initialization failed: Non-base32 digit found
2026-08-04 07:59:30 | INFO     | core.logger_manager:info:44 - BLOCKORA_TRADE v1.0 starting...
2026-08-04 07:59:32 | INFO     | core.logger_manager:info:44 - Angel One SmartAPI connected successfully
2026-08-04 07:59:32 | INFO     | core.logger_manager:info:44 - Option Chain Engine initialized
2026-08-04 07:59:33 | INFO     | core.logger_manager:info:44 - Telegram Bot connected
2026-08-04 07:59:33 | INFO     | core.logger_manager:info:44 - System initialization complete
2026-08-04 07:59:33 | INFO     | core.logger_manager:info:44 - BLOCKORA_TRADE started - entering main loop
2026-08-04 08:04:52 | INFO     | core.logger_manager:info:44 - Signal 2 received
2026-08-04 08:04:52 | INFO     | core.logger_manager:info:44 - Starting graceful shutdown...
2026-08-04 08:04:53 | INFO     | core.logger_manager:info:44 - Market data connection closed
2026-08-04 08:04:53 | INFO     | core.logger_manager:info:44 - Market engine closed
2026-08-04 08:04:53 | INFO     | core.logger_manager:info:44 - Option Chain Engine shutdown
2026-08-04 08:04:53 | INFO     | core.logger_manager:info:44 - Option engine closed
2026-08-04 08:04:53 | INFO     | core.logger_manager:info:44 - Database saved and closed
2026-08-04 08:04:55 | INFO     | core.logger_manager:info:44 - Graceful shutdown complete
2026-08-04 08:04:55 | INFO     | core.logger_manager:info:44 - Starting graceful shutdown...
2026-08-04 08:04:55 | INFO     | core.logger_manager:info:44 - Market engine closed
2026-08-04 08:04:55 | INFO     | core.logger_manager:info:44 - Option Chain Engine shutdown
2026-08-04 08:04:55 | INFO     | core.logger_manager:info:44 - Option engine closed
2026-08-04 08:04:55 | INFO     | core.logger_manager:info:44 - Database saved and closed
2026-08-04 08:04:56 | INFO     | core.logger_manager:info:44 - Graceful shutdown complete
2026-08-04 08:06:55 | INFO     | core.logger_manager:info:44 - BLOCKORA_TRADE v1.0 starting...
2026-08-04 08:06:57 | INFO     | core.logger_manager:info:44 - Angel One SmartAPI connected successfully
2026-08-04 08:06:57 | INFO     | core.logger_manager:info:44 - Option Chain Engine initialized
2026-08-04 08:06:57 | INFO     | core.logger_manager:info:44 - Telegram Bot connected
2026-08-04 08:06:58 | INFO     | core.logger_manager:info:44 - System initialization complete
2026-08-04 08:06:58 | INFO     | core.logger_manager:info:44 - BLOCKORA_TRADE started - entering main loop
2026-08-04 09:15:21 | INFO     | core.logger_manager:info:44 - Market OPENED - Starting analysis
2026-08-04 09:15:22 | INFO     | core.logger_manager:info:44 - Analysis cycle #1 started
2026-08-04 09:15:22 | ERROR    | core.logger_manager:error:50 - Historical data error: Couldn't parse the JSON response received from the server: b'Access denied because of exceeding access rate'
2026-08-04 09:15:23 | INFO     | core.logger_manager:info:44 - Cycle #1: Action=NO_TRADE, Confidence=53.6%
2026-08-04 09:15:28 | INFO     | core.logger_manager:info:44 - Analysis cycle #2 started
2026-08-04 09:15:29 | ERROR    | core.logger_manager:error:50 - Historical data error: list indices must be integers or slices, not str
2026-08-04 09:15:30 | INFO     | core.logger_manager:info:44 - Cycle #2: Action=NO_TRADE, Confidence=53.6%
2026-08-04 09:15:35 | INFO     | core.logger_manager:info:44 - Analysis cycle #3 started
2026-08-04 09:15:36 | ERROR    | core.logger_manager:error:50 - Historical data error: Couldn't parse the JSON response received from the server: b'Access denied because of exceeding access rate'
2026-08-04 09:15:37 | INFO     | core.logger_manager:info:44 - Cycle #3: Action=NO_TRADE, Confidence=53.6%
2026-08-04 09:15:42 | INFO     | core.logger_manager:info:44 - Analysis cycle #4 started
2026-08-04 09:15:42 | ERROR    | core.logger_manager:error:50 - Historical data error: Couldn't parse the JSON response received from the server: b'Access denied because of exceeding access rate'
2026-08-04 09:15:43 | INFO     | core.logger_manager:info:44 - Cycle #4: Action=NO_TRADE, Confidence=53.6%
2026-08-04 09:15:48 | INFO     | core.logger_manager:info:44 - Analysis cycle #5 started
2026-08-04 09:15:49 | ERROR    | core.logger_manager:error:50 - Historical data error: list indices must be integers or slices, not str
2026-08-04 09:15:49 | INFO     | core.logger_manager:info:44 - Cycle #5: Action=NO_TRADE, Confidence=53.6%
2026-08-04 09:15:54 | INFO     | core.logger_manager:info:44 - Analysis cycle #6 started
2026-08-04 09:15:55 | ERROR    | core.logger_manager:error:50 - Historical data error: Couldn't parse the JSON response received from the server: b'Access denied because of exceeding access rate'
2026-08-04 09:15:56 | INFO     | core.logger_manager:info:44 - Cycle #6: Action=NO_TRADE, Confidence=53.6%
2026-08-04 09:16:01 | INFO     | core.logger_manager:info:44 - Analysis cycle #7 started
2026-08-04 09:16:01 | ERROR    | core.logger_manager:error:50 - Historical data error: list indices must be integers or slices, not str
2026-08-04 09:16:02 | INFO     | core.logger_manager:info:44 - Cycle #7: Action=NO_TRADE, Confidence=53.6%
2026-08-04 09:16:07 | INFO     | core.logger_manager:info:44 - Analysis cycle #8 started
2026-08-04 09:16:08 | ERROR    | core.logger_manager:error:50 - Historical data error: Couldn't parse the JSON response received from the server: b'Access denied because of exceeding access rate'
2026-08-04 09:16:09 | INFO     | core.logger_manager:info:44 - Cycle #8: Action=NO_TRADE, Confidence=53.6%
2026-08-04 09:16:14 | INFO     | core.logger_manager:info:44 - Analysis cycle #9 started
2026-08-04 09:16:14 | ERROR    | core.logger_manager:error:50 - Historical data error: Couldn't parse the JSON response received from the server: b'Access denied because of exceeding access rate'
2026-08-04 09:16:15 | INFO     | core.logger_manager:info:44 - Cycle #9: Action=NO_TRADE, Confidence=53.6%
2026-08-04 09:16:20 | INFO     | core.logger_manager:info:44 - Analysis cycle #10 started
2026-08-04 09:16:21 | ERROR    | core.logger_manager:error:50 - Historical data error: Couldn't parse the JSON response received from the server: b'Access denied because of exceeding access rate'
2026-08-04 09:16:22 | INFO     | core.logger_manager:info:44 - Cycle #10: Action=NO_TRADE, Confidence=53.6%
2026-08-04 09:16:27 | INFO     | core.logger_manager:info:44 - Analysis cycle #11 started
2026-08-04 09:16:28 | ERROR    | core.logger_manager:error:50 - Historical data error: Couldn't parse the JSON response received from the server: b'Access denied because of exceeding access rate'
2026-08-04 09:16:29 | INFO     | core.logger_manager:info:44 - Cycle #11: Action=NO_TRADE, Confidence=53.6%
2026-08-04 09:16:34 | INFO     | core.logger_manager:info:44 - Analysis cycle #12 started
2026-08-04 09:16:34 | ERROR    | core.logger_manager:error:50 - Historical data error: Couldn't parse the JSON response received from the server: b'Access denied because of exceeding access rate'
2026-08-04 09:16:35 | INFO     | core.logger_manager:info:44 - Cycle #12: Action=NO_TRADE, Confidence=53.6%
2026-08-04 09:16:40 | INFO     | core.logger_manager:info:44 - Analysis cycle #13 started
2026-08-04 09:16:41 | ERROR    | core.logger_manager:error:50 - Historical data error: Couldn't parse the JSON response received from the server: b'Access denied because of exceeding access rate'
2026-08-04 09:16:42 | INFO     | core.logger_manager:info:44 - Cycle #13: Action=NO_TRADE, Confidence=53.6%
2026-08-04 09:16:47 | INFO     | core.logger_manager:info:44 - Analysis cycle #14 started
2026-08-04 09:16:48 | ERROR    | core.logger_manager:error:50 - Historical data error: list indices must be integers or slices, not str
2026-08-04 09:16:49 | INFO     | core.logger_manager:info:44 - Cycle #14: Action=NO_TRADE, Confidence=53.6%
2026-08-04 09:16:54 | INFO     | core.logger_manager:info:44 - Analysis cycle #15 started
2026-08-04 09:16:54 | ERROR    | core.logger_manager:error:50 - Historical data error: Couldn't parse the JSON response received from the server: b'Access denied because of exceeding access rate'
2026-08-04 09:16:55 | INFO     | core.logger_manager:info:44 - Cycle #15: Action=NO_TRADE, Confidence=53.6%
2026-08-04 09:17:00 | INFO     | core.logger_manager:info:44 - Analysis cycle #16 started
2026-08-04 09:17:01 | ERROR    | core.logger_manager:error:50 - Historical data error: Couldn't parse the JSON response received from the server: b'Access denied because of exceeding access rate'
2026-08-04 09:17:02 | INFO     | core.logger_manager:info:44 - Cycle #16: Action=NO_TRADE, Confidence=53.6%
2026-08-04 09:17:07 | INFO     | core.logger_manager:info:44 - Analysis cycle #17 started
2026-08-04 09:17:07 | ERROR    | core.logger_manager:error:50 - Historical data error: Couldn't parse the JSON response received from the server: b'Access denied because of exceeding access rate'
2026-08-04 09:17:08 | INFO     | core.logger_manager:info:44 - Cycle #17: Action=NO_TRADE, Confidence=53.6%
2026-08-04 09:17:13 | INFO     | core.logger_manager:info:44 - Analysis cycle #18 started
2026-08-04 09:17:14 | ERROR    | core.logger_manager:error:50 - Historical data error: Couldn't parse the JSON response received from the server: b'Access denied because of exceeding access rate'
2026-08-04 09:17:15 | INFO     | core.logger_manager:info:44 - Cycle #18: Action=NO_TRADE, Confidence=53.6%
2026-08-04 09:17:20 | INFO     | core.logger_manager:info:44 - Analysis cycle #19 started
2026-08-04 09:17:20 | ERROR    | core.logger_manager:error:50 - Historical data error: Couldn't parse the JSON response received from the server: b'Access denied because of exceeding access rate'
2026-08-04 09:17:21 | INFO     | core.logger_manager:info:44 - Cycle #19: Action=NO_TRADE, Confidence=53.6%
2026-08-04 09:17:26 | INFO     | core.logger_manager:info:44 - Analysis cycle #20 started
2026-08-04 09:17:26 | INFO     | core.logger_manager:info:44 - Signal 2 received
2026-08-04 09:17:26 | INFO     | core.logger_manager:info:44 - Starting graceful shutdown...
2026-08-04 09:17:27 | INFO     | core.logger_manager:info:44 - Market data connection closed
2026-08-04 09:17:27 | INFO     | core.logger_manager:info:44 - Market engine closed
2026-08-04 09:17:27 | INFO     | core.logger_manager:info:44 - Option Chain Engine shutdown
2026-08-04 09:17:27 | INFO     | core.logger_manager:info:44 - Option engine closed
2026-08-04 09:17:27 | INFO     | core.logger_manager:info:44 - Database saved and closed
2026-08-04 09:17:28 | INFO     | core.logger_manager:info:44 - Graceful shutdown complete
2026-08-04 09:17:28 | INFO     | core.logger_manager:info:44 - Starting graceful shutdown...
2026-08-04 09:17:28 | INFO     | core.logger_manager:info:44 - Market engine closed
2026-08-04 09:17:28 | INFO     | core.logger_manager:info:44 - Option Chain Engine shutdown
2026-08-04 09:17:28 | INFO     | core.logger_manager:info:44 - Option engine closed
2026-08-04 09:17:28 | INFO     | core.logger_manager:info:44 - Database saved and closed
2026-08-04 09:17:30 | INFO     | core.logger_manager:info:44 - Graceful shutdown complete
2026-08-04 09:19:20 | INFO     | core.logger_manager:info:44 - BLOCKORA_TRADE v1.0 starting...
2026-08-04 09:19:22 | INFO     | core.logger_manager:info:44 - Angel One SmartAPI connected successfully
2026-08-04 09:19:22 | INFO     | core.logger_manager:info:44 - Option Chain Engine initialized
2026-08-04 09:19:23 | INFO     | core.logger_manager:info:44 - Telegram Bot connected
2026-08-04 09:19:23 | INFO     | core.logger_manager:info:44 - System initialization complete
2026-08-04 09:19:23 | INFO     | core.logger_manager:info:44 - BLOCKORA_TRADE started - entering main loop
2026-08-04 09:19:23 | INFO     | core.logger_manager:info:44 - Market OPENED - Starting analysis
2026-08-04 09:19:24 | INFO     | core.logger_manager:info:44 - Analysis cycle #1 started
2026-08-04 09:19:25 | ERROR    | core.logger_manager:error:50 - Historical data error: list indices must be integers or slices, not str
2026-08-04 09:19:26 | INFO     | core.logger_manager:info:44 - Cycle #1: Action=NO_TRADE, Confidence=53.6%
2026-08-04 09:19:29 | INFO     | core.logger_manager:info:44 - Signal 2 received
2026-08-04 09:19:29 | INFO     | core.logger_manager:info:44 - Starting graceful shutdown...
2026-08-04 09:19:29 | INFO     | core.logger_manager:info:44 - Market data connection closed
2026-08-04 09:19:29 | INFO     | core.logger_manager:info:44 - Market engine closed
2026-08-04 09:19:29 | INFO     | core.logger_manager:info:44 - Option Chain Engine shutdown
2026-08-04 09:19:29 | INFO     | core.logger_manager:info:44 - Option engine closed
2026-08-04 09:19:29 | INFO     | core.logger_manager:info:44 - Database saved and closed
2026-08-04 09:19:30 | INFO     | core.logger_manager:info:44 - Graceful shutdown complete
2026-08-04 09:19:30 | INFO     | core.logger_manager:info:44 - Starting graceful shutdown...
2026-08-04 09:19:30 | INFO     | core.logger_manager:info:44 - Market engine closed
2026-08-04 09:19:30 | INFO     | core.logger_manager:info:44 - Option Chain Engine shutdown
2026-08-04 09:19:30 | INFO     | core.logger_manager:info:44 - Option engine closed
2026-08-04 09:19:30 | INFO     | core.logger_manager:info:44 - Database saved and closed
2026-08-04 09:19:31 | INFO     | core.logger_manager:info:44 - Graceful shutdown complete
2026-08-04 09:24:39 | INFO     | core.logger_manager:info:44 - BLOCKORA_TRADE v1.0 starting...
2026-08-04 09:24:41 | INFO     | core.logger_manager:info:44 - Angel One SmartAPI connected successfully
2026-08-04 09:24:41 | INFO     | core.logger_manager:info:44 - Option Chain Engine initialized
2026-08-04 09:24:42 | INFO     | core.logger_manager:info:44 - Telegram Bot connected
2026-08-04 09:24:42 | INFO     | core.logger_manager:info:44 - System initialization complete
2026-08-04 09:24:42 | INFO     | core.logger_manager:info:44 - BLOCKORA_TRADE started - entering main loop
2026-08-04 09:24:42 | INFO     | core.logger_manager:info:44 - Market OPENED - Starting analysis
2026-08-04 09:24:43 | INFO     | core.logger_manager:info:44 - Analysis cycle #1 started
2026-08-04 09:24:44 | INFO     | core.logger_manager:info:44 - Historical data loaded: 72 candles
2026-08-04 09:24:45 | INFO     | core.logger_manager:info:44 - Cycle #1: Action=NO_TRADE, Confidence=65.6%
2026-08-04 09:24:50 | INFO     | core.logger_manager:info:44 - Analysis cycle #2 started
2026-08-04 09:24:52 | INFO     | core.logger_manager:info:44 - Historical data loaded: 72 candles
2026-08-04 09:24:53 | INFO     | core.logger_manager:info:44 - Cycle #2: Action=NO_TRADE, Confidence=65.6%
2026-08-04 09:24:58 | INFO     | core.logger_manager:info:44 - Analysis cycle #3 started
2026-08-04 09:24:59 | ERROR    | core.logger_manager:error:50 - Historical data error: Couldn't parse the JSON response received from the server: b'Access denied because of exceeding access rate'
2026-08-04 09:25:00 | INFO     | core.logger_manager:info:44 - Cycle #3: Action=NO_TRADE, Confidence=53.6%
2026-08-04 09:25:05 | INFO     | core.logger_manager:info:44 - Analysis cycle #4 started
2026-08-04 09:25:06 | INFO     | core.logger_manager:info:44 - Historical data loaded: 73 candles
2026-08-04 09:25:07 | INFO     | core.logger_manager:info:44 - Cycle #4: Action=NO_TRADE, Confidence=68.9%
2026-08-04 09:25:12 | INFO     | core.logger_manager:info:44 - Analysis cycle #5 started
2026-08-04 09:25:12 | ERROR    | core.logger_manager:error:50 - Historical data error: Couldn't parse the JSON response received from the server: b'Access denied because of exceeding access rate'
2026-08-04 09:25:13 | INFO     | core.logger_manager:info:44 - Cycle #5: Action=NO_TRADE, Confidence=53.6%
2026-08-04 09:25:18 | INFO     | core.logger_manager:info:44 - Analysis cycle #6 started
2026-08-04 09:25:20 | INFO     | core.logger_manager:info:44 - Historical data loaded: 73 candles
2026-08-04 09:25:21 | INFO     | core.logger_manager:info:44 - Cycle #6: Action=NO_TRADE, Confidence=65.6%
2026-08-04 09:25:26 | INFO     | core.logger_manager:info:44 - Analysis cycle #7 started
2026-08-04 09:25:27 | INFO     | core.logger_manager:info:44 - Historical data loaded: 73 candles
2026-08-04 09:25:28 | INFO     | core.logger_manager:info:44 - Cycle #7: Action=NO_TRADE, Confidence=65.6%
2026-08-04 09:25:33 | INFO     | core.logger_manager:info:44 - Analysis cycle #8 started
2026-08-04 09:25:34 | ERROR    | core.logger_manager:error:50 - Historical data error: Couldn't parse the JSON response received from the server: b'Access denied because of exceeding access rate'
2026-08-04 09:25:35 | INFO     | core.logger_manager:info:44 - Cycle #8: Action=NO_TRADE, Confidence=53.6%
2026-08-04 09:25:37 | INFO     | core.logger_manager:info:44 - Signal 2 received
2026-08-04 09:25:37 | INFO     | core.logger_manager:info:44 - Starting graceful shutdown...
2026-08-04 09:25:37 | INFO     | core.logger_manager:info:44 - Market data connection closed
2026-08-04 09:25:37 | INFO     | core.logger_manager:info:44 - Market engine closed
2026-08-04 09:25:37 | INFO     | core.logger_manager:info:44 - Option Chain Engine shutdown
2026-08-04 09:25:37 | INFO     | core.logger_manager:info:44 - Option engine closed
2026-08-04 09:25:37 | INFO     | core.logger_manager:info:44 - Database saved and closed
2026-08-04 09:25:38 | INFO     | core.logger_manager:info:44 - Graceful shutdown complete
2026-08-04 09:25:38 | INFO     | core.logger_manager:info:44 - Starting graceful shutdown...
2026-08-04 09:25:38 | INFO     | core.logger_manager:info:44 - Market engine closed
2026-08-04 09:25:38 | INFO     | core.logger_manager:info:44 - Option Chain Engine shutdown
2026-08-04 09:25:38 | INFO     | core.logger_manager:info:44 - Option engine closed
2026-08-04 09:25:38 | INFO     | core.logger_manager:info:44 - Database saved and closed
2026-08-04 09:25:39 | INFO     | core.logger_manager:info:44 - Graceful shutdown complete
2026-08-04 09:38:47 | INFO     | core.logger_manager:info:44 - BLOCKORA_TRADE v1.0 starting...
2026-08-04 09:38:49 | INFO     | core.logger_manager:info:44 - Angel One SmartAPI connected successfully
2026-08-04 09:38:49 | INFO     | core.logger_manager:info:44 - Option Chain Engine initialized
2026-08-04 09:38:49 | INFO     | core.logger_manager:info:44 - Telegram Bot connected
2026-08-04 09:38:49 | INFO     | core.logger_manager:info:44 - System initialization complete
2026-08-04 09:38:49 | INFO     | core.logger_manager:info:44 - BLOCKORA_TRADE started - entering main loop
2026-08-04 09:38:49 | INFO     | core.logger_manager:info:44 - Market OPENED - Starting analysis
2026-08-04 09:38:50 | INFO     | core.logger_manager:info:44 - Analysis cycle #1 started
2026-08-04 09:38:52 | WARNING  | core.logger_manager:warning:47 - Historical data skipped (rate limit): using cache
2026-08-04 09:38:53 | INFO     | core.logger_manager:info:44 - Cycle #1: Action=NO_TRADE, Confidence=53.6%
2026-08-04 09:39:16 | INFO     | core.logger_manager:info:44 - Signal 2 received
2026-08-04 09:39:16 | INFO     | core.logger_manager:info:44 - Starting graceful shutdown...
2026-08-04 09:39:16 | INFO     | core.logger_manager:info:44 - Market data connection closed
2026-08-04 09:39:16 | INFO     | core.logger_manager:info:44 - Market engine closed
2026-08-04 09:39:16 | INFO     | core.logger_manager:info:44 - Option Chain Engine shutdown
2026-08-04 09:39:16 | INFO     | core.logger_manager:info:44 - Option engine closed
2026-08-04 09:39:16 | INFO     | core.logger_manager:info:44 - Database saved and closed
2026-08-04 09:39:17 | INFO     | core.logger_manager:info:44 - Graceful shutdown complete
2026-08-04 09:39:17 | INFO     | core.logger_manager:info:44 - Starting graceful shutdown...
2026-08-04 09:39:17 | INFO     | core.logger_manager:info:44 - Market engine closed
2026-08-04 09:39:17 | INFO     | core.logger_manager:info:44 - Option Chain Engine shutdown
2026-08-04 09:39:17 | INFO     | core.logger_manager:info:44 - Option engine closed
2026-08-04 09:39:17 | INFO     | core.logger_manager:info:44 - Database saved and closed
2026-08-04 09:39:18 | INFO     | core.logger_manager:info:44 - Graceful shutdown complete
2026-08-04 09:44:25 | INFO     | core.logger_manager:info:44 - BLOCKORA_TRADE v1.0 starting...
2026-08-04 09:44:27 | INFO     | core.logger_manager:info:44 - Angel One SmartAPI connected successfully
2026-08-04 09:44:27 | INFO     | core.logger_manager:info:44 - Option Chain Engine initialized
2026-08-04 09:44:28 | INFO     | core.logger_manager:info:44 - Telegram Bot connected
2026-08-04 09:44:28 | INFO     | core.logger_manager:info:44 - System initialization complete
2026-08-04 09:44:28 | INFO     | core.logger_manager:info:44 - BLOCKORA_TRADE started - entering main loop
2026-08-04 09:44:28 | INFO     | core.logger_manager:info:44 - Market OPENED - Starting analysis
2026-08-04 09:44:29 | INFO     | core.logger_manager:info:44 - Analysis cycle #1 started
2026-08-04 09:44:35 | WARNING  | core.logger_manager:warning:47 - Historical data skipped: using cache
2026-08-04 09:44:38 | INFO     | core.logger_manager:info:44 - Cycle #1: Action=NO_TRADE, Confidence=53.6%
2026-08-04 09:45:38 | INFO     | core.logger_manager:info:44 - Analysis cycle #2 started
2026-08-04 09:45:41 | WARNING  | core.logger_manager:warning:47 - Historical data skipped: using cache
2026-08-04 09:45:43 | INFO     | core.logger_manager:info:44 - Cycle #2: Action=NO_TRADE, Confidence=53.6%
2026-08-04 09:45:52 | INFO     | core.logger_manager:info:44 - Signal 2 received
2026-08-04 09:45:52 | INFO     | core.logger_manager:info:44 - Starting graceful shutdown...
2026-08-04 09:45:52 | INFO     | core.logger_manager:info:44 - Market data connection closed
2026-08-04 09:45:52 | INFO     | core.logger_manager:info:44 - Market engine closed
2026-08-04 09:45:52 | INFO     | core.logger_manager:info:44 - Option Chain Engine shutdown
2026-08-04 09:45:52 | INFO     | core.logger_manager:info:44 - Option engine closed
2026-08-04 09:45:52 | INFO     | core.logger_manager:info:44 - Database saved and closed
2026-08-04 09:45:53 | INFO     | core.logger_manager:info:44 - Graceful shutdown complete
2026-08-04 09:45:53 | INFO     | core.logger_manager:info:44 - Starting graceful shutdown...
2026-08-04 09:45:53 | INFO     | core.logger_manager:info:44 - Market engine closed
2026-08-04 09:45:53 | INFO     | core.logger_manager:info:44 - Option Chain Engine shutdown
2026-08-04 09:45:53 | INFO     | core.logger_manager:info:44 - Option engine closed
2026-08-04 09:45:54 | INFO     | core.logger_manager:info:44 - Database saved and closed
2026-08-04 09:45:55 | INFO     | core.logger_manager:info:44 - Graceful shutdown complete
2026-08-04 09:55:21 | INFO     | core.logger_manager:info:44 - BLOCKORA_TRADE v1.0 starting...
2026-08-04 09:55:22 | INFO     | core.logger_manager:info:44 - Angel One SmartAPI connected successfully
2026-08-04 09:55:26 | INFO     | core.logger_manager:info:44 - Historical data loaded: 81 candles
2026-08-04 09:55:26 | INFO     | core.logger_manager:info:44 - Option Chain Engine initialized
2026-08-04 09:55:27 | INFO     | core.logger_manager:info:44 - Telegram Bot connected
2026-08-04 09:55:27 | INFO     | core.logger_manager:info:44 - System initialization complete
2026-08-04 09:55:27 | INFO     | core.logger_manager:info:44 - BLOCKORA_TRADE started - entering main loop
2026-08-04 09:55:27 | INFO     | core.logger_manager:info:44 - Market OPENED - Starting analysis
2026-08-04 09:55:28 | INFO     | core.logger_manager:info:44 - Analysis cycle #1 started
2026-08-04 09:55:31 | INFO     | core.logger_manager:info:44 - Cycle #1: Action=NO_TRADE, Confidence=59.3%
2026-08-04 09:56:31 | INFO     | core.logger_manager:info:44 - Analysis cycle #2 started
2026-08-04 09:56:33 | INFO     | core.logger_manager:info:44 - Cycle #2: Action=NO_TRADE, Confidence=59.3%
2026-08-04 09:57:33 | INFO     | core.logger_manager:info:44 - Analysis cycle #3 started
2026-08-04 09:57:35 | INFO     | core.logger_manager:info:44 - Cycle #3: Action=NO_TRADE, Confidence=59.3%
2026-08-04 09:57:53 | INFO     | core.logger_manager:info:44 - Signal 2 received
2026-08-04 09:57:53 | INFO     | core.logger_manager:info:44 - Starting graceful shutdown...
2026-08-04 09:58:02 | ERROR    | core.logger_manager:error:50 - Shutdown error: HTTPSConnectionPool(host='apiconnect.angelone.in', port=443): Read timed out. (read timeout=7)
2026-08-04 09:58:02 | INFO     | core.logger_manager:info:44 - Market engine closed
2026-08-04 09:58:02 | INFO     | core.logger_manager:info:44 - Option Chain Engine shutdown
2026-08-04 09:58:02 | INFO     | core.logger_manager:info:44 - Option engine closed
2026-08-04 09:58:02 | INFO     | core.logger_manager:info:44 - Database saved and closed
2026-08-04 09:58:07 | INFO     | core.logger_manager:info:44 - Graceful shutdown complete
2026-08-04 09:58:07 | INFO     | core.logger_manager:info:44 - Starting graceful shutdown...
2026-08-04 09:58:08 | INFO     | core.logger_manager:info:44 - Market data connection closed
2026-08-04 09:58:08 | INFO     | core.logger_manager:info:44 - Market engine closed
2026-08-04 09:58:08 | INFO     | core.logger_manager:info:44 - Option Chain Engine shutdown
2026-08-04 09:58:08 | INFO     | core.logger_manager:info:44 - Option engine closed
2026-08-04 09:58:08 | INFO     | core.logger_manager:info:44 - Database saved and closed
2026-08-04 09:58:13 | INFO     | core.logger_manager:info:44 - Graceful shutdown complete
2026-08-04 11:33:15 | INFO     | core.logger_manager:info:44 - BLOCKORA_TRADE v1.0 starting...
2026-08-04 11:33:18 | INFO     | core.logger_manager:info:44 - Angel One SmartAPI connected successfully
2026-08-04 11:33:21 | INFO     | core.logger_manager:info:44 - Historical data loaded: 100 candles
2026-08-04 11:33:21 | INFO     | core.logger_manager:info:44 - Option Chain Engine initialized
2026-08-04 11:33:22 | INFO     | core.logger_manager:info:44 - Telegram Bot connected
2026-08-04 11:33:22 | INFO     | core.logger_manager:info:44 - System initialization complete
2026-08-04 11:33:22 | INFO     | core.logger_manager:info:44 - BLOCKORA_TRADE started - entering main loop
2026-08-04 11:33:22 | INFO     | core.logger_manager:info:44 - Market OPENED - Starting analysis
2026-08-04 11:33:23 | INFO     | core.logger_manager:info:44 - Analysis cycle #1 started
2026-08-04 11:33:26 | INFO     | core.logger_manager:info:44 - Cycle #1: Action=NO_TRADE, Confidence=59.3%
2026-08-04 11:34:26 | INFO     | core.logger_manager:info:44 - Analysis cycle #2 started
2026-08-04 11:34:28 | INFO     | core.logger_manager:info:44 - Cycle #2: Action=NO_TRADE, Confidence=59.3%
2026-08-04 11:35:28 | INFO     | core.logger_manager:info:44 - Analysis cycle #3 started
2026-08-04 11:35:33 | INFO     | core.logger_manager:info:44 - Cycle #3: Action=NO_TRADE, Confidence=59.3%
2026-08-04 11:36:33 | INFO     | core.logger_manager:info:44 - Analysis cycle #4 started
2026-08-04 11:36:46 | ERROR    | core.logger_manager:error:50 - Live data error: HTTPSConnectionPool(host='apiconnect.angelone.in', port=443): Max retries exceeded with url: /rest/secure/angelbroking/order/v1/getLtpData (Caused by ConnectTimeoutError(<HTTPSConnection(host='apiconnect.angelone.in', port=443) at 0x74aa9be350>, 'Connection to apiconnect.angelone.in timed out. (connect timeout=7)'))
2026-08-04 11:36:52 | INFO     | core.logger_manager:info:44 - Signal 2 received
2026-08-04 11:36:52 | INFO     | core.logger_manager:info:44 - Starting graceful shutdown...
2026-08-04 11:37:05 | ERROR    | core.logger_manager:error:50 - Shutdown error: HTTPSConnectionPool(host='apiconnect.angelone.in', port=443): Max retries exceeded with url: /rest/secure/angelbroking/user/v1/logout (Caused by ConnectTimeoutError(<HTTPSConnection(host='apiconnect.angelone.in', port=443) at 0x74aa9bf750>, 'Connection to apiconnect.angelone.in timed out. (connect timeout=7)'))
2026-08-04 11:37:05 | INFO     | core.logger_manager:info:44 - Market engine closed
2026-08-04 11:37:05 | INFO     | core.logger_manager:info:44 - Option Chain Engine shutdown
2026-08-04 11:37:05 | INFO     | core.logger_manager:info:44 - Option engine closed
2026-08-04 11:37:05 | INFO     | core.logger_manager:info:44 - Database saved and closed
2026-08-04 11:37:06 | INFO     | core.logger_manager:info:44 - Graceful shutdown complete
2026-08-04 11:37:06 | INFO     | core.logger_manager:info:44 - Starting graceful shutdown...
2026-08-04 11:37:13 | INFO     | core.logger_manager:info:44 - Market data connection closed
2026-08-04 11:37:13 | INFO     | core.logger_manager:info:44 - Market engine closed
2026-08-04 11:37:13 | INFO     | core.logger_manager:info:44 - Option Chain Engine shutdown
2026-08-04 11:37:13 | INFO     | core.logger_manager:info:44 - Option engine closed
2026-08-04 11:37:13 | INFO     | core.logger_manager:info:44 - Database saved and closed
2026-08-04 11:37:14 | INFO     | core.logger_manager:info:44 - Graceful shutdown complete
2026-08-04 11:42:13 | INFO     | core.logger_manager:info:44 - BLOCKORA_TRADE v1.0 starting...
2026-08-04 11:42:22 | INFO     | core.logger_manager:info:44 - Angel One SmartAPI connected successfully
2026-08-04 11:42:32 | WARNING  | core.logger_manager:warning:47 - Historical attempt 1 failed
2026-08-04 11:42:50 | WARNING  | core.logger_manager:warning:47 - Historical attempt 2 failed
2026-08-04 11:43:02 | WARNING  | core.logger_manager:warning:47 - Historical attempt 3 failed
2026-08-04 11:43:02 | INFO     | core.logger_manager:info:44 - Option Chain Engine initialized
2026-08-04 11:43:03 | INFO     | core.logger_manager:info:44 - Telegram Bot connected
2026-08-04 11:43:04 | INFO     | core.logger_manager:info:44 - System initialization complete
2026-08-04 11:43:04 | INFO     | core.logger_manager:info:44 - BLOCKORA_TRADE started - entering main loop
2026-08-04 11:43:04 | INFO     | core.logger_manager:info:44 - Market OPENED - Starting analysis
2026-08-04 11:43:05 | INFO     | core.logger_manager:info:44 - Analysis cycle #1 started
2026-08-04 11:43:30 | INFO     | core.logger_manager:info:44 - Cycle #1: Action=NO_TRADE, Confidence=51.8%
2026-08-04 11:44:30 | INFO     | core.logger_manager:info:44 - Analysis cycle #2 started
2026-08-04 11:44:36 | INFO     | core.logger_manager:info:44 - Cycle #2: Action=NO_TRADE, Confidence=70.5%
2026-08-04 11:45:36 | INFO     | core.logger_manager:info:44 - Analysis cycle #3 started
2026-08-04 11:45:49 | WARNING  | core.logger_manager:warning:47 - Live data timeout/error - using cached data
2026-08-04 11:46:05 | ERROR    | core.logger_manager:error:50 - Telegram send error: HTTPSConnectionPool(host='api.telegram.org', port=443): Max retries exceeded with url: /bot8974188460:AAEEhBCX0FmjFVSftP5ZGqI96y-Z0hM4K4E/sendMessage (Caused by ConnectTimeoutError(<HTTPSConnection(host='api.telegram.org', port=443) at 0x724140f890>, 'Connection to api.telegram.org timed out. (connect timeout=10)'))
2026-08-04 11:46:05 | INFO     | core.logger_manager:info:44 - Cycle #3: Action=NO_TRADE, Confidence=70.5%
2026-08-04 11:47:05 | INFO     | core.logger_manager:info:44 - Analysis cycle #4 started
2026-08-04 11:47:11 | INFO     | core.logger_manager:info:44 - Cycle #4: Action=NO_TRADE, Confidence=70.5%
2026-08-04 11:48:11 | INFO     | core.logger_manager:info:44 - Analysis cycle #5 started
2026-08-04 11:48:12 | INFO     | core.logger_manager:info:44 - Cycle #5: Action=NO_TRADE, Confidence=69.0%
2026-08-04 11:48:34 | INFO     | core.logger_manager:info:44 - Signal 2 received
2026-08-04 11:48:34 | INFO     | core.logger_manager:info:44 - Starting graceful shutdown...
2026-08-04 11:48:35 | INFO     | core.logger_manager:info:44 - Market data connection closed
2026-08-04 11:48:35 | INFO     | core.logger_manager:info:44 - Market engine closed
2026-08-04 11:48:35 | INFO     | core.logger_manager:info:44 - Option Chain Engine shutdown
2026-08-04 11:48:35 | INFO     | core.logger_manager:info:44 - Option engine closed
2026-08-04 11:48:35 | INFO     | core.logger_manager:info:44 - Database saved and closed
2026-08-04 11:48:36 | INFO     | core.logger_manager:info:44 - Graceful shutdown complete
2026-08-04 11:48:36 | INFO     | core.logger_manager:info:44 - Starting graceful shutdown...
2026-08-04 11:48:36 | INFO     | core.logger_manager:info:44 - Market engine closed
2026-08-04 11:48:36 | INFO     | core.logger_manager:info:44 - Option Chain Engine shutdown
2026-08-04 11:48:36 | INFO     | core.logger_manager:info:44 - Option engine closed
2026-08-04 11:48:36 | INFO     | core.logger_manager:info:44 - Database saved and closed
2026-08-04 11:48:37 | INFO     | core.logger_manager:info:44 - Graceful shutdown complete
2026-08-04 11:53:29 | INFO     | core.logger_manager:info:44 - BLOCKORA_TRADE v1.0 starting...
2026-08-04 11:53:31 | INFO     | core.logger_manager:info:44 - Angel One SmartAPI connected successfully
2026-08-04 11:53:37 | INFO     | core.logger_manager:info:44 - Historical data loaded: 104 candles
2026-08-04 11:53:37 | INFO     | core.logger_manager:info:44 - Option Chain Engine initialized
2026-08-04 11:53:38 | INFO     | core.logger_manager:info:44 - Telegram Bot connected
2026-08-04 11:53:38 | INFO     | core.logger_manager:info:44 - System initialization complete
2026-08-04 11:53:38 | INFO     | core.logger_manager:info:44 - BLOCKORA_TRADE started - entering main loop
2026-08-04 11:53:38 | INFO     | core.logger_manager:info:44 - Market OPENED - Starting analysis
2026-08-04 11:53:40 | INFO     | core.logger_manager:info:44 - Analysis cycle #1 started
2026-08-04 11:53:42 | INFO     | core.logger_manager:info:44 - Cycle #1: Action=NO_TRADE, Confidence=69.0%
2026-08-04 11:54:42 | INFO     | core.logger_manager:info:44 - Analysis cycle #2 started
2026-08-04 11:54:44 | INFO     | core.logger_manager:info:44 - Cycle #2: Action=NO_TRADE, Confidence=69.0%
2026-08-04 11:55:44 | INFO     | core.logger_manager:info:44 - Analysis cycle #3 started
2026-08-04 11:55:49 | INFO     | core.logger_manager:info:44 - Cycle #3: Action=NO_TRADE, Confidence=69.0%
2026-08-04 11:56:00 | INFO     | core.logger_manager:info:44 - Signal 2 received
2026-08-04 11:56:00 | INFO     | core.logger_manager:info:44 - Starting graceful shutdown...
2026-08-04 11:56:00 | INFO     | core.logger_manager:info:44 - Market data connection closed
2026-08-04 11:56:00 | INFO     | core.logger_manager:info:44 - Market engine closed
2026-08-04 11:56:00 | INFO     | core.logger_manager:info:44 - Option Chain Engine shutdown
2026-08-04 11:56:00 | INFO     | core.logger_manager:info:44 - Option engine closed
2026-08-04 11:56:00 | INFO     | core.logger_manager:info:44 - Database saved and closed
2026-08-04 11:56:01 | INFO     | core.logger_manager:info:44 - Graceful shutdown complete
2026-08-04 11:56:01 | INFO     | core.logger_manager:info:44 - Starting graceful shutdown...
2026-08-04 11:56:01 | INFO     | core.logger_manager:info:44 - Market engine closed
2026-08-04 11:56:01 | INFO     | core.logger_manager:info:44 - Option Chain Engine shutdown
2026-08-04 11:56:01 | INFO     | core.logger_manager:info:44 - Option engine closed
2026-08-04 11:56:01 | INFO     | core.logger_manager:info:44 - Database saved and closed
2026-08-04 11:56:02 | INFO     | core.logger_manager:info:44 - Graceful shutdown complete
2026-08-04 12:10:13 | INFO     | core.logger_manager:info:44 - BLOCKORA_TRADE v1.0 starting...
2026-08-04 12:10:14 | INFO     | core.logger_manager:info:44 - Angel One SmartAPI connected successfully
2026-08-04 12:10:20 | INFO     | core.logger_manager:info:44 - Historical data loaded: 108 candles
2026-08-04 12:10:20 | INFO     | core.logger_manager:info:44 - Option Chain Engine initialized
2026-08-04 12:10:21 | INFO     | core.logger_manager:info:44 - Telegram Bot connected
2026-08-04 12:10:21 | INFO     | core.logger_manager:info:44 - System initialization complete
2026-08-04 12:10:21 | INFO     | core.logger_manager:info:44 - BLOCKORA_TRADE started - entering main loop
2026-08-04 12:10:21 | INFO     | core.logger_manager:info:44 - Market OPENED - Starting analysis
2026-08-04 12:10:24 | INFO     | core.logger_manager:info:44 - Cycle #1: NO_TRADE | Conf: 69.0%
2026-08-04 12:11:25 | INFO     | core.logger_manager:info:44 - Cycle #2: NO_TRADE | Conf: 69.0%
2026-08-04 12:12:25 | INFO     | core.logger_manager:info:44 - Cycle #3: NO_TRADE | Conf: 69.0%
2026-08-04 12:13:26 | INFO     | core.logger_manager:info:44 - Cycle #4: NO_TRADE | Conf: 69.0%
2026-08-04 12:13:32 | INFO     | core.logger_manager:info:44 - Starting graceful shutdown...
2026-08-04 12:13:32 | INFO     | core.logger_manager:info:44 - Market data connection closed
2026-08-04 12:13:32 | INFO     | core.logger_manager:info:44 - Market engine closed
2026-08-04 12:13:32 | INFO     | core.logger_manager:info:44 - Option Chain Engine shutdown
2026-08-04 12:13:32 | INFO     | core.logger_manager:info:44 - Option engine closed
2026-08-04 12:13:32 | INFO     | core.logger_manager:info:44 - Database saved and closed
2026-08-04 12:13:33 | INFO     | core.logger_manager:info:44 - Graceful shutdown complete
2026-08-04 12:18:53 | INFO     | core.logger_manager:info:44 - BLOCKORA_TRADE v1.0 starting...
2026-08-04 12:18:55 | INFO     | core.logger_manager:info:44 - Angel One SmartAPI connected successfully
2026-08-04 12:19:01 | INFO     | core.logger_manager:info:44 - Historical data loaded: 109 candles
2026-08-04 12:19:01 | INFO     | core.logger_manager:info:44 - Option Chain Engine initialized
2026-08-04 12:19:02 | INFO     | core.logger_manager:info:44 - Telegram Bot connected
2026-08-04 12:19:02 | INFO     | core.logger_manager:info:44 - System initialization complete
2026-08-04 12:19:02 | INFO     | core.logger_manager:info:44 - BLOCKORA_TRADE started - entering main loop
2026-08-04 12:19:02 | INFO     | core.logger_manager:info:44 - Market OPENED - Starting analysis
2026-08-04 12:22:19 | WARNING  | core.logger_manager:warning:47 - Live data timeout/error - using cached data
2026-08-04 12:23:02 | INFO     | core.logger_manager:info:44 - Starting graceful shutdown...
2026-08-04 12:23:03 | INFO     | core.logger_manager:info:44 - Market data connection closed
2026-08-04 12:23:03 | INFO     | core.logger_manager:info:44 - Market engine closed
2026-08-04 12:23:03 | INFO     | core.logger_manager:info:44 - Option Chain Engine shutdown
2026-08-04 12:23:03 | INFO     | core.logger_manager:info:44 - Option engine closed
2026-08-04 12:23:03 | INFO     | core.logger_manager:info:44 - Database saved and closed
2026-08-04 12:23:04 | INFO     | core.logger_manager:info:44 - Graceful shutdown complete
2026-08-04 12:32:07 | INFO     | core.logger_manager:info:44 - BLOCKORA_TRADE v1.0 starting...
2026-08-04 12:32:09 | INFO     | core.logger_manager:info:44 - Angel One SmartAPI connected successfully
2026-08-04 12:32:15 | INFO     | core.logger_manager:info:44 - Historical data loaded: 112 candles
2026-08-04 12:32:15 | INFO     | core.logger_manager:info:44 - Option Chain Engine initialized
2026-08-04 12:32:31 | ERROR    | core.logger_manager:error:50 - Telegram init error: HTTPSConnectionPool(host='api.telegram.org', port=443): Max retries exceeded with url: /bot8974188460:AAEEhBCX0FmjFVSftP5ZGqI96y-Z0hM4K4E/getMe (Caused by ConnectTimeoutError(<HTTPSConnection(host='api.telegram.org', port=443) at 0x713a0e0910>, 'Connection to api.telegram.org timed out. (connect timeout=10)'))
2026-08-04 12:32:31 | INFO     | core.logger_manager:info:44 - System initialization complete
2026-08-04 12:32:31 | INFO     | core.logger_manager:info:44 - BLOCKORA_TRADE started - entering main loop
2026-08-04 12:32:31 | INFO     | core.logger_manager:info:44 - Market OPENED - Starting analysis
2026-08-04 12:32:47 | ERROR    | core.logger_manager:error:50 - Telegram send error: HTTPSConnectionPool(host='api.telegram.org', port=443): Max retries exceeded with url: /bot8974188460:AAEEhBCX0FmjFVSftP5ZGqI96y-Z0hM4K4E/sendMessage (Caused by ConnectTimeoutError(<HTTPSConnection(host='api.telegram.org', port=443) at 0x713a0e2350>, 'Connection to api.telegram.org timed out. (connect timeout=10)'))
2026-08-04 12:33:00 | WARNING  | core.logger_manager:warning:47 - Live data timeout/error - using cached data
2026-08-04 12:34:02 | INFO     | core.logger_manager:info:44 - 🚀 SIGNAL SENT: BUY NIFTY 24500 PE | Conf: 80.0%
2026-08-04 12:35:08 | INFO     | core.logger_manager:info:44 - 🚀 SIGNAL SENT: BUY NIFTY 24500 PE | Conf: 81.5%
2026-08-04 12:36:24 | ERROR    | core.logger_manager:error:50 - Telegram send error: HTTPSConnectionPool(host='api.telegram.org', port=443): Max retries exceeded with url: /bot8974188460:AAEEhBCX0FmjFVSftP5ZGqI96y-Z0hM4K4E/sendMessage (Caused by ConnectTimeoutError(<HTTPSConnection(host='api.telegram.org', port=443) at 0x713a0e3750>, 'Connection to api.telegram.org timed out. (connect timeout=10)'))
2026-08-04 12:36:24 | INFO     | core.logger_manager:info:44 - 🚀 SIGNAL SENT: BUY NIFTY 24500 PE | Conf: 80.0%
2026-08-04 12:37:25 | INFO     | core.logger_manager:info:44 - 🚀 SIGNAL SENT: BUY NIFTY 24500 PE | Conf: 80.0%
2026-08-04 12:38:17 | INFO     | core.logger_manager:info:44 - Starting graceful shutdown...
2026-08-04 12:38:17 | INFO     | core.logger_manager:info:44 - Market data connection closed
2026-08-04 12:38:17 | INFO     | core.logger_manager:info:44 - Market engine closed
2026-08-04 12:38:17 | INFO     | core.logger_manager:info:44 - Option Chain Engine shutdown
2026-08-04 12:38:17 | INFO     | core.logger_manager:info:44 - Option engine closed
2026-08-04 12:38:17 | INFO     | core.logger_manager:info:44 - Database saved and closed
2026-08-04 12:38:18 | INFO     | core.logger_manager:info:44 - Graceful shutdown complete
2026-08-04 13:19:44 | INFO     | core.logger_manager:info:44 - BLOCKORA_TRADE v1.0 starting...
2026-08-04 13:19:49 | INFO     | core.logger_manager:info:44 - Angel One SmartAPI connected successfully
2026-08-04 13:19:56 | WARNING  | core.logger_manager:warning:47 - Historical attempt 1 failed
2026-08-04 13:20:01 | WARNING  | core.logger_manager:warning:47 - Historical attempt 2 failed
2026-08-04 13:20:07 | INFO     | core.logger_manager:info:44 - Historical data loaded: 122 candles
2026-08-04 13:20:07 | INFO     | core.logger_manager:info:44 - Option Chain Engine initialized (NSE LIVE)
2026-08-04 13:20:08 | INFO     | core.logger_manager:info:44 - Telegram Bot connected
2026-08-04 13:20:08 | INFO     | core.logger_manager:info:44 - System initialization complete
2026-08-04 13:20:08 | INFO     | core.logger_manager:info:44 - BLOCKORA_TRADE started - entering main loop
2026-08-04 13:20:08 | INFO     | core.logger_manager:info:44 - Market OPENED - Starting analysis
2026-08-04 13:20:08 | WARNING  | core.logger_manager:warning:47 - Telegram unreachable (ISP block?) - VPN/DNS use karein. Auto-resume hoga.
2026-08-04 13:21:26 | WARNING  | core.logger_manager:warning:47 - Live data timeout/error - using cached data
2026-08-04 13:21:35 | WARNING  | core.logger_manager:warning:47 - NSE fetch failed: HTTPSConnectionPool(host='www.nseindia.com', port=443): Max 
2026-08-04 13:22:45 | WARNING  | core.logger_manager:warning:47 - Live data timeout/error - using cached data
2026-08-04 13:22:52 | INFO     | core.logger_manager:info:44 - Starting graceful shutdown...
2026-08-04 13:22:53 | INFO     | core.logger_manager:info:44 - Market data connection closed
2026-08-04 13:22:53 | INFO     | core.logger_manager:info:44 - Market engine closed
2026-08-04 13:22:53 | INFO     | core.logger_manager:info:44 - Option Chain Engine shutdown
2026-08-04 13:22:53 | INFO     | core.logger_manager:info:44 - Option engine closed
2026-08-04 13:22:53 | INFO     | core.logger_manager:info:44 - Database saved and closed
2026-08-04 13:22:53 | INFO     | core.logger_manager:info:44 - Graceful shutdown complete
2026-08-04 13:22:58 | INFO     | core.logger_manager:info:44 - BLOCKORA_TRADE v1.0 starting...
2026-08-04 13:23:02 | INFO     | core.logger_manager:info:44 - Angel One SmartAPI connected successfully
2026-08-04 13:23:08 | INFO     | core.logger_manager:info:44 - Historical data loaded: 122 candles
2026-08-04 13:23:09 | INFO     | core.logger_manager:info:44 - Option Chain Engine initialized (NSE LIVE)
2026-08-04 13:23:10 | INFO     | core.logger_manager:info:44 - Telegram Bot connected
2026-08-04 13:23:10 | INFO     | core.logger_manager:info:44 - System initialization complete
2026-08-04 13:23:10 | INFO     | core.logger_manager:info:44 - BLOCKORA_TRADE started - entering main loop
2026-08-04 13:23:10 | INFO     | core.logger_manager:info:44 - Market OPENED - Starting analysis
2026-08-04 13:23:10 | WARNING  | core.logger_manager:warning:47 - Telegram unreachable (ISP block?) - VPN/DNS use karein. Auto-resume hoga.
2026-08-04 13:23:25 | INFO     | core.logger_manager:info:44 - Starting graceful shutdown...
2026-08-04 13:23:26 | INFO     | core.logger_manager:info:44 - Market data connection closed
2026-08-04 13:23:26 | INFO     | core.logger_manager:info:44 - Market engine closed
2026-08-04 13:23:26 | INFO     | core.logger_manager:info:44 - Option Chain Engine shutdown
2026-08-04 13:23:26 | INFO     | core.logger_manager:info:44 - Option engine closed
2026-08-04 13:23:26 | INFO     | core.logger_manager:info:44 - Database saved and closed
2026-08-04 13:23:26 | INFO     | core.logger_manager:info:44 - Graceful shutdown complete
2026-08-04 13:31:32 | INFO     | core.logger_manager:info:44 - BLOCKORA_TRADE v1.0 starting...
2026-08-04 13:31:34 | INFO     | core.logger_manager:info:44 - Angel One SmartAPI connected successfully
2026-08-04 13:31:40 | WARNING  | core.logger_manager:warning:47 - Historical attempt 1 failed
2026-08-04 13:31:46 | INFO     | core.logger_manager:info:44 - Historical data loaded: 124 candles
2026-08-04 13:31:46 | INFO     | core.logger_manager:info:44 - Option Chain Engine initialized (NSE LIVE)
2026-08-04 13:31:47 | INFO     | core.logger_manager:info:44 - Telegram Bot connected
2026-08-04 13:31:47 | INFO     | core.logger_manager:info:44 - System initialization complete
2026-08-04 13:31:47 | INFO     | core.logger_manager:info:44 - BLOCKORA_TRADE started - entering main loop
2026-08-04 13:31:47 | INFO     | core.logger_manager:info:44 - Market OPENED - Starting analysis
2026-08-04 13:31:47 | WARNING  | core.logger_manager:warning:47 - Telegram unreachable (ISP block?) - VPN/DNS use karein. Auto-resume hoga.
2026-08-04 13:33:02 | INFO     | core.logger_manager:info:44 - Starting graceful shutdown...
2026-08-04 13:33:03 | INFO     | core.logger_manager:info:44 - Market data connection closed
2026-08-04 13:33:03 | INFO     | core.logger_manager:info:44 - Market engine closed
2026-08-04 13:33:03 | INFO     | core.logger_manager:info:44 - Option engine closed
2026-08-04 13:33:03 | INFO     | core.logger_manager:info:44 - Database saved and closed
2026-08-04 13:33:03 | INFO     | core.logger_manager:info:44 - Graceful shutdown complete
2026-08-04 13:33:06 | INFO     | core.logger_manager:info:44 - BLOCKORA_TRADE v1.0 starting...
2026-08-04 13:33:07 | INFO     | core.logger_manager:info:44 - Angel One SmartAPI connected successfully
2026-08-04 13:33:15 | INFO     | core.logger_manager:info:44 - Historical data loaded: 124 candles
2026-08-04 13:33:16 | INFO     | core.logger_manager:info:44 - Option Chain Engine initialized (NSE LIVE)
2026-08-04 13:33:18 | INFO     | core.logger_manager:info:44 - Telegram Bot connected
2026-08-04 13:33:18 | INFO     | core.logger_manager:info:44 - System initialization complete
2026-08-04 13:33:18 | INFO     | core.logger_manager:info:44 - BLOCKORA_TRADE started - entering main loop
2026-08-04 13:33:18 | INFO     | core.logger_manager:info:44 - Market OPENED - Starting analysis
2026-08-04 13:33:18 | WARNING  | core.logger_manager:warning:47 - Telegram unreachable (ISP block?) - VPN/DNS use karein. Auto-resume hoga.
2026-08-04 13:34:32 | INFO     | core.logger_manager:info:44 - Starting graceful shutdown...
2026-08-04 13:34:33 | INFO     | core.logger_manager:info:44 - Market data connection closed
2026-08-04 13:34:33 | INFO     | core.logger_manager:info:44 - Market engine closed
2026-08-04 13:34:33 | INFO     | core.logger_manager:info:44 - Option engine closed
2026-08-04 13:34:33 | INFO     | core.logger_manager:info:44 - Database saved and closed
2026-08-04 13:34:33 | INFO     | core.logger_manager:info:44 - Graceful shutdown complete
2026-08-04 13:35:29 | INFO     | core.logger_manager:info:44 - BLOCKORA_TRADE v1.0 starting...
2026-08-04 13:35:53 | ERROR    | core.logger_manager:error:50 - Market data init error: HTTPSConnectionPool(host='apiconnect.angelone.in', port=443): Max retries exceeded with url: /rest/auth/angelbroking/user/v1/loginByPassword (Caused by NameResolutionError("HTTPSConnection(host='apiconnect.angelone.in', port=443): Failed to resolve 'apiconnect.angelone.in' ([Errno 7] No address associated with hostname)"))
2026-08-04 13:35:53 | ERROR    | core.logger_manager:error:50 - Initialization failed: HTTPSConnectionPool(host='apiconnect.angelone.in', port=443): Max retries exceeded with url: /rest/auth/angelbroking/user/v1/loginByPassword (Caused by NameResolutionError("HTTPSConnection(host='apiconnect.angelone.in', port=443): Failed to resolve 'apiconnect.angelone.in' ([Errno 7] No address associated with hostname)"))
2026-08-04 14:01:38 | INFO     | core.logger_manager:info:44 - BLOCKORA_TRADE v1.0 starting...
2026-08-04 14:01:40 | INFO     | core.logger_manager:info:44 - Angel One SmartAPI connected successfully
2026-08-04 14:01:46 | INFO     | core.logger_manager:info:44 - Historical data loaded: 130 candles
2026-08-04 14:01:47 | INFO     | core.logger_manager:info:44 - Option Chain Engine initialized (NSE LIVE)
2026-08-04 14:01:47 | INFO     | core.logger_manager:info:44 - Telegram Bot connected
2026-08-04 14:01:47 | INFO     | core.logger_manager:info:44 - System initialization complete
2026-08-04 14:01:47 | INFO     | core.logger_manager:info:44 - BLOCKORA_TRADE started - entering main loop
2026-08-04 14:01:47 | INFO     | core.logger_manager:info:44 - Market OPENED - Starting analysis
2026-08-04 14:01:47 | WARNING  | core.logger_manager:warning:47 - Telegram unreachable (ISP block?) - VPN/DNS use karein. Auto-resume hoga.
2026-08-04 14:05:32 | INFO     | core.logger_manager:info:44 - Starting graceful shutdown...
2026-08-04 14:05:33 | INFO     | core.logger_manager:info:44 - Market data connection closed
2026-08-04 14:05:33 | INFO     | core.logger_manager:info:44 - Market engine closed
2026-08-04 14:05:33 | INFO     | core.logger_manager:info:44 - Option engine closed
2026-08-04 14:05:33 | INFO     | core.logger_manager:info:44 - Database saved and closed
2026-08-04 14:05:33 | INFO     | core.logger_manager:info:44 - Graceful shutdown complete
2026-08-04 14:21:15 | INFO     | core.logger_manager:info:44 - BLOCKORA_TRADE v1.0 starting...
2026-08-04 14:21:17 | INFO     | core.logger_manager:info:44 - Angel One SmartAPI connected successfully
2026-08-04 14:21:35 | INFO     | core.logger_manager:info:44 - Historical data loaded: 134 candles
2026-08-04 14:21:36 | INFO     | core.logger_manager:info:44 - Option Chain Engine initialized (NSE LIVE)
2026-08-04 14:21:36 | INFO     | core.logger_manager:info:44 - Telegram Bot connected
2026-08-04 14:21:37 | INFO     | core.logger_manager:info:44 - System initialization complete
2026-08-04 14:21:37 | INFO     | core.logger_manager:info:44 - BLOCKORA_TRADE started - entering main loop
2026-08-04 14:21:37 | INFO     | core.logger_manager:info:44 - Market OPENED - Starting analysis
2026-08-04 14:49:52 | INFO     | core.logger_manager:info:44 - Starting graceful shutdown...
2026-08-04 14:49:52 | INFO     | core.logger_manager:info:44 - Market data connection closed
2026-08-04 14:49:52 | INFO     | core.logger_manager:info:44 - Market engine closed
2026-08-04 14:49:52 | INFO     | core.logger_manager:info:44 - Option engine closed
2026-08-04 14:49:52 | INFO     | core.logger_manager:info:44 - Database saved and closed
2026-08-04 14:49:53 | INFO     | core.logger_manager:info:44 - Graceful shutdown complete
2026-08-04 16:36:51 | INFO     | core.logger_manager:info:44 - BLOCKORA_TRADE v1.0 starting...
2026-08-04 16:36:53 | INFO     | core.logger_manager:info:44 - Angel One SmartAPI connected successfully
2026-08-04 16:37:00 | INFO     | core.logger_manager:info:44 - Historical data loaded: 146 candles
2026-08-04 16:37:00 | INFO     | core.logger_manager:info:44 - Option Chain Engine initialized (NSE LIVE)
2026-08-04 16:37:01 | INFO     | core.logger_manager:info:44 - Telegram Bot connected
2026-08-04 16:37:01 | INFO     | core.logger_manager:info:44 - System initialization complete
2026-08-04 16:37:01 | INFO     | core.logger_manager:info:44 - BLOCKORA_TRADE started - entering main loop
2026-08-04 16:46:29 | INFO     | core.logger_manager:info:44 - Starting graceful shutdown...
2026-08-04 16:46:31 | INFO     | core.logger_manager:info:44 - Market data connection closed
2026-08-04 16:46:31 | INFO     | core.logger_manager:info:44 - Market engine closed
2026-08-04 16:46:31 | INFO     | core.logger_manager:info:44 - Option engine closed
2026-08-04 16:46:31 | INFO     | core.logger_manager:info:44 - Database saved and closed
2026-08-04 16:46:34 | WARNING  | core.logger_manager:warning:47 - Telegram timeout/blocked. Skipping to protect analysis loop.
2026-08-04 16:46:34 | INFO     | core.logger_manager:info:44 - Graceful shutdown complete
2026-08-04 16:48:03 | INFO     | core.logger_manager:info:44 - BLOCKORA_TRADE v1.0 starting...
2026-08-04 16:48:04 | INFO     | core.logger_manager:info:44 - Angel One SmartAPI connected successfully
2026-08-04 16:48:11 | INFO     | core.logger_manager:info:44 - Historical data loaded: 146 candles
2026-08-04 16:48:11 | INFO     | core.logger_manager:info:44 - Option Chain Engine initialized (NSE LIVE)
2026-08-04 16:48:12 | INFO     | core.logger_manager:info:44 - Telegram Bot connected
2026-08-04 16:48:12 | INFO     | core.logger_manager:info:44 - System initialization complete
2026-08-04 16:48:12 | INFO     | core.logger_manager:info:44 - BLOCKORA_TRADE started - entering main loop
2026-08-04 16:50:23 | INFO     | core.logger_manager:info:44 - Starting graceful shutdown...
2026-08-04 16:50:25 | INFO     | core.logger_manager:info:44 - Market data connection closed
2026-08-04 16:50:25 | INFO     | core.logger_manager:info:44 - Market engine closed
2026-08-04 16:50:25 | INFO     | core.logger_manager:info:44 - Option engine closed
2026-08-04 16:50:25 | INFO     | core.logger_manager:info:44 - Database saved and closed
2026-08-04 16:50:30 | INFO     | core.logger_manager:info:44 - Graceful shutdown complete
2026-08-05 10:23:22 | INFO     | core.logger_manager:info:44 - BLOCKORA_TRADE v1.0 starting...
2026-08-05 10:24:09 | INFO     | core.logger_manager:info:44 - Angel One SmartAPI connected successfully
2026-08-05 10:24:16 | INFO     | core.logger_manager:info:44 - Historical data loaded: 144 candles
2026-08-05 10:24:16 | INFO     | core.logger_manager:info:44 - Option Chain Engine initialized (NSE LIVE)
2026-08-05 10:24:17 | INFO     | core.logger_manager:info:44 - Telegram Bot connected
2026-08-05 10:24:17 | INFO     | core.logger_manager:info:44 - System initialization complete
2026-08-05 10:24:17 | INFO     | core.logger_manager:info:44 - BLOCKORA_TRADE started - entering main loop
2026-08-05 10:24:17 | INFO     | core.logger_manager:info:44 - Market OPENED - Starting analysis
2026-08-05 10:33:58 | INFO     | core.logger_manager:info:44 - Starting graceful shutdown...
2026-08-05 10:33:59 | INFO     | core.logger_manager:info:44 - Market data connection closed
2026-08-05 10:33:59 | INFO     | core.logger_manager:info:44 - Market engine closed
2026-08-05 10:33:59 | INFO     | core.logger_manager:info:44 - Option engine closed
2026-08-05 10:33:59 | INFO     | core.logger_manager:info:44 - Database saved and closed
2026-08-05 10:34:00 | INFO     | core.logger_manager:info:44 - Graceful shutdown complete
2026-08-05 10:35:05 | INFO     | core.logger_manager:info:44 - BLOCKORA_TRADE v1.0 starting...
2026-08-05 10:35:07 | INFO     | core.logger_manager:info:44 - Angel One SmartAPI connected successfully
2026-08-05 10:35:17 | INFO     | core.logger_manager:info:44 - Historical data loaded: 145 candles
2026-08-05 10:35:17 | INFO     | core.logger_manager:info:44 - Option Chain Engine initialized (NSE LIVE)
2026-08-05 10:35:18 | INFO     | core.logger_manager:info:44 - Telegram Bot connected
2026-08-05 10:35:18 | INFO     | core.logger_manager:info:44 - System initialization complete
2026-08-05 10:35:18 | INFO     | core.logger_manager:info:44 - BLOCKORA_TRADE started - entering main loop
2026-08-05 10:35:18 | INFO     | core.logger_manager:info:44 - Market OPENED - Starting analysis
2026-08-05 10:42:58 | INFO     | core.logger_manager:info:44 - Starting graceful shutdown...
2026-08-05 10:42:58 | INFO     | core.logger_manager:info:44 - Market data connection closed
2026-08-05 10:42:58 | INFO     | core.logger_manager:info:44 - Market engine closed
2026-08-05 10:42:58 | INFO     | core.logger_manager:info:44 - Option engine closed
2026-08-05 10:42:58 | INFO     | core.logger_manager:info:44 - Database saved and closed
2026-08-05 10:43:00 | INFO     | core.logger_manager:info:44 - Graceful shutdown complete
2026-08-05 10:56:57 | INFO     | core.logger_manager:info:44 - BLOCKORA_TRADE v1.0 starting...
2026-08-05 10:56:58 | INFO     | core.logger_manager:info:44 - Angel One SmartAPI connected successfully
2026-08-05 10:57:05 | WARNING  | core.logger_manager:warning:47 - Historical attempt 1 failed
2026-08-05 10:57:10 | WARNING  | core.logger_manager:warning:47 - Historical attempt 2 failed
2026-08-05 10:57:16 | INFO     | core.logger_manager:info:44 - Historical data loaded: 144 candles
2026-08-05 10:57:16 | INFO     | core.logger_manager:info:44 - Option Chain Engine initialized (NSE LIVE)
2026-08-05 10:57:17 | INFO     | core.logger_manager:info:44 - Telegram Bot connected
2026-08-05 10:57:17 | INFO     | core.logger_manager:info:44 - System initialization complete
2026-08-05 10:57:17 | INFO     | core.logger_manager:info:44 - BLOCKORA_TRADE started - entering main loop
2026-08-05 10:57:17 | INFO     | core.logger_manager:info:44 - Market OPENED - Starting analysis
2026-08-05 10:59:56 | INFO     | core.logger_manager:info:44 - Starting graceful shutdown...
2026-08-05 10:59:57 | INFO     | core.logger_manager:info:44 - Market data connection closed
2026-08-05 10:59:57 | INFO     | core.logger_manager:info:44 - Market engine closed
2026-08-05 10:59:57 | INFO     | core.logger_manager:info:44 - Option engine closed
2026-08-05 10:59:57 | INFO     | core.logger_manager:info:44 - Database saved and closed
2026-08-05 10:59:58 | INFO     | core.logger_manager:info:44 - Graceful shutdown complete
2026-08-05 12:23:11 | INFO     | core.logger_manager:info:44 - BLOCKORA_TRADE v1.0 starting...
2026-08-05 12:23:13 | INFO     | core.logger_manager:info:44 - Angel One SmartAPI connected successfully
2026-08-05 12:23:20 | INFO     | core.logger_manager:info:44 - Historical data loaded: 144 candles
2026-08-05 12:23:20 | INFO     | core.logger_manager:info:44 - Option Chain Engine initialized (NSE LIVE)
2026-08-05 12:23:21 | INFO     | core.logger_manager:info:44 - Telegram Bot connected
2026-08-05 12:23:21 | INFO     | core.logger_manager:info:44 - System initialization complete
2026-08-05 12:23:21 | INFO     | core.logger_manager:info:44 - BLOCKORA_TRADE started - entering main loop
2026-08-05 12:23:21 | INFO     | core.logger_manager:info:44 - Market OPENED - Starting analysis
2026-08-05 12:23:25 | WARNING  | core.logger_manager:warning:47 - NSE Option Chain unavailable (404) - Using Price Action fallback
2026-08-05 12:24:26 | WARNING  | core.logger_manager:warning:47 - NSE Option Chain unavailable (404) - Using Price Action fallback
2026-08-05 12:25:32 | WARNING  | core.logger_manager:warning:47 - NSE Option Chain unavailable (404) - Using Price Action fallback
2026-08-05 12:26:37 | WARNING  | core.logger_manager:warning:47 - NSE Option Chain unavailable (404) - Using Price Action fallback
2026-08-05 12:26:55 | INFO     | core.logger_manager:info:44 - Starting graceful shutdown...
2026-08-05 12:26:56 | INFO     | core.logger_manager:info:44 - Market data connection closed
2026-08-05 12:26:56 | INFO     | core.logger_manager:info:44 - Market engine closed
2026-08-05 12:26:56 | INFO     | core.logger_manager:info:44 - Option engine closed
2026-08-05 12:26:56 | INFO     | core.logger_manager:info:44 - Database saved and closed
2026-08-05 12:26:58 | INFO     | core.logger_manager:info:44 - Graceful shutdown complete
2026-08-05 12:35:02 | INFO     | core.logger_manager:info:44 - BLOCKORA_TRADE v1.0 starting...
2026-08-05 12:35:04 | INFO     | core.logger_manager:info:44 - Angel One SmartAPI connected successfully
2026-08-05 12:35:11 | WARNING  | core.logger_manager:warning:47 - Historical attempt 1 failed
2026-08-05 12:35:16 | INFO     | core.logger_manager:info:44 - Historical data loaded: 145 candles
2026-08-05 12:35:17 | INFO     | core.logger_manager:info:44 - Option Chain Engine initialized (NSE LIVE)
2026-08-05 12:35:18 | INFO     | core.logger_manager:info:44 - Telegram Bot connected
2026-08-05 12:35:18 | INFO     | core.logger_manager:info:44 - System initialization complete
2026-08-05 12:35:18 | INFO     | core.logger_manager:info:44 - BLOCKORA_TRADE started - entering main loop
2026-08-05 12:35:18 | INFO     | core.logger_manager:info:44 - Market OPENED - Starting analysis
2026-08-05 12:35:22 | WARNING  | core.logger_manager:warning:47 - NSE Option Chain unavailable (404) - Using Price Action fallback
2026-08-05 12:36:23 | WARNING  | core.logger_manager:warning:47 - NSE Option Chain unavailable (404) - Using Price Action fallback
2026-08-05 12:37:24 | WARNING  | core.logger_manager:warning:47 - NSE Option Chain unavailable (404) - Using Price Action fallback
2026-08-05 12:38:24 | WARNING  | core.logger_manager:warning:47 - NSE Option Chain unavailable (404) - Using Price Action fallback
2026-08-05 12:39:02 | INFO     | core.logger_manager:info:44 - Starting graceful shutdown...
2026-08-05 12:39:03 | INFO     | core.logger_manager:info:44 - Market data connection closed
2026-08-05 12:39:03 | INFO     | core.logger_manager:info:44 - Market engine closed
2026-08-05 12:39:03 | INFO     | core.logger_manager:info:44 - Option engine closed
2026-08-05 12:39:03 | INFO     | core.logger_manager:info:44 - Database saved and closed
2026-08-05 12:39:04 | INFO     | core.logger_manager:info:44 - Graceful shutdown complete
2026-08-05 12:39:47 | INFO     | core.logger_manager:info:44 - BLOCKORA_TRADE v1.0 starting...
2026-08-05 12:39:49 | INFO     | core.logger_manager:info:44 - Angel One SmartAPI connected successfully
2026-08-05 12:39:56 | INFO     | core.logger_manager:info:44 - Historical data loaded: 144 candles
2026-08-05 12:39:57 | INFO     | core.logger_manager:info:44 - Option Chain Engine initialized (NSE LIVE)
2026-08-05 12:39:58 | INFO     | core.logger_manager:info:44 - Telegram Bot connected
2026-08-05 12:39:58 | INFO     | core.logger_manager:info:44 - System initialization complete
2026-08-05 12:39:58 | INFO     | core.logger_manager:info:44 - BLOCKORA_TRADE started - entering main loop
2026-08-05 12:39:58 | INFO     | core.logger_manager:info:44 - Market OPENED - Starting analysis
2026-08-05 12:40:06 | WARNING  | core.logger_manager:warning:47 - NSE Option Chain unavailable (404) - Using Price Action fallback
2026-08-05 12:41:11 | WARNING  | core.logger_manager:warning:47 - NSE Option Chain unavailable (404) - Using Price Action fallback
2026-08-05 12:42:16 | WARNING  | core.logger_manager:warning:47 - NSE Option Chain unavailable (404) - Using Price Action fallback
2026-08-05 12:43:16 | WARNING  | core.logger_manager:warning:47 - NSE Option Chain unavailable (404) - Using Price Action fallback
2026-08-05 12:44:36 | WARNING  | core.logger_manager:warning:47 - NSE Option Chain unavailable (404) - Using Price Action fallback
2026-08-05 12:45:41 | WARNING  | core.logger_manager:warning:47 - NSE Option Chain unavailable (404) - Using Price Action fallback
2026-08-05 12:46:19 | INFO     | core.logger_manager:info:44 - Starting graceful shutdown...
2026-08-05 12:46:20 | INFO     | core.logger_manager:info:44 - Market data connection closed
2026-08-05 12:46:20 | INFO     | core.logger_manager:info:44 - Market engine closed
2026-08-05 12:46:20 | INFO     | core.logger_manager:info:44 - Option engine closed
2026-08-05 12:46:20 | INFO     | core.logger_manager:info:44 - Database saved and closed
2026-08-05 12:46:24 | INFO     | core.logger_manager:info:44 - Graceful shutdown complete
2026-08-05 13:11:52 | INFO     | core.logger_manager:info:44 - BLOCKORA_TRADE v1.0 starting...
2026-08-05 13:11:54 | INFO     | core.logger_manager:info:44 - Angel One SmartAPI connected successfully
2026-08-05 13:12:03 | WARNING  | core.logger_manager:warning:47 - Historical attempt 1 failed
2026-08-05 13:12:09 | INFO     | core.logger_manager:info:44 - Historical data loaded: 144 candles
2026-08-05 13:12:09 | INFO     | core.logger_manager:info:44 - Option Chain Engine initialized (NSE LIVE)
2026-08-05 13:12:12 | INFO     | core.logger_manager:info:44 - Telegram Bot connected
2026-08-05 13:12:12 | INFO     | core.logger_manager:info:44 - System initialization complete
2026-08-05 13:12:12 | INFO     | core.logger_manager:info:44 - BLOCKORA_TRADE started - entering main loop
2026-08-05 13:12:12 | INFO     | core.logger_manager:info:44 - Market OPENED - Starting analysis
2026-08-05 13:12:15 | WARNING  | core.logger_manager:warning:47 - NSE Option Chain unavailable (404) - Using Price Action fallback
2026-08-05 13:13:15 | WARNING  | core.logger_manager:warning:47 - NSE Option Chain unavailable (404) - Using Price Action fallback
2026-08-05 13:14:16 | WARNING  | core.logger_manager:warning:47 - NSE Option Chain unavailable (404) - Using Price Action fallback
2026-08-05 13:15:21 | WARNING  | core.logger_manager:warning:47 - NSE Option Chain unavailable (404) - Using Price Action fallback
2026-08-05 13:16:07 | INFO     | core.logger_manager:info:44 - Starting graceful shutdown...
2026-08-05 13:16:08 | INFO     | core.logger_manager:info:44 - Market data connection closed
2026-08-05 13:16:08 | INFO     | core.logger_manager:info:44 - Market engine closed
2026-08-05 13:16:08 | INFO     | core.logger_manager:info:44 - Option engine closed
2026-08-05 13:16:08 | INFO     | core.logger_manager:info:44 - Database saved and closed
2026-08-05 13:16:09 | INFO     | core.logger_manager:info:44 - Graceful shutdown complete
2026-08-05 13:37:10 | INFO     | core.logger_manager:info:44 - BLOCKORA_TRADE v1.0 starting...
2026-08-05 13:37:12 | INFO     | core.logger_manager:info:44 - Angel One SmartAPI connected successfully
2026-08-05 13:37:19 | WARNING  | core.logger_manager:warning:47 - Historical attempt 1 failed
2026-08-05 13:37:24 | INFO     | core.logger_manager:info:44 - Historical data loaded: 144 candles
2026-08-05 13:37:34 | INFO     | core.logger_manager:info:44 - Telegram Bot connected
2026-08-05 13:37:34 | INFO     | core.logger_manager:info:44 - System initialization complete
2026-08-05 13:37:34 | INFO     | core.logger_manager:info:44 - BLOCKORA_TRADE started - entering main loop
2026-08-05 13:37:34 | INFO     | core.logger_manager:info:44 - Market OPENED - Starting analysis
2026-08-05 13:37:37 | WARNING  | core.logger_manager:warning:47 - NSE Option Chain unavailable (404) - Using Price Action fallback
2026-08-05 13:39:10 | WARNING  | core.logger_manager:warning:47 - NSE Option Chain unavailable (404) - Using Price Action fallback
2026-08-05 13:41:23 | WARNING  | core.logger_manager:warning:47 - NSE Option Chain unavailable (404) - Using Price Action fallback
2026-08-05 13:42:28 | WARNING  | core.logger_manager:warning:47 - NSE Option Chain unavailable (404) - Using Price Action fallback
2026-08-05 13:43:29 | WARNING  | core.logger_manager:warning:47 - NSE Option Chain unavailable (404) - Using Price Action fallback
2026-08-05 13:44:30 | WARNING  | core.logger_manager:warning:47 - NSE Option Chain unavailable (404) - Using Price Action fallback
2026-08-05 13:45:35 | WARNING  | core.logger_manager:warning:47 - NSE Option Chain unavailable (404) - Using Price Action fallback
2026-08-05 13:46:36 | WARNING  | core.logger_manager:warning:47 - NSE Option Chain unavailable (404) - Using Price Action fallback
2026-08-05 13:47:36 | WARNING  | core.logger_manager:warning:47 - NSE Option Chain unavailable (404) - Using Price Action fallback
2026-08-05 13:48:37 | WARNING  | core.logger_manager:warning:47 - NSE Option Chain unavailable (404) - Using Price Action fallback
2026-08-05 13:49:38 | WARNING  | core.logger_manager:warning:47 - NSE Option Chain unavailable (404) - Using Price Action fallback
2026-08-05 13:50:43 | WARNING  | core.logger_manager:warning:47 - NSE Option Chain unavailable (404) - Using Price Action fallback
2026-08-05 13:51:47 | WARNING  | core.logger_manager:warning:47 - NSE Option Chain unavailable (404) - Using Price Action fallback
2026-08-05 13:52:02 | INFO     | core.logger_manager:info:44 - Starting graceful shutdown...
2026-08-05 13:52:03 | INFO     | core.logger_manager:info:44 - Market data connection closed
2026-08-05 13:52:03 | INFO     | core.logger_manager:info:44 - Market engine closed
2026-08-05 13:52:03 | INFO     | core.logger_manager:info:44 - Option engine closed
2026-08-05 13:52:03 | INFO     | core.logger_manager:info:44 - Database saved and closed
2026-08-05 13:52:04 | INFO     | core.logger_manager:info:44 - Graceful shutdown complete
2026-08-05 14:21:44 | INFO     | core.logger_manager:info:44 - BLOCKORA_TRADE v1.0 starting...
2026-08-05 14:21:46 | INFO     | core.logger_manager:info:44 - Angel One SmartAPI connected successfully
2026-08-05 14:21:53 | INFO     | core.logger_manager:info:44 - Historical data loaded: 144 candles
2026-08-05 14:21:56 | INFO     | core.logger_manager:info:44 - Telegram Bot connected
2026-08-05 14:21:56 | INFO     | core.logger_manager:info:44 - System initialization complete
2026-08-05 14:21:56 | INFO     | core.logger_manager:info:44 - BLOCKORA_TRADE started - entering main loop
2026-08-05 14:21:56 | INFO     | core.logger_manager:info:44 - Market OPENED - Starting analysis
2026-08-05 14:21:58 | WARNING  | core.logger_manager:warning:47 - NSE Option Chain unavailable (404) - Using Price Action fallback
2026-08-05 14:21:58 | ERROR    | core.logger_manager:error:50 - Analysis cycle error: MasterDecisionEngine._analyze_oi() missing 1 required positional argument: 'market_data'
2026-08-05 14:22:13 | INFO     | core.logger_manager:info:44 - Starting graceful shutdown...
2026-08-05 14:22:13 | INFO     | core.logger_manager:info:44 - Market data connection closed
2026-08-05 14:22:13 | INFO     | core.logger_manager:info:44 - Market engine closed
2026-08-05 14:22:13 | INFO     | core.logger_manager:info:44 - Option engine closed
2026-08-05 14:22:13 | INFO     | core.logger_manager:info:44 - Database saved and closed
2026-08-05 14:22:15 | INFO     | core.logger_manager:info:44 - Graceful shutdown complete
2026-08-05 14:24:44 | INFO     | core.logger_manager:info:44 - BLOCKORA_TRADE v1.0 starting...
2026-08-05 14:24:46 | INFO     | core.logger_manager:info:44 - Angel One SmartAPI connected successfully
2026-08-05 14:24:52 | INFO     | core.logger_manager:info:44 - Historical data loaded: 144 candles
2026-08-05 14:24:54 | INFO     | core.logger_manager:info:44 - Telegram Bot connected
2026-08-05 14:24:54 | INFO     | core.logger_manager:info:44 - System initialization complete
2026-08-05 14:24:54 | INFO     | core.logger_manager:info:44 - BLOCKORA_TRADE started - entering main loop
2026-08-05 14:24:54 | INFO     | core.logger_manager:info:44 - Market OPENED - Starting analysis
2026-08-05 14:24:57 | WARNING  | core.logger_manager:warning:47 - NSE Option Chain unavailable (404) - Using Price Action fallback
2026-08-05 14:26:02 | WARNING  | core.logger_manager:warning:47 - NSE Option Chain unavailable (404) - Using Price Action fallback
2026-08-05 14:27:07 | WARNING  | core.logger_manager:warning:47 - NSE Option Chain unavailable (404) - Using Price Action fallback
2026-08-05 14:28:07 | WARNING  | core.logger_manager:warning:47 - NSE Option Chain unavailable (404) - Using Price Action fallback
2026-08-05 14:29:08 | WARNING  | core.logger_manager:warning:47 - NSE Option Chain unavailable (404) - Using Price Action fallback
2026-08-05 14:30:13 | WARNING  | core.logger_manager:warning:47 - NSE Option Chain unavailable (404) - Using Price Action fallback
2026-08-05 14:31:18 | WARNING  | core.logger_manager:warning:47 - NSE Option Chain unavailable (404) - Using Price Action fallback
2026-08-05 14:32:19 | WARNING  | core.logger_manager:warning:47 - NSE Option Chain unavailable (404) - Using Price Action fallback
2026-08-05 14:33:20 | WARNING  | core.logger_manager:warning:47 - NSE Option Chain unavailable (404) - Using Price Action fallback
2026-08-05 14:34:21 | WARNING  | core.logger_manager:warning:47 - NSE Option Chain unavailable (404) - Using Price Action fallback
2026-08-05 14:34:47 | INFO     | core.logger_manager:info:44 - Starting graceful shutdown...
2026-08-05 14:34:48 | INFO     | core.logger_manager:info:44 - Market data connection closed
2026-08-05 14:34:48 | INFO     | core.logger_manager:info:44 - Market engine closed
2026-08-05 14:34:48 | INFO     | core.logger_manager:info:44 - Option engine closed
2026-08-05 14:34:48 | INFO     | core.logger_manager:info:44 - Database saved and closed
2026-08-05 14:34:49 | INFO     | core.logger_manager:info:44 - Graceful shutdown complete
2026-08-05 15:24:36 | INFO     | core.logger_manager:info:44 - BLOCKORA_TRADE v1.0 starting...
2026-08-05 15:24:37 | INFO     | core.logger_manager:info:44 - Angel One SmartAPI connected successfully
2026-08-05 15:24:44 | WARNING  | core.logger_manager:warning:47 - Historical attempt 1 failed
2026-08-05 15:24:50 | WARNING  | core.logger_manager:warning:47 - Historical attempt 2 failed
2026-08-05 15:24:55 | INFO     | core.logger_manager:info:44 - Historical data loaded: 144 candles
2026-08-05 15:24:58 | INFO     | core.logger_manager:info:44 - Telegram Bot connected
2026-08-05 15:24:58 | INFO     | core.logger_manager:info:44 - System initialization complete
2026-08-05 15:24:58 | INFO     | core.logger_manager:info:44 - BLOCKORA_TRADE started - entering main loop
2026-08-05 15:24:58 | INFO     | core.logger_manager:info:44 - Market OPENED - Starting analysis
2026-08-05 15:25:00 | WARNING  | core.logger_manager:warning:47 - NSE Option Chain unavailable (404) - Using Price Action fallback
2026-08-05 15:26:05 | WARNING  | core.logger_manager:warning:47 - NSE Option Chain unavailable (404) - Using Price Action fallback
2026-08-05 15:27:06 | WARNING  | core.logger_manager:warning:47 - NSE Option Chain unavailable (404) - Using Price Action fallback
2026-08-05 15:28:07 | WARNING  | core.logger_manager:warning:47 - NSE Option Chain unavailable (404) - Using Price Action fallback
2026-08-05 15:29:08 | WARNING  | core.logger_manager:warning:47 - NSE Option Chain unavailable (404) - Using Price Action fallback
2026-08-05 15:30:08 | INFO     | core.logger_manager:info:44 - Market CLOSED - Stopping analysis
2026-08-05 15:46:29 | INFO     | core.logger_manager:info:44 - Starting graceful shutdown...
2026-08-05 15:46:30 | INFO     | core.logger_manager:info:44 - Market data connection closed
2026-08-05 15:46:30 | INFO     | core.logger_manager:info:44 - Market engine closed
2026-08-05 15:46:30 | INFO     | core.logger_manager:info:44 - Option engine closed
2026-08-05 15:46:30 | INFO     | core.logger_manager:info:44 - Database saved and closed
2026-08-05 15:46:31 | INFO     | core.logger_manager:info:44 - Graceful shutdown complete
2026-08-05 15:48:47 | INFO     | core.logger_manager:info:44 - Option Chain Engine initialized (Multi-Source)
2026-08-05 21:29:59 | INFO     | core.logger_manager:info:44 - BLOCKORA_TRADE v1.0 starting...
2026-08-05 21:30:02 | INFO     | core.logger_manager:info:44 - Angel One SmartAPI connected successfully
2026-08-05 21:30:11 | INFO     | core.logger_manager:info:44 - Historical data loaded: 147 candles
2026-08-05 21:30:13 | INFO     | core.logger_manager:info:44 - Option Chain Engine initialized (Multi-Source)
2026-08-05 21:30:14 | INFO     | core.logger_manager:info:44 - Telegram Bot connected
2026-08-05 21:30:14 | INFO     | core.logger_manager:info:44 - Subscription Manager started (polling)
2026-08-05 21:30:14 | INFO     | core.logger_manager:info:44 - System initialization complete
2026-08-05 21:30:14 | INFO     | core.logger_manager:info:44 - BLOCKORA_TRADE started - entering main loop
2026-08-05 21:31:09 | INFO     | core.logger_manager:info:44 - VIP Channel auto-detected: -1003942789196
2026-08-05 21:57:30 | INFO     | core.logger_manager:info:44 - Starting graceful shutdown...
2026-08-05 21:57:30 | INFO     | core.logger_manager:info:44 - Market data connection closed
2026-08-05 21:57:30 | INFO     | core.logger_manager:info:44 - Market engine closed
2026-08-05 21:57:30 | INFO     | core.logger_manager:info:44 - Option Chain Engine shutdown
2026-08-05 21:57:30 | INFO     | core.logger_manager:info:44 - Option engine closed
2026-08-05 21:57:30 | INFO     | core.logger_manager:info:44 - Database saved and closed
2026-08-05 21:57:31 | INFO     | core.logger_manager:info:44 - Graceful shutdown complete
2026-08-05 22:11:24 | INFO     | core.logger_manager:info:44 - BLOCKORA_TRADE v1.0 starting...
2026-08-05 22:11:26 | INFO     | core.logger_manager:info:44 - Angel One SmartAPI connected successfully
2026-08-05 22:11:33 | INFO     | core.logger_manager:info:44 - Historical data loaded: 147 candles
2026-08-05 22:11:34 | INFO     | core.logger_manager:info:44 - Option Chain Engine initialized (Multi-Source)
2026-08-05 22:11:35 | INFO     | core.logger_manager:info:44 - Telegram Bot connected
2026-08-05 22:11:35 | INFO     | core.logger_manager:info:44 - Subscription Manager started (polling)
2026-08-05 22:11:35 | INFO     | core.logger_manager:info:44 - System initialization complete
2026-08-05 22:11:35 | INFO     | core.logger_manager:info:44 - BLOCKORA_TRADE started - entering main loop
2026-08-05 22:14:20 | INFO     | core.logger_manager:info:44 - VIP Channel auto-detected: -1003942789196
2026-08-05 22:31:30 | INFO     | core.logger_manager:info:44 - Starting graceful shutdown...
2026-08-05 22:31:30 | INFO     | core.logger_manager:info:44 - Market data connection closed
2026-08-05 22:31:30 | INFO     | core.logger_manager:info:44 - Market engine closed
2026-08-05 22:31:30 | INFO     | core.logger_manager:info:44 - Option Chain Engine shutdown
2026-08-05 22:31:30 | INFO     | core.logger_manager:info:44 - Option engine closed
2026-08-05 22:31:30 | INFO     | core.logger_manager:info:44 - Database saved and closed
2026-08-05 22:31:32 | INFO     | core.logger_manager:info:44 - Graceful shutdown complete
2026-08-05 22:33:17 | INFO     | core.logger_manager:info:44 - BLOCKORA_TRADE v1.0 starting...
2026-08-05 22:33:21 | INFO     | core.logger_manager:info:44 - Angel One SmartAPI connected successfully
2026-08-05 22:33:28 | INFO     | core.logger_manager:info:44 - Historical data loaded: 147 candles
2026-08-05 22:33:29 | INFO     | core.logger_manager:info:44 - Option Chain Engine initialized (Multi-Source)
2026-08-05 22:33:29 | INFO     | core.logger_manager:info:44 - Telegram Bot connected
2026-08-05 22:33:30 | INFO     | core.logger_manager:info:44 - Subscription Manager started (polling)
2026-08-05 22:33:30 | INFO     | core.logger_manager:info:44 - System initialization complete
2026-08-05 22:33:30 | INFO     | core.logger_manager:info:44 - BLOCKORA_TRADE started - entering main loop
2026-08-05 22:34:16 | INFO     | core.logger_manager:info:44 - VIP Channel auto-detected: -1003942789196
2026-08-05 22:48:07 | INFO     | core.logger_manager:info:44 - Starting graceful shutdown...
2026-08-05 22:48:08 | INFO     | core.logger_manager:info:44 - Market data connection closed
2026-08-05 22:48:08 | INFO     | core.logger_manager:info:44 - Market engine closed
2026-08-05 22:48:08 | INFO     | core.logger_manager:info:44 - Option Chain Engine shutdown
2026-08-05 22:48:08 | INFO     | core.logger_manager:info:44 - Option engine closed
2026-08-05 22:48:08 | INFO     | core.logger_manager:info:44 - Database saved and closed
2026-08-05 22:48:10 | INFO     | core.logger_manager:info:44 - Graceful shutdown complete
2026-08-05 23:04:04 | INFO     | core.logger_manager:info:44 - BLOCKORA_TRADE v1.0 starting...
2026-08-05 23:04:06 | INFO     | core.logger_manager:info:44 - Angel One SmartAPI connected successfully
2026-08-05 23:04:17 | INFO     | core.logger_manager:info:44 - Historical data loaded: 147 candles
2026-08-05 23:04:25 | INFO     | core.logger_manager:info:44 - Option Chain Engine initialized (Multi-Source)
2026-08-05 23:04:27 | INFO     | core.logger_manager:info:44 - Telegram Bot connected
2026-08-05 23:04:27 | INFO     | core.logger_manager:info:44 - Subscription Manager started (polling)
2026-08-05 23:04:27 | INFO     | core.logger_manager:info:44 - System initialization complete
2026-08-05 23:04:27 | INFO     | core.logger_manager:info:44 - BLOCKORA_TRADE started - entering main loop
2026-08-05 23:04:52 | INFO     | core.logger_manager:info:44 - VIP Channel auto-detected: -1003942789196
2026-08-05 23:39:08 | INFO     | core.logger_manager:info:44 - Starting graceful shutdown...
2026-08-05 23:39:09 | INFO     | core.logger_manager:info:44 - Market data connection closed
2026-08-05 23:39:09 | INFO     | core.logger_manager:info:44 - Market engine closed
2026-08-05 23:39:09 | INFO     | core.logger_manager:info:44 - Option Chain Engine shutdown
2026-08-05 23:39:09 | INFO     | core.logger_manager:info:44 - Option engine closed
2026-08-05 23:39:09 | INFO     | core.logger_manager:info:44 - Database saved and closed
2026-08-05 23:39:14 | INFO     | core.logger_manager:info:44 - Graceful shutdown complete
2026-08-06 10:04:30 | INFO     | core.logger_manager:info:44 - BLOCKORA_TRADE v1.0 starting...
2026-08-06 10:04:32 | INFO     | core.logger_manager:info:44 - Angel One SmartAPI connected successfully
2026-08-06 10:04:42 | WARNING  | core.logger_manager:warning:47 - Historical attempt 1 failed
2026-08-06 10:04:48 | WARNING  | core.logger_manager:warning:47 - Historical attempt 2 failed
2026-08-06 10:05:04 | WARNING  | core.logger_manager:warning:47 - Historical attempt 3 failed
2026-08-06 10:05:17 | INFO     | core.logger_manager:info:44 - Option Chain Engine initialized (Multi-Source)
2026-08-06 10:05:20 | INFO     | core.logger_manager:info:44 - Telegram Bot connected
2026-08-06 10:05:20 | INFO     | core.logger_manager:info:44 - Subscription Manager started (polling)
2026-08-06 10:05:20 | INFO     | core.logger_manager:info:44 - System initialization complete
2026-08-06 10:05:20 | INFO     | core.logger_manager:info:44 - BLOCKORA_TRADE started - entering main loop
2026-08-06 10:05:20 | INFO     | core.logger_manager:info:44 - Market OPENED - Starting analysis
2026-08-06 10:06:00 | WARNING  | core.logger_manager:warning:47 - NSE Option Chain unavailable (404) - Using Price Action fallback
2026-08-06 10:07:28 | WARNING  | core.logger_manager:warning:47 - NSE Option Chain unavailable (404) - Using Price Action fallback
2026-08-06 10:08:42 | WARNING  | core.logger_manager:warning:47 - NSE Option Chain unavailable (404) - Using Price Action fallback
2026-08-06 10:09:53 | WARNING  | core.logger_manager:warning:47 - NSE Option Chain unavailable (404) - Using Price Action fallback
2026-08-06 10:11:16 | WARNING  | core.logger_manager:warning:47 - NSE Option Chain unavailable (404) - Using Price Action fallback
2026-08-06 10:12:44 | WARNING  | core.logger_manager:warning:47 - NSE Option Chain unavailable (404) - Using Price Action fallback
2026-08-06 10:14:02 | WARNING  | core.logger_manager:warning:47 - NSE Option Chain unavailable (404) - Using Price Action fallback
2026-08-06 10:15:19 | WARNING  | core.logger_manager:warning:47 - NSE Option Chain unavailable (404) - Using Price Action fallback
2026-08-06 10:16:40 | WARNING  | core.logger_manager:warning:47 - NSE Option Chain unavailable (404) - Using Price Action fallback
2026-08-06 10:18:04 | WARNING  | core.logger_manager:warning:47 - NSE Option Chain unavailable (404) - Using Price Action fallback
2026-08-06 10:19:21 | WARNING  | core.logger_manager:warning:47 - NSE Option Chain unavailable (404) - Using Price Action fallback
2026-08-06 10:20:43 | WARNING  | core.logger_manager:warning:47 - NSE Option Chain unavailable (404) - Using Price Action fallback
2026-08-06 10:21:56 | WARNING  | core.logger_manager:warning:47 - NSE Option Chain unavailable (404) - Using Price Action fallback
2026-08-06 10:23:11 | WARNING  | core.logger_manager:warning:47 - NSE Option Chain unavailable (404) - Using Price Action fallback
2026-08-06 10:24:24 | WARNING  | core.logger_manager:warning:47 - NSE Option Chain unavailable (404) - Using Price Action fallback
2026-08-06 10:25:41 | WARNING  | core.logger_manager:warning:47 - NSE Option Chain unavailable (404) - Using Price Action fallback
2026-08-06 10:26:58 | WARNING  | core.logger_manager:warning:47 - NSE Option Chain unavailable (404) - Using Price Action fallback
2026-08-06 10:28:12 | WARNING  | core.logger_manager:warning:47 - NSE Option Chain unavailable (404) - Using Price Action fallback
2026-08-06 10:29:26 | WARNING  | core.logger_manager:warning:47 - NSE Option Chain unavailable (404) - Using Price Action fallback
2026-08-06 10:30:43 | WARNING  | core.logger_manager:warning:47 - NSE Option Chain unavailable (404) - Using Price Action fallback
2026-08-06 10:32:00 | WARNING  | core.logger_manager:warning:47 - NSE Option Chain unavailable (404) - Using Price Action fallback
2026-08-06 10:33:17 | WARNING  | core.logger_manager:warning:47 - NSE Option Chain unavailable (404) - Using Price Action fallback
2026-08-06 10:34:30 | WARNING  | core.logger_manager:warning:47 - NSE Option Chain unavailable (404) - Using Price Action fallback
2026-08-06 10:35:44 | WARNING  | core.logger_manager:warning:47 - NSE Option Chain unavailable (404) - Using Price Action fallback
2026-08-06 10:36:57 | WARNING  | core.logger_manager:warning:47 - NSE Option Chain unavailable (404) - Using Price Action fallback
2026-08-06 10:38:11 | WARNING  | core.logger_manager:warning:47 - NSE Option Chain unavailable (404) - Using Price Action fallback
2026-08-06 10:39:25 | WARNING  | core.logger_manager:warning:47 - NSE Option Chain unavailable (404) - Using Price Action fallback
2026-08-06 10:40:42 | WARNING  | core.logger_manager:warning:47 - NSE Option Chain unavailable (404) - Using Price Action fallback
2026-08-06 10:43:02 | WARNING  | core.logger_manager:warning:47 - NSE Option Chain unavailable (404) - Using Price Action fallback
2026-08-06 10:45:07 | WARNING  | core.logger_manager:warning:47 - NSE Option Chain unavailable (404) - Using Price Action fallback
2026-08-06 10:46:37 | WARNING  | core.logger_manager:warning:47 - NSE Option Chain unavailable (404) - Using Price Action fallback
2026-08-06 10:48:22 | WARNING  | core.logger_manager:warning:47 - NSE Option Chain unavailable (404) - Using Price Action fallback
2026-08-06 10:50:15 | WARNING  | core.logger_manager:warning:47 - NSE Option Chain unavailable (404) - Using Price Action fallback
2026-08-06 10:53:36 | WARNING  | core.logger_manager:warning:47 - NSE Option Chain unavailable (404) - Using Price Action fallback
2026-08-06 10:57:34 | WARNING  | core.logger_manager:warning:47 - NSE Option Chain unavailable (404) - Using Price Action fallback
2026-08-06 11:02:02 | WARNING  | core.logger_manager:warning:47 - NSE Option Chain unavailable (404) - Using Price Action fallback
2026-08-06 11:09:41 | WARNING  | core.logger_manager:warning:47 - NSE Option Chain unavailable (404) - Using Price Action fallback
2026-08-06 11:11:51 | INFO     | core.logger_manager:info:44 - Starting graceful shutdown...
2026-08-06 11:12:05 | INFO     | core.logger_manager:info:44 - Market engine closed
2026-08-06 11:12:05 | INFO     | core.logger_manager:info:44 - Option Chain Engine shutdown
2026-08-06 11:12:05 | INFO     | core.logger_manager:info:44 - Option engine closed
2026-08-06 11:12:05 | INFO     | core.logger_manager:info:44 - Database saved and closed
2026-08-06 11:12:10 | WARNING  | core.logger_manager:warning:47 - Telegram timeout/blocked. Skipping to protect analysis loop.
2026-08-06 11:12:10 | INFO     | core.logger_manager:info:44 - Graceful shutdown complete
2026-08-06 15:54:55 | INFO     | core.logger_manager:info:44 - BLOCKORA_TRADE v1.0 starting...
2026-08-06 15:55:10 | INFO     | core.logger_manager:info:44 - Angel One SmartAPI connected successfully
2026-08-06 15:55:19 | INFO     | core.logger_manager:info:44 - Historical data loaded: 147 candles
2026-08-06 15:55:23 | INFO     | core.logger_manager:info:44 - Option Chain Engine initialized (Multi-Source)
2026-08-06 15:55:28 | INFO     | core.logger_manager:info:44 - Telegram Bot connected
2026-08-06 15:55:28 | INFO     | core.logger_manager:info:44 - Subscription Manager started (polling)
2026-08-06 15:55:28 | INFO     | core.logger_manager:info:44 - System initialization complete
2026-08-06 15:55:28 | INFO     | core.logger_manager:info:44 - BLOCKORA_TRADE started - entering main loop
2026-08-06 16:29:09 | INFO     | core.logger_manager:info:44 - Starting graceful shutdown...
2026-08-06 16:29:16 | INFO     | core.logger_manager:info:44 - Market data connection closed
2026-08-06 16:29:16 | INFO     | core.logger_manager:info:44 - Market engine closed
2026-08-06 16:29:16 | INFO     | core.logger_manager:info:44 - Option Chain Engine shutdown
2026-08-06 16:29:16 | INFO     | core.logger_manager:info:44 - Option engine closed
2026-08-06 16:29:16 | INFO     | core.logger_manager:info:44 - Database saved and closed
2026-08-06 16:29:21 | WARNING  | core.logger_manager:warning:47 - Telegram timeout/blocked. Skipping to protect analysis loop.
2026-08-06 16:29:21 | INFO     | core.logger_manager:info:44 - Graceful shutdown complete
2026-08-06 16:38:52 | ERROR    | core.logger_manager:error:50 - Market data init error: HTTPSConnectionPool(host='apiconnect.angelone.in', port=443): Read timed out. (read timeout=7)
2026-08-06 18:04:51 | INFO     | core.logger_manager:info:44 - Angel One SmartAPI connected successfully
2026-08-06 18:05:00 | INFO     | core.logger_manager:info:44 - Historical data loaded: 147 candles
2026-08-06 19:00:01 | INFO     | core.logger_manager:info:44 - BLOCKORA_TRADE v1.0 starting...
2026-08-06 19:00:09 | INFO     | core.logger_manager:info:44 - Angel One SmartAPI connected successfully
2026-08-06 19:00:20 | INFO     | core.logger_manager:info:44 - Historical data loaded: 147 candles
2026-08-06 19:00:22 | INFO     | core.logger_manager:info:44 - Option Chain Engine initialized (Multi-Source)
2026-08-06 19:00:23 | INFO     | core.logger_manager:info:44 - Telegram Bot connected
2026-08-06 19:00:23 | INFO     | core.logger_manager:info:44 - Subscription Manager started (polling)
2026-08-06 19:00:23 | INFO     | core.logger_manager:info:44 - System initialization complete
2026-08-06 19:00:23 | INFO     | core.logger_manager:info:44 - BLOCKORA_TRADE started - entering main loop
2026-08-06 20:38:24 | INFO     | core.logger_manager:info:44 - Starting graceful shutdown...
2026-08-06 20:38:24 | INFO     | core.logger_manager:info:44 - Market engine closed
2026-08-06 20:38:24 | INFO     | core.logger_manager:info:44 - Option Chain Engine shutdown
2026-08-06 20:38:24 | INFO     | core.logger_manager:info:44 - Option engine closed
2026-08-06 20:38:25 | INFO     | core.logger_manager:info:44 - Database saved and closed
2026-08-06 20:38:25 | WARNING  | core.logger_manager:warning:47 - Telegram timeout/blocked. Skipping to protect analysis loop.
2026-08-06 20:38:25 | INFO     | core.logger_manager:info:44 - Graceful shutdown complete
2026-08-07 04:45:11 | INFO     | core.logger_manager:info:44 - BLOCKORA_TRADE v1.0 starting...
2026-08-07 04:45:12 | INFO     | core.logger_manager:info:44 - Angel One SmartAPI connected successfully
2026-08-07 04:45:19 | INFO     | core.logger_manager:info:44 - Historical data loaded: 147 candles
2026-08-07 04:45:19 | INFO     | core.logger_manager:info:44 - Option Chain Engine initialized (Multi-Source)
2026-08-07 04:45:20 | INFO     | core.logger_manager:info:44 - Telegram Bot connected
2026-08-07 04:45:20 | INFO     | core.logger_manager:info:44 - Subscription Manager started (polling)
2026-08-07 04:45:20 | INFO     | core.logger_manager:info:44 - System initialization complete
2026-08-07 04:45:20 | INFO     | core.logger_manager:info:44 - BLOCKORA_TRADE started - entering main loop
2026-08-07 04:45:33 | INFO     | core.logger_manager:info:44 - Starting graceful shutdown...
2026-08-07 04:45:33 | INFO     | core.logger_manager:info:44 - Market data connection closed
2026-08-07 04:45:33 | INFO     | core.logger_manager:info:44 - Market engine closed
2026-08-07 04:45:33 | INFO     | core.logger_manager:info:44 - Option Chain Engine shutdown
2026-08-07 04:45:33 | INFO     | core.logger_manager:info:44 - Option engine closed
2026-08-07 04:45:33 | INFO     | core.logger_manager:info:44 - Database saved and closed
2026-08-07 04:45:34 | INFO     | core.logger_manager:info:44 - Graceful shutdown complete
2026-08-07 08:00:18 | INFO     | core.logger_manager:info:44 - Angel One SmartAPI connected successfully
2026-08-07 08:00:24 | INFO     | core.logger_manager:info:44 - Historical data loaded: 147 candles
2026-08-07 09:19:39 | INFO     | core.logger_manager:info:44 - BLOCKORA_TRADE v1.0 starting...
2026-08-07 09:19:41 | INFO     | core.logger_manager:info:44 - Angel One SmartAPI connected successfully
2026-08-07 09:19:47 | WARNING  | core.logger_manager:warning:47 - Historical attempt 1 failed
2026-08-07 09:19:52 | WARNING  | core.logger_manager:warning:47 - Historical attempt 2 failed
2026-08-07 09:19:58 | WARNING  | core.logger_manager:warning:47 - Historical attempt 3 failed
2026-08-07 09:19:59 | INFO     | core.logger_manager:info:44 - Option Chain Engine initialized (Multi-Source)
2026-08-07 09:20:00 | INFO     | core.logger_manager:info:44 - Telegram Bot connected
2026-08-07 09:20:00 | INFO     | core.logger_manager:info:44 - Subscription Manager started (polling)
2026-08-07 09:20:00 | INFO     | core.logger_manager:info:44 - System initialization complete
2026-08-07 09:20:00 | INFO     | core.logger_manager:info:44 - BLOCKORA_TRADE started - entering main loop
2026-08-07 09:20:00 | INFO     | core.logger_manager:info:44 - Market OPENED - Starting analysis
2026-08-07 09:20:21 | WARNING  | core.logger_manager:warning:47 - NSE Option Chain unavailable (404) - Using Price Action fallback
2026-08-07 09:21:37 | WARNING  | core.logger_manager:warning:47 - NSE Option Chain unavailable (404) - Using Price Action fallback
2026-08-07 09:22:53 | WARNING  | core.logger_manager:warning:47 - NSE Option Chain unavailable (404) - Using Price Action fallback
2026-08-07 09:24:07 | WARNING  | core.logger_manager:warning:47 - NSE Option Chain unavailable (404) - Using Price Action fallback
2026-08-07 09:25:12 | INFO     | core.logger_manager:info:44 - Starting graceful shutdown...
2026-08-07 09:25:13 | INFO     | core.logger_manager:info:44 - Market data connection closed
2026-08-07 09:25:13 | INFO     | core.logger_manager:info:44 - Market engine closed
2026-08-07 09:25:13 | INFO     | core.logger_manager:info:44 - Option Chain Engine shutdown
2026-08-07 09:25:13 | INFO     | core.logger_manager:info:44 - Option engine closed
2026-08-07 09:25:13 | INFO     | core.logger_manager:info:44 - Database saved and closed
2026-08-07 09:25:13 | INFO     | core.logger_manager:info:44 - Graceful shutdown complete
2026-08-07 09:25:24 | INFO     | core.logger_manager:info:44 - BLOCKORA_TRADE v1.0 starting...
2026-08-07 09:25:25 | INFO     | core.logger_manager:info:44 - Angel One SmartAPI connected successfully
2026-08-07 09:25:31 | WARNING  | core.logger_manager:warning:47 - Historical attempt 1 failed
2026-08-07 09:25:36 | WARNING  | core.logger_manager:warning:47 - Historical attempt 2 failed
2026-08-07 09:25:42 | WARNING  | core.logger_manager:warning:47 - Historical attempt 3 failed
2026-08-07 09:25:42 | INFO     | core.logger_manager:info:44 - Option Chain Engine initialized (Multi-Source)
2026-08-07 09:25:43 | INFO     | core.logger_manager:info:44 - Telegram Bot connected
2026-08-07 09:25:43 | INFO     | core.logger_manager:info:44 - Subscription Manager started (polling)
2026-08-07 09:25:43 | INFO     | core.logger_manager:info:44 - System initialization complete
2026-08-07 09:25:43 | INFO     | core.logger_manager:info:44 - BLOCKORA_TRADE started - entering main loop
2026-08-07 09:25:43 | INFO     | core.logger_manager:info:44 - Market OPENED - Starting analysis
2026-08-07 09:26:01 | WARNING  | core.logger_manager:warning:47 - NSE Option Chain unavailable (404) - Using Price Action fallback
2026-08-07 09:27:17 | WARNING  | core.logger_manager:warning:47 - NSE Option Chain unavailable (404) - Using Price Action fallback
2026-08-07 09:28:29 | WARNING  | core.logger_manager:warning:47 - NSE Option Chain unavailable (404) - Using Price Action fallback
2026-08-07 09:29:40 | WARNING  | core.logger_manager:warning:47 - NSE Option Chain unavailable (404) - Using Price Action fallback
2026-08-07 09:30:56 | WARNING  | core.logger_manager:warning:47 - NSE Option Chain unavailable (404) - Using Price Action fallback
2026-08-07 09:32:11 | WARNING  | core.logger_manager:warning:47 - NSE Option Chain unavailable (404) - Using Price Action fallback
2026-08-07 09:33:24 | WARNING  | core.logger_manager:warning:47 - NSE Option Chain unavailable (404) - Using Price Action fallback
2026-08-07 09:34:37 | WARNING  | core.logger_manager:warning:47 - NSE Option Chain unavailable (404) - Using Price Action fallback
2026-08-07 09:35:54 | WARNING  | core.logger_manager:warning:47 - NSE Option Chain unavailable (404) - Using Price Action fallback
2026-08-07 09:37:03 | WARNING  | core.logger_manager:warning:47 - NSE Option Chain unavailable (404) - Using Price Action fallback
2026-08-07 09:38:16 | WARNING  | core.logger_manager:warning:47 - NSE Option Chain unavailable (404) - Using Price Action fallback
2026-08-07 09:39:28 | WARNING  | core.logger_manager:warning:47 - NSE Option Chain unavailable (404) - Using Price Action fallback
2026-08-07 09:40:45 | WARNING  | core.logger_manager:warning:47 - NSE Option Chain unavailable (404) - Using Price Action fallback
2026-08-07 09:42:01 | WARNING  | core.logger_manager:warning:47 - NSE Option Chain unavailable (404) - Using Price Action fallback
2026-08-07 09:42:03 | INFO     | core.logger_manager:info:44 - 🚀 NEW SIGNAL: WATCHLIST NIFTY 24600 PE | Conf: 73.7%
2026-08-07 09:43:31 | WARNING  | core.logger_manager:warning:47 - NSE Option Chain unavailable (404) - Using Price Action fallback
2026-08-07 09:44:45 | WARNING  | core.logger_manager:warning:47 - NSE Option Chain unavailable (404) - Using Price Action fallback
2026-08-07 09:46:09 | WARNING  | core.logger_manager:warning:47 - NSE Option Chain unavailable (404) - Using Price Action fallback
2026-08-07 09:47:31 | WARNING  | core.logger_manager:warning:47 - NSE Option Chain unavailable (404) - Using Price Action fallback
2026-08-07 09:48:51 | WARNING  | core.logger_manager:warning:47 - NSE Option Chain unavailable (404) - Using Price Action fallback
2026-08-07 09:50:04 | WARNING  | core.logger_manager:warning:47 - NSE Option Chain unavailable (404) - Using Price Action fallback
2026-08-07 09:52:17 | WARNING  | core.logger_manager:warning:47 - NSE Option Chain unavailable (404) - Using Price Action fallback
2026-08-07 09:53:35 | WARNING  | core.logger_manager:warning:47 - NSE Option Chain unavailable (404) - Using Price Action fallback
2026-08-07 09:54:53 | WARNING  | core.logger_manager:warning:47 - NSE Option Chain unavailable (404) - Using Price Action fallback
2026-08-07 09:56:14 | WARNING  | core.logger_manager:warning:47 - NSE Option Chain unavailable (404) - Using Price Action fallback
2026-08-07 09:57:33 | WARNING  | core.logger_manager:warning:47 - NSE Option Chain unavailable (404) - Using Price Action fallback
2026-08-07 09:58:18 | INFO     | core.logger_manager:info:44 - Starting graceful shutdown...
2026-08-07 09:58:19 | INFO     | core.logger_manager:info:44 - Market data connection closed
2026-08-07 09:58:19 | INFO     | core.logger_manager:info:44 - Market engine closed
2026-08-07 09:58:19 | INFO     | core.logger_manager:info:44 - Option Chain Engine shutdown
2026-08-07 09:58:19 | INFO     | core.logger_manager:info:44 - Option engine closed
2026-08-07 09:58:19 | INFO     | core.logger_manager:info:44 - Database saved and closed
2026-08-07 09:58:20 | INFO     | core.logger_manager:info:44 - Graceful shutdown complete
2026-08-07 10:10:41 | INFO     | core.logger_manager:info:44 - BLOCKORA_TRADE v1.0 starting...
2026-08-07 10:10:43 | INFO     | core.logger_manager:info:44 - Angel One SmartAPI connected successfully
2026-08-07 10:10:50 | INFO     | core.logger_manager:info:44 - Historical data loaded: 148 candles
2026-08-07 10:10:51 | INFO     | core.logger_manager:info:44 - Option Chain Engine initialized (Multi-Source)
2026-08-07 10:10:51 | INFO     | core.logger_manager:info:44 - Telegram Bot connected
2026-08-07 10:10:51 | INFO     | core.logger_manager:info:44 - Subscription Manager started (polling)
2026-08-07 10:10:51 | INFO     | core.logger_manager:info:44 - System initialization complete
2026-08-07 10:10:51 | INFO     | core.logger_manager:info:44 - BLOCKORA_TRADE started - entering main loop
2026-08-07 10:10:51 | INFO     | core.logger_manager:info:44 - Market OPENED - Starting analysis
2026-08-07 10:11:07 | WARNING  | core.logger_manager:warning:47 - NSE Option Chain unavailable (404) - Using Price Action fallback
2026-08-07 10:12:19 | WARNING  | core.logger_manager:warning:47 - NSE Option Chain unavailable (404) - Using Price Action fallback
2026-08-07 10:13:32 | WARNING  | core.logger_manager:warning:47 - NSE Option Chain unavailable (404) - Using Price Action fallback
2026-08-07 10:13:34 | INFO     | core.logger_manager:info:44 - 🚀 NEW SIGNAL: WATCHLIST NIFTY 24600 PE | Conf: 75.3%
2026-08-07 10:14:37 | WARNING  | core.logger_manager:warning:47 - NSE Option Chain unavailable (404) - Using Price Action fallback
2026-08-07 10:15:54 | WARNING  | core.logger_manager:warning:47 - NSE Option Chain unavailable (404) - Using Price Action fallback
2026-08-07 10:17:07 | WARNING  | core.logger_manager:warning:47 - NSE Option Chain unavailable (404) - Using Price Action fallback
2026-08-07 10:18:19 | WARNING  | core.logger_manager:warning:47 - NSE Option Chain unavailable (404) - Using Price Action fallback
2026-08-07 10:19:31 | WARNING  | core.logger_manager:warning:47 - NSE Option Chain unavailable (404) - Using Price Action fallback
2026-08-07 10:20:47 | WARNING  | core.logger_manager:warning:47 - NSE Option Chain unavailable (404) - Using Price Action fallback
2026-08-07 10:20:47 | INFO     | core.logger_manager:info:44 - 📌 Signal saved: BUY NIFTY 24550 PE @ 24580.75
2026-08-07 10:20:50 | INFO     | core.logger_manager:info:44 - 🚀 NEW SIGNAL: BUY NIFTY 24550 PE | Conf: 80.8%
2026-08-07 10:22:02 | WARNING  | core.logger_manager:warning:47 - NSE Option Chain unavailable (404) - Using Price Action fallback
2026-08-07 10:22:02 | INFO     | core.logger_manager:info:44 - 📊 Outcome: PE 24550.0 → EXPIRED (-2.34)
2026-08-07 10:22:05 | INFO     | core.logger_manager:info:44 - 🚀 NEW SIGNAL: WATCHLIST NIFTY 24600 PE | Conf: 80.8%
2026-08-07 10:23:16 | WARNING  | core.logger_manager:warning:47 - NSE Option Chain unavailable (404) - Using Price Action fallback
2026-08-07 10:23:16 | INFO     | core.logger_manager:info:44 - 📌 Signal saved: BUY NIFTY 24550 PE @ 24580.45
2026-08-07 10:23:18 | INFO     | core.logger_manager:info:44 - 🚀 NEW SIGNAL: BUY NIFTY 24550 PE | Conf: 80.8%
2026-08-07 10:24:30 | WARNING  | core.logger_manager:warning:47 - NSE Option Chain unavailable (404) - Using Price Action fallback
2026-08-07 10:24:30 | INFO     | core.logger_manager:info:44 - 📊 Outcome: PE 24550.0 → EXPIRED_WIN (3.66)
2026-08-07 10:24:32 | INFO     | core.logger_manager:info:44 - 🚀 NEW SIGNAL: WATCHLIST NIFTY 24500 PE | Conf: 72.6%
2026-08-07 10:25:48 | WARNING  | core.logger_manager:warning:47 - NSE Option Chain unavailable (404) - Using Price Action fallback
2026-08-07 10:27:01 | WARNING  | core.logger_manager:warning:47 - NSE Option Chain unavailable (404) - Using Price Action fallback
2026-08-07 10:28:14 | WARNING  | core.logger_manager:warning:47 - NSE Option Chain unavailable (404) - Using Price Action fallback
2026-08-07 10:29:26 | WARNING  | core.logger_manager:warning:47 - NSE Option Chain unavailable (404) - Using Price Action fallback
2026-08-07 10:30:43 | WARNING  | core.logger_manager:warning:47 - NSE Option Chain unavailable (404) - Using Price Action fallback
2026-08-07 10:30:43 | INFO     | core.logger_manager:info:44 - 📌 Signal saved: BUY NIFTY 24500 PE @ 24564.8
2026-08-07 10:30:45 | INFO     | core.logger_manager:info:44 - 🚀 NEW SIGNAL: BUY NIFTY 24500 PE | Conf: 75.7%
2026-08-07 10:31:58 | WARNING  | core.logger_manager:warning:47 - NSE Option Chain unavailable (404) - Using Price Action fallback
2026-08-07 10:31:58 | INFO     | core.logger_manager:info:44 - 📊 Outcome: PE 24500.0 → EXPIRED_WIN (0.74)
2026-08-07 10:33:10 | WARNING  | core.logger_manager:warning:47 - NSE Option Chain unavailable (404) - Using Price Action fallback
2026-08-07 10:34:23 | WARNING  | core.logger_manager:warning:47 - NSE Option Chain unavailable (404) - Using Price Action fallback
2026-08-07 10:35:38 | WARNING  | core.logger_manager:warning:47 - NSE Option Chain unavailable (404) - Using Price Action fallback
2026-08-07 10:36:54 | WARNING  | core.logger_manager:warning:47 - NSE Option Chain unavailable (404) - Using Price Action fallback
2026-08-07 10:36:56 | INFO     | core.logger_manager:info:44 - 🚀 NEW SIGNAL: WATCHLIST NIFTY 24500 PE | Conf: 72.9%
2026-08-07 10:38:10 | WARNING  | core.logger_manager:warning:47 - NSE Option Chain unavailable (404) - Using Price Action fallback
2026-08-07 10:39:20 | WARNING  | core.logger_manager:warning:47 - NSE Option Chain unavailable (404) - Using Price Action fallback
2026-08-07 10:40:36 | WARNING  | core.logger_manager:warning:47 - NSE Option Chain unavailable (404) - Using Price Action fallback
2026-08-07 10:41:53 | WARNING  | core.logger_manager:warning:47 - NSE Option Chain unavailable (404) - Using Price Action fallback
2026-08-07 10:41:55 | INFO     | core.logger_manager:info:44 - 🚀 NEW SIGNAL: WATCHLIST NIFTY 24550 PE | Conf: 83.0%
2026-08-07 10:42:26 | INFO     | core.logger_manager:info:44 - Starting graceful shutdown...
2026-08-07 10:42:26 | INFO     | core.logger_manager:info:44 - Market data connection closed
2026-08-07 10:42:26 | INFO     | core.logger_manager:info:44 - Market engine closed
2026-08-07 10:42:26 | INFO     | core.logger_manager:info:44 - Option Chain Engine shutdown
2026-08-07 10:42:26 | INFO     | core.logger_manager:info:44 - Option engine closed
2026-08-07 10:42:26 | INFO     | core.logger_manager:info:44 - Database saved and closed
2026-08-07 10:42:27 | INFO     | core.logger_manager:info:44 - Graceful shutdown complete
2026-08-07 10:46:10 | INFO     | core.logger_manager:info:44 - BLOCKORA_TRADE v1.0 starting...
2026-08-07 10:46:12 | INFO     | core.logger_manager:info:44 - Angel One SmartAPI connected successfully
2026-08-07 10:46:18 | INFO     | core.logger_manager:info:44 - Historical data loaded: 147 candles
2026-08-07 10:46:20 | INFO     | core.logger_manager:info:44 - Option Chain Engine initialized (Multi-Source)
2026-08-07 10:46:20 | INFO     | core.logger_manager:info:44 - Telegram Bot connected
2026-08-07 10:46:20 | INFO     | core.logger_manager:info:44 - Subscription Manager started (polling)
2026-08-07 10:46:21 | INFO     | core.logger_manager:info:44 - System initialization complete
2026-08-07 10:46:21 | INFO     | core.logger_manager:info:44 - BLOCKORA_TRADE started - entering main loop
2026-08-07 10:46:21 | INFO     | core.logger_manager:info:44 - Market OPENED - Starting analysis
2026-08-07 10:46:35 | WARNING  | core.logger_manager:warning:47 - NSE Option Chain unavailable (404) - Using Price Action fallback
2026-08-07 10:47:38 | WARNING  | core.logger_manager:warning:47 - NSE Option Chain unavailable (404) - Using Price Action fallback
2026-08-07 10:48:51 | WARNING  | core.logger_manager:warning:47 - NSE Option Chain unavailable (404) - Using Price Action fallback
2026-08-07 10:50:03 | WARNING  | core.logger_manager:warning:47 - NSE Option Chain unavailable (404) - Using Price Action fallback
2026-08-07 10:51:10 | WARNING  | core.logger_manager:warning:47 - NSE Option Chain unavailable (404) - Using Price Action fallback
2026-08-07 10:52:27 | WARNING  | core.logger_manager:warning:47 - NSE Option Chain unavailable (404) - Using Price Action fallback
2026-08-07 10:53:40 | WARNING  | core.logger_manager:warning:47 - NSE Option Chain unavailable (404) - Using Price Action fallback
2026-08-07 10:54:52 | WARNING  | core.logger_manager:warning:47 - NSE Option Chain unavailable (404) - Using Price Action fallback
2026-08-07 10:56:09 | WARNING  | core.logger_manager:warning:47 - NSE Option Chain unavailable (404) - Using Price Action fallback
2026-08-07 10:57:20 | WARNING  | core.logger_manager:warning:47 - NSE Option Chain unavailable (404) - Using Price Action fallback
2026-08-07 10:58:32 | WARNING  | core.logger_manager:warning:47 - NSE Option Chain unavailable (404) - Using Price Action fallback
2026-08-07 10:59:44 | WARNING  | core.logger_manager:warning:47 - NSE Option Chain unavailable (404) - Using Price Action fallback
2026-08-07 11:01:02 | WARNING  | core.logger_manager:warning:47 - NSE Option Chain unavailable (404) - Using Price Action fallback
2026-08-07 11:02:19 | WARNING  | core.logger_manager:warning:47 - NSE Option Chain unavailable (404) - Using Price Action fallback
2026-08-07 11:03:32 | WARNING  | core.logger_manager:warning:47 - NSE Option Chain unavailable (404) - Using Price Action fallback
2026-08-07 11:04:45 | WARNING  | core.logger_manager:warning:47 - NSE Option Chain unavailable (404) - Using Price Action fallback
2026-08-07 11:06:02 | WARNING  | core.logger_manager:warning:47 - NSE Option Chain unavailable (404) - Using Price Action fallback
2026-08-07 11:07:19 | WARNING  | core.logger_manager:warning:47 - NSE Option Chain unavailable (404) - Using Price Action fallback
2026-08-07 11:08:32 | WARNING  | core.logger_manager:warning:47 - NSE Option Chain unavailable (404) - Using Price Action fallback
2026-08-07 11:09:45 | WARNING  | core.logger_manager:warning:47 - NSE Option Chain unavailable (404) - Using Price Action fallback
2026-08-07 11:11:01 | WARNING  | core.logger_manager:warning:47 - NSE Option Chain unavailable (404) - Using Price Action fallback
2026-08-07 11:13:01 | WARNING  | core.logger_manager:warning:47 - NSE Option Chain unavailable (404) - Using Price Action fallback
2026-08-07 11:14:41 | WARNING  | core.logger_manager:warning:47 - NSE Option Chain unavailable (404) - Using Price Action fallback
2026-08-07 11:15:59 | WARNING  | core.logger_manager:warning:47 - NSE Option Chain unavailable (404) - Using Price Action fallback
2026-08-07 11:17:11 | WARNING  | core.logger_manager:warning:47 - NSE Option Chain unavailable (404) - Using Price Action fallback
2026-08-07 11:18:25 | WARNING  | core.logger_manager:warning:47 - NSE Option Chain unavailable (404) - Using Price Action fallback
2026-08-07 11:19:38 | WARNING  | core.logger_manager:warning:47 - NSE Option Chain unavailable (404) - Using Price Action fallback
2026-08-07 11:20:55 | WARNING  | core.logger_manager:warning:47 - NSE Option Chain unavailable (404) - Using Price Action fallback
2026-08-07 11:22:55 | WARNING  | core.logger_manager:warning:47 - NSE Option Chain unavailable (404) - Using Price Action fallback
2026-08-07 11:25:59 | WARNING  | core.logger_manager:warning:47 - NSE Option Chain unavailable (404) - Using Price Action fallback
2026-08-07 11:28:51 | WARNING  | core.logger_manager:warning:47 - NSE Option Chain unavailable (404) - Using Price Action fallback
2026-08-07 11:31:43 | WARNING  | core.logger_manager:warning:47 - NSE Option Chain unavailable (404) - Using Price Action fallback
2026-08-07 11:36:04 | WARNING  | core.logger_manager:warning:47 - NSE Option Chain unavailable (404) - Using Price Action fallback
2026-08-07 11:36:06 | INFO     | core.logger_manager:info:44 - 🚀 NEW SIGNAL: WATCHLIST NIFTY 24600 CE | Conf: 72.3%
2026-08-07 11:41:03 | WARNING  | core.logger_manager:warning:47 - NSE Option Chain unavailable (404) - Using Price Action fallback
2026-08-07 11:43:06 | WARNING  | core.logger_manager:warning:47 - NSE Option Chain unavailable (404) - Using Price Action fallback
2026-08-07 11:44:40 | WARNING  | core.logger_manager:warning:47 - NSE Option Chain unavailable (404) - Using Price Action fallback
2026-08-07 11:45:57 | WARNING  | core.logger_manager:warning:47 - NSE Option Chain unavailable (404) - Using Price Action fallback
2026-08-07 11:47:17 | WARNING  | core.logger_manager:warning:47 - NSE Option Chain unavailable (404) - Using Price Action fallback
2026-08-07 11:48:30 | WARNING  | core.logger_manager:warning:47 - NSE Option Chain unavailable (404) - Using Price Action fallback
2026-08-07 11:49:57 | WARNING  | core.logger_manager:warning:47 - NSE Option Chain unavailable (404) - Using Price Action fallback
2026-08-07 11:51:55 | WARNING  | core.logger_manager:warning:47 - NSE Option Chain unavailable (404) - Using Price Action fallback
2026-08-07 11:54:19 | WARNING  | core.logger_manager:warning:47 - NSE Option Chain unavailable (404) - Using Price Action fallback
2026-08-07 11:55:36 | WARNING  | core.logger_manager:warning:47 - NSE Option Chain unavailable (404) - Using Price Action fallback
2026-08-07 11:56:49 | WARNING  | core.logger_manager:warning:47 - NSE Option Chain unavailable (404) - Using Price Action fallback
2026-08-07 11:56:51 | INFO     | core.logger_manager:info:44 - 🚀 NEW SIGNAL: WATCHLIST NIFTY 24550 PE | Conf: 71.4%
2026-08-07 11:58:03 | WARNING  | core.logger_manager:warning:47 - NSE Option Chain unavailable (404) - Using Price Action fallback
2026-08-07 11:59:16 | WARNING  | core.logger_manager:warning:47 - NSE Option Chain unavailable (404) - Using Price Action fallback
2026-08-07 12:00:34 | WARNING  | core.logger_manager:warning:47 - NSE Option Chain unavailable (404) - Using Price Action fallback
2026-08-07 12:01:46 | WARNING  | core.logger_manager:warning:47 - NSE Option Chain unavailable (404) - Using Price Action fallback
2026-08-07 12:02:59 | WARNING  | core.logger_manager:warning:47 - NSE Option Chain unavailable (404) - Using Price Action fallback
2026-08-07 12:04:11 | WARNING  | core.logger_manager:warning:47 - NSE Option Chain unavailable (404) - Using Price Action fallback
2026-08-07 12:05:28 | WARNING  | core.logger_manager:warning:47 - NSE Option Chain unavailable (404) - Using Price Action fallback
2026-08-07 12:06:45 | WARNING  | core.logger_manager:warning:47 - NSE Option Chain unavailable (404) - Using Price Action fallback
2026-08-07 12:06:45 | INFO     | core.logger_manager:info:44 - 📌 Signal saved: BUY NIFTY 24550 PE @ 24550.9
2026-08-07 12:06:48 | INFO     | core.logger_manager:info:44 - 🚀 NEW SIGNAL: BUY NIFTY 24550 PE | Conf: 87.2%
2026-08-07 12:08:00 | WARNING  | core.logger_manager:warning:47 - NSE Option Chain unavailable (404) - Using Price Action fallback
2026-08-07 12:08:00 | INFO     | core.logger_manager:info:44 - 📊 Outcome: PE 24550.0 → EXPIRED (-0.03)
2026-08-07 12:09:03 | WARNING  | core.logger_manager:warning:47 - NSE Option Chain unavailable (404) - Using Price Action fallback
2026-08-07 12:10:20 | WARNING  | core.logger_manager:warning:47 - NSE Option Chain unavailable (404) - Using Price Action fallback
2026-08-07 12:10:23 | INFO     | core.logger_manager:info:44 - 🚀 NEW SIGNAL: WATCHLIST NIFTY 24550 PE | Conf: 77.0%
2026-08-07 12:11:35 | WARNING  | core.logger_manager:warning:47 - NSE Option Chain unavailable (404) - Using Price Action fallback
2026-08-07 12:12:45 | WARNING  | core.logger_manager:warning:47 - NSE Option Chain unavailable (404) - Using Price Action fallback
2026-08-07 12:13:57 | WARNING  | core.logger_manager:warning:47 - NSE Option Chain unavailable (404) - Using Price Action fallback
2026-08-07 12:13:57 | INFO     | core.logger_manager:info:44 - 📌 Signal saved: BUY NIFTY 24550 PE @ 24546.1
2026-08-07 12:14:00 | INFO     | core.logger_manager:info:44 - 🚀 NEW SIGNAL: BUY NIFTY 24550 PE | Conf: 76.2%
2026-08-07 12:15:17 | WARNING  | core.logger_manager:warning:47 - NSE Option Chain unavailable (404) - Using Price Action fallback
2026-08-07 12:15:17 | INFO     | core.logger_manager:info:44 - 📊 Outcome: PE 24550.0 → EXPIRED_WIN (2.53)
2026-08-07 12:15:17 | INFO     | core.logger_manager:info:44 - 📌 Signal saved: BUY NIFTY 24550 PE @ 24541.5
2026-08-07 12:16:30 | WARNING  | core.logger_manager:warning:47 - NSE Option Chain unavailable (404) - Using Price Action fallback
2026-08-07 12:16:30 | INFO     | core.logger_manager:info:44 - 📊 Outcome: PE 24550.0 → EXPIRED_WIN (3.35)
2026-08-07 12:16:30 | INFO     | core.logger_manager:info:44 - 📌 Signal saved: BUY NIFTY 24550 PE @ 24535.4
2026-08-07 12:17:43 | WARNING  | core.logger_manager:warning:47 - NSE Option Chain unavailable (404) - Using Price Action fallback
2026-08-07 12:17:43 | INFO     | core.logger_manager:info:44 - 📊 Outcome: PE 24550.0 → EXPIRED_WIN (0.52)
2026-08-07 12:17:43 | INFO     | core.logger_manager:info:44 - 📌 Signal saved: BUY NIFTY 24550 PE @ 24534.45
2026-08-07 12:18:55 | WARNING  | core.logger_manager:warning:47 - NSE Option Chain unavailable (404) - Using Price Action fallback
2026-08-07 12:18:55 | INFO     | core.logger_manager:info:44 - 📊 Outcome: PE 24550.0 → EXPIRED (-1.68)
2026-08-07 12:18:55 | INFO     | core.logger_manager:info:44 - 🧬 SELF-LEARNING: WR 0.0% (8 trades) | Threshold +4 | CE-0 PE-6
2026-08-07 12:18:55 | INFO     | core.logger_manager:info:44 - 📌 Signal saved: BUY NIFTY 24550 PE @ 24537.5
2026-08-07 12:20:08 | WARNING  | core.logger_manager:warning:47 - NSE Option Chain unavailable (404) - Using Price Action fallback
2026-08-07 12:20:08 | INFO     | core.logger_manager:info:44 - 📊 Outcome: PE 24550.0 → EXPIRED (-0.19)
2026-08-07 12:20:08 | INFO     | core.logger_manager:info:44 - 🧬 SELF-LEARNING: WR 0.0% (9 trades) | Threshold +4 | CE-0 PE-6
2026-08-07 12:20:08 | INFO     | core.logger_manager:info:44 - 📌 Signal saved: BUY NIFTY 24550 PE @ 24537.85
2026-08-07 12:21:25 | WARNING  | core.logger_manager:warning:47 - NSE Option Chain unavailable (404) - Using Price Action fallback
2026-08-07 12:21:25 | INFO     | core.logger_manager:info:44 - 📊 Outcome: PE 24550.0 → EXPIRED_WIN (1.26)
2026-08-07 12:21:25 | INFO     | core.logger_manager:info:44 - 🧬 SELF-LEARNING: WR 0.0% (10 trades) | Threshold +4 | CE-0 PE-6
2026-08-07 12:21:25 | INFO     | core.logger_manager:info:44 - 📌 Signal saved: BUY NIFTY 24550 PE @ 24535.55
2026-08-07 12:22:35 | WARNING  | core.logger_manager:warning:47 - NSE Option Chain unavailable (404) - Using Price Action fallback
2026-08-07 12:22:35 | INFO     | core.logger_manager:info:44 - 📊 Outcome: PE 24550.0 → EXPIRED (-4.56)
2026-08-07 12:22:35 | INFO     | core.logger_manager:info:44 - 🧬 SELF-LEARNING: WR 0.0% (11 trades) | Threshold +4 | CE-0 PE-6
2026-08-07 12:23:38 | WARNING  | core.logger_manager:warning:47 - NSE Option Chain unavailable (404) - Using Price Action fallback
2026-08-07 12:23:38 | INFO     | core.logger_manager:info:44 - 🧬 SELF-LEARNING: WR 0.0% (11 trades) | Threshold +4 | CE-0 PE-6
2026-08-07 12:25:01 | WARNING  | core.logger_manager:warning:47 - NSE Option Chain unavailable (404) - Using Price Action fallback
2026-08-07 12:25:01 | INFO     | core.logger_manager:info:44 - 🧬 SELF-LEARNING: WR 0.0% (11 trades) | Threshold +4 | CE-0 PE-6
2026-08-07 12:26:18 | WARNING  | core.logger_manager:warning:47 - NSE Option Chain unavailable (404) - Using Price Action fallback
2026-08-07 12:26:18 | INFO     | core.logger_manager:info:44 - 🧬 SELF-LEARNING: WR 0.0% (11 trades) | Threshold +4 | CE-0 PE-6
2026-08-07 12:27:30 | WARNING  | core.logger_manager:warning:47 - NSE Option Chain unavailable (404) - Using Price Action fallback
2026-08-07 12:27:31 | INFO     | core.logger_manager:info:44 - 🧬 SELF-LEARNING: WR 0.0% (11 trades) | Threshold +4 | CE-0 PE-6
2026-08-07 12:28:43 | WARNING  | core.logger_manager:warning:47 - NSE Option Chain unavailable (404) - Using Price Action fallback
2026-08-07 12:28:43 | INFO     | core.logger_manager:info:44 - 🧬 SELF-LEARNING: WR 0.0% (11 trades) | Threshold +4 | CE-0 PE-6
2026-08-07 12:29:54 | WARNING  | core.logger_manager:warning:47 - NSE Option Chain unavailable (404) - Using Price Action fallback
2026-08-07 12:29:54 | INFO     | core.logger_manager:info:44 - 🧬 SELF-LEARNING: WR 0.0% (11 trades) | Threshold +4 | CE-0 PE-6
2026-08-07 12:31:11 | WARNING  | core.logger_manager:warning:47 - NSE Option Chain unavailable (404) - Using Price Action fallback
2026-08-07 12:31:11 | INFO     | core.logger_manager:info:44 - 🧬 SELF-LEARNING: WR 0.0% (11 trades) | Threshold +4 | CE-0 PE-6
2026-08-07 12:32:32 | WARNING  | core.logger_manager:warning:47 - NSE Option Chain unavailable (404) - Using Price Action fallback
2026-08-07 12:32:32 | INFO     | core.logger_manager:info:44 - 🧬 SELF-LEARNING: WR 0.0% (11 trades) | Threshold +4 | CE-0 PE-6
2026-08-07 12:33:44 | WARNING  | core.logger_manager:warning:47 - NSE Option Chain unavailable (404) - Using Price Action fallback
2026-08-07 12:33:44 | INFO     | core.logger_manager:info:44 - 🧬 SELF-LEARNING: WR 0.0% (11 trades) | Threshold +4 | CE-0 PE-6
2026-08-07 12:34:57 | WARNING  | core.logger_manager:warning:47 - NSE Option Chain unavailable (404) - Using Price Action fallback
2026-08-07 12:34:57 | INFO     | core.logger_manager:info:44 - 🧬 SELF-LEARNING: WR 0.0% (11 trades) | Threshold +4 | CE-0 PE-6
2026-08-07 12:36:13 | WARNING  | core.logger_manager:warning:47 - NSE Option Chain unavailable (404) - Using Price Action fallback
2026-08-07 12:36:13 | INFO     | core.logger_manager:info:44 - 🧬 SELF-LEARNING: WR 0.0% (11 trades) | Threshold +4 | CE-0 PE-6
2026-08-07 12:37:29 | WARNING  | core.logger_manager:warning:47 - NSE Option Chain unavailable (404) - Using Price Action fallback
2026-08-07 12:37:29 | INFO     | core.logger_manager:info:44 - 🧬 SELF-LEARNING: WR 0.0% (11 trades) | Threshold +4 | CE-0 PE-6
2026-08-07 12:38:46 | WARNING  | core.logger_manager:warning:47 - NSE Option Chain unavailable (404) - Using Price Action fallback
2026-08-07 12:38:46 | INFO     | core.logger_manager:info:44 - 🧬 SELF-LEARNING: WR 0.0% (11 trades) | Threshold +4 | CE-0 PE-6
2026-08-07 12:40:04 | WARNING  | core.logger_manager:warning:47 - NSE Option Chain unavailable (404) - Using Price Action fallback
2026-08-07 12:40:04 | INFO     | core.logger_manager:info:44 - 🧬 SELF-LEARNING: WR 0.0% (11 trades) | Threshold +4 | CE-0 PE-6
2026-08-07 12:41:36 | WARNING  | core.logger_manager:warning:47 - NSE Option Chain unavailable (404) - Using Price Action fallback
2026-08-07 12:41:36 | INFO     | core.logger_manager:info:44 - 🧬 SELF-LEARNING: WR 0.0% (11 trades) | Threshold +4 | CE-0 PE-6
2026-08-07 12:42:52 | WARNING  | core.logger_manager:warning:47 - NSE Option Chain unavailable (404) - Using Price Action fallback
2026-08-07 12:42:52 | INFO     | core.logger_manager:info:44 - 🧬 SELF-LEARNING: WR 0.0% (11 trades) | Threshold +4 | CE-0 PE-6
2026-08-07 12:44:58 | WARNING  | core.logger_manager:warning:47 - NSE Option Chain unavailable (404) - Using Price Action fallback
2026-08-07 12:44:58 | INFO     | core.logger_manager:info:44 - 🧬 SELF-LEARNING: WR 0.0% (11 trades) | Threshold +4 | CE-0 PE-6
2026-08-07 12:48:48 | WARNING  | core.logger_manager:warning:47 - NSE Option Chain unavailable (404) - Using Price Action fallback
2026-08-07 12:48:48 | INFO     | core.logger_manager:info:44 - 🧬 SELF-LEARNING: WR 0.0% (11 trades) | Threshold +4 | CE-0 PE-6
2026-08-07 12:52:53 | WARNING  | core.logger_manager:warning:47 - NSE Option Chain unavailable (404) - Using Price Action fallback
2026-08-07 12:52:53 | INFO     | core.logger_manager:info:44 - 🧬 SELF-LEARNING: WR 0.0% (11 trades) | Threshold +4 | CE-0 PE-6
2026-08-07 12:58:00 | WARNING  | core.logger_manager:warning:47 - NSE Option Chain unavailable (404) - Using Price Action fallback
2026-08-07 12:58:00 | INFO     | core.logger_manager:info:44 - 🧬 SELF-LEARNING: WR 0.0% (11 trades) | Threshold +4 | CE-0 PE-6
2026-08-07 12:59:39 | WARNING  | core.logger_manager:warning:47 - NSE Option Chain unavailable (404) - Using Price Action fallback
2026-08-07 12:59:39 | INFO     | core.logger_manager:info:44 - 🧬 SELF-LEARNING: WR 0.0% (11 trades) | Threshold +4 | CE-0 PE-6
2026-08-07 13:03:01 | WARNING  | core.logger_manager:warning:47 - NSE Option Chain unavailable (404) - Using Price Action fallback
2026-08-07 13:03:01 | INFO     | core.logger_manager:info:44 - 🧬 SELF-LEARNING: WR 0.0% (11 trades) | Threshold +4 | CE-0 PE-6
2026-08-07 13:06:51 | WARNING  | core.logger_manager:warning:47 - NSE Option Chain unavailable (404) - Using Price Action fallback
2026-08-07 13:06:51 | INFO     | core.logger_manager:info:44 - 🧬 SELF-LEARNING: WR 0.0% (11 trades) | Threshold +4 | CE-0 PE-6
2026-08-07 13:12:47 | WARNING  | core.logger_manager:warning:47 - NSE Option Chain unavailable (404) - Using Price Action fallback
2026-08-07 13:12:47 | INFO     | core.logger_manager:info:44 - 🧬 SELF-LEARNING: WR 0.0% (11 trades) | Threshold +4 | CE-0 PE-6
2026-08-07 13:15:24 | INFO     | core.logger_manager:info:44 - Starting graceful shutdown...
2026-08-07 13:15:38 | INFO     | core.logger_manager:info:44 - Market engine closed
2026-08-07 13:15:38 | INFO     | core.logger_manager:info:44 - Option Chain Engine shutdown
2026-08-07 13:15:38 | INFO     | core.logger_manager:info:44 - Option engine closed
2026-08-07 13:15:38 | INFO     | core.logger_manager:info:44 - Database saved and closed
2026-08-07 13:15:50 | WARNING  | core.logger_manager:warning:47 - Telegram timeout/blocked. Skipping to protect analysis loop.
2026-08-07 13:15:50 | INFO     | core.logger_manager:info:44 - Graceful shutdown complete
2026-08-07 13:23:35 | INFO     | core.logger_manager:info:44 - BLOCKORA_TRADE v1.0 starting...
2026-08-07 13:24:04 | ERROR    | core.logger_manager:error:50 - Market data init error: HTTPSConnectionPool(host='apiconnect.angelone.in', port=443): Read timed out. (read timeout=7)
2026-08-07 13:24:04 | ERROR    | core.logger_manager:error:50 - Initialization failed: HTTPSConnectionPool(host='apiconnect.angelone.in', port=443): Read timed out. (read timeout=7)
2026-08-07 13:57:12 | INFO     | core.logger_manager:info:44 - BLOCKORA_TRADE v1.0 starting...
2026-08-07 13:57:14 | INFO     | core.logger_manager:info:44 - Angel One SmartAPI connected successfully
2026-08-07 13:57:20 | INFO     | core.logger_manager:info:44 - Historical data loaded: 147 candles
2026-08-07 13:57:21 | INFO     | core.logger_manager:info:44 - Option Chain Engine initialized (Multi-Source)
2026-08-07 13:57:31 | INFO     | core.logger_manager:info:44 - Telegram Bot connected
2026-08-07 13:57:31 | INFO     | core.logger_manager:info:44 - Subscription Manager started (polling)
2026-08-07 13:57:32 | INFO     | core.logger_manager:info:44 - System initialization complete
2026-08-07 13:57:32 | INFO     | core.logger_manager:info:44 - BLOCKORA_TRADE started - entering main loop
2026-08-07 13:57:32 | INFO     | core.logger_manager:info:44 - Market OPENED - Starting analysis
2026-08-07 13:57:44 | INFO     | core.logger_manager:info:44 - Instrument master download (~30MB, once daily)...
2026-08-07 13:57:44 | WARNING  | core.logger_manager:warning:47 - Token load failed (fallback active): name 'requests' is not defined
2026-08-07 13:57:44 | WARNING  | core.logger_manager:warning:47 - NSE Option Chain unavailable (404) - Using Price Action fallback
2026-08-07 13:57:44 | INFO     | core.logger_manager:info:44 - 🧬 SELF-LEARNING: WR 0.0% (11 trades) | Threshold +4 | CE-0 PE-6
2026-08-07 13:58:54 | INFO     | core.logger_manager:info:44 - Instrument master download (~30MB, once daily)...
2026-08-07 13:58:54 | WARNING  | core.logger_manager:warning:47 - Token load failed (fallback active): name 'requests' is not defined
2026-08-07 13:58:54 | WARNING  | core.logger_manager:warning:47 - NSE Option Chain unavailable (404) - Using Price Action fallback
2026-08-07 13:58:54 | INFO     | core.logger_manager:info:44 - 🧬 SELF-LEARNING: WR 0.0% (11 trades) | Threshold +4 | CE-0 PE-6
2026-08-07 14:00:06 | INFO     | core.logger_manager:info:44 - Instrument master download (~30MB, once daily)...
2026-08-07 14:00:06 | WARNING  | core.logger_manager:warning:47 - Token load failed (fallback active): name 'requests' is not defined
2026-08-07 14:00:06 | WARNING  | core.logger_manager:warning:47 - NSE Option Chain unavailable (404) - Using Price Action fallback
2026-08-07 14:00:06 | INFO     | core.logger_manager:info:44 - 🧬 SELF-LEARNING: WR 0.0% (11 trades) | Threshold +4 | CE-0 PE-6
2026-08-07 14:00:19 | INFO     | core.logger_manager:info:44 - Starting graceful shutdown...
2026-08-07 14:00:19 | INFO     | core.logger_manager:info:44 - Market data connection closed
2026-08-07 14:00:19 | INFO     | core.logger_manager:info:44 - Market engine closed
2026-08-07 14:00:19 | INFO     | core.logger_manager:info:44 - Option Chain Engine shutdown
2026-08-07 14:00:19 | INFO     | core.logger_manager:info:44 - Option engine closed
2026-08-07 14:00:19 | INFO     | core.logger_manager:info:44 - Database saved and closed
2026-08-07 14:00:20 | INFO     | core.logger_manager:info:44 - Graceful shutdown complete
2026-08-07 14:01:48 | INFO     | core.logger_manager:info:44 - BLOCKORA_TRADE v1.0 starting...
2026-08-07 14:01:49 | INFO     | core.logger_manager:info:44 - Angel One SmartAPI connected successfully
2026-08-07 14:01:55 | WARNING  | core.logger_manager:warning:47 - Historical attempt 1 failed
2026-08-07 14:02:00 | WARNING  | core.logger_manager:warning:47 - Historical attempt 2 failed
2026-08-07 14:02:05 | WARNING  | core.logger_manager:warning:47 - Historical attempt 3 failed
2026-08-07 14:02:06 | INFO     | core.logger_manager:info:44 - Option Chain Engine initialized (Multi-Source)
2026-08-07 14:02:07 | INFO     | core.logger_manager:info:44 - Telegram Bot connected
2026-08-07 14:02:07 | INFO     | core.logger_manager:info:44 - Subscription Manager started (polling)
2026-08-07 14:02:07 | INFO     | core.logger_manager:info:44 - System initialization complete
2026-08-07 14:02:07 | INFO     | core.logger_manager:info:44 - BLOCKORA_TRADE started - entering main loop
2026-08-07 14:02:07 | INFO     | core.logger_manager:info:44 - Market OPENED - Starting analysis
2026-08-07 14:02:24 | INFO     | core.logger_manager:info:44 - Instrument master download (~30MB, once daily)...
2026-08-07 14:02:24 | WARNING  | core.logger_manager:warning:47 - Token load failed (fallback active): File is not a zip file
2026-08-07 14:02:24 | WARNING  | core.logger_manager:warning:47 - NSE Option Chain unavailable (404) - Using Price Action fallback
2026-08-07 14:03:36 | INFO     | core.logger_manager:info:44 - Instrument master download (~30MB, once daily)...
2026-08-07 14:03:36 | WARNING  | core.logger_manager:warning:47 - Token load failed (fallback active): File is not a zip file
2026-08-07 14:03:36 | WARNING  | core.logger_manager:warning:47 - NSE Option Chain unavailable (404) - Using Price Action fallback
2026-08-07 14:04:48 | INFO     | core.logger_manager:info:44 - Instrument master download (~30MB, once daily)...
2026-08-07 14:04:48 | WARNING  | core.logger_manager:warning:47 - Token load failed (fallback active): File is not a zip file
2026-08-07 14:04:48 | WARNING  | core.logger_manager:warning:47 - NSE Option Chain unavailable (404) - Using Price Action fallback
2026-08-07 14:05:14 | INFO     | core.logger_manager:info:44 - Starting graceful shutdown...
2026-08-07 14:05:14 | INFO     | core.logger_manager:info:44 - Market data connection closed
2026-08-07 14:05:14 | INFO     | core.logger_manager:info:44 - Market engine closed
2026-08-07 14:05:14 | INFO     | core.logger_manager:info:44 - Option Chain Engine shutdown
2026-08-07 14:05:14 | INFO     | core.logger_manager:info:44 - Option engine closed
2026-08-07 14:05:14 | INFO     | core.logger_manager:info:44 - Database saved and closed
2026-08-07 14:05:15 | INFO     | core.logger_manager:info:44 - Graceful shutdown complete
2026-08-07 14:06:19 | INFO     | core.logger_manager:info:44 - BLOCKORA_TRADE v1.0 starting...
2026-08-07 14:06:20 | INFO     | core.logger_manager:info:44 - Angel One SmartAPI connected successfully
2026-08-07 14:06:26 | WARNING  | core.logger_manager:warning:47 - Historical attempt 1 failed
2026-08-07 14:06:32 | INFO     | core.logger_manager:info:44 - Historical data loaded: 147 candles
2026-08-07 14:06:32 | INFO     | core.logger_manager:info:44 - Option Chain Engine initialized (Multi-Source)
2026-08-07 14:06:33 | INFO     | core.logger_manager:info:44 - Telegram Bot connected
2026-08-07 14:06:33 | INFO     | core.logger_manager:info:44 - Subscription Manager started (polling)
2026-08-07 14:06:33 | INFO     | core.logger_manager:info:44 - System initialization complete
2026-08-07 14:06:33 | INFO     | core.logger_manager:info:44 - BLOCKORA_TRADE started - entering main loop
2026-08-07 14:06:33 | INFO     | core.logger_manager:info:44 - Market OPENED - Starting analysis
2026-08-07 14:06:51 | INFO     | core.logger_manager:info:44 - Instrument master download (~30MB, once daily)...
2026-08-07 14:06:51 | WARNING  | core.logger_manager:warning:47 - Token load failed (fallback active): Master parse fail: b'404: Not Found'
2026-08-07 14:06:51 | WARNING  | core.logger_manager:warning:47 - NSE Option Chain unavailable (404) - Using Price Action fallback
2026-08-07 14:08:02 | INFO     | core.logger_manager:info:44 - Starting graceful shutdown...
2026-08-07 14:08:02 | INFO     | core.logger_manager:info:44 - Market data connection closed
2026-08-07 14:08:02 | INFO     | core.logger_manager:info:44 - Market engine closed
2026-08-07 14:08:02 | INFO     | core.logger_manager:info:44 - Option Chain Engine shutdown
2026-08-07 14:08:02 | INFO     | core.logger_manager:info:44 - Option engine closed
2026-08-07 14:08:02 | INFO     | core.logger_manager:info:44 - Database saved and closed
2026-08-07 14:08:03 | INFO     | core.logger_manager:info:44 - Graceful shutdown complete
2026-08-07 14:55:04 | INFO     | core.logger_manager:info:44 - BLOCKORA_TRADE v1.0 starting...
2026-08-07 14:55:06 | INFO     | core.logger_manager:info:44 - Angel One SmartAPI connected successfully
2026-08-07 14:55:13 | INFO     | core.logger_manager:info:44 - Historical data loaded: 148 candles
2026-08-07 14:55:14 | INFO     | core.logger_manager:info:44 - Option Chain Engine initialized (Multi-Source)
2026-08-07 14:55:16 | INFO     | core.logger_manager:info:44 - Telegram Bot connected
2026-08-07 14:55:16 | INFO     | core.logger_manager:info:44 - Subscription Manager started (polling)
2026-08-07 14:55:16 | INFO     | core.logger_manager:info:44 - System initialization complete
2026-08-07 14:55:16 | INFO     | core.logger_manager:info:44 - BLOCKORA_TRADE started - entering main loop
2026-08-07 14:55:16 | INFO     | core.logger_manager:info:44 - Market OPENED - Starting analysis
2026-08-07 14:55:30 | INFO     | core.logger_manager:info:44 - Instrument master download (~30MB, once daily)...
2026-08-07 14:56:52 | INFO     | core.logger_manager:info:44 - Master downloaded: https://margincalculator.angelbroking.com/OpenAPI_File/files/OpenAPIScripMaster.json
2026-08-07 14:56:52 | WARNING  | core.logger_manager:warning:47 - Token load failed (fallback active): No NIFTY tokens; sample: {'token': '99926000', 'symbol': 'Nifty 50', 'name': 'NIFTY', 'expiry': '', 'strike': '0.000000', 'lotsize': '1', 'instrumenttype': 'AMXIDX', 'exch_seg': 'NSE', 'tick_size': '0.000000', 'freeze_qty': '
2026-08-07 14:56:52 | WARNING  | core.logger_manager:warning:47 - NSE Option Chain unavailable (404) - Using Price Action fallback
2026-08-07 14:58:05 | INFO     | core.logger_manager:info:44 - Instrument master download (~30MB, once daily)...
2026-08-07 14:58:46 | INFO     | core.logger_manager:info:44 - Master downloaded: https://margincalculator.angelbroking.com/OpenAPI_File/files/OpenAPIScripMaster.json
2026-08-07 14:58:46 | WARNING  | core.logger_manager:warning:47 - Token load failed (fallback active): No NIFTY tokens; sample: {'token': '99926000', 'symbol': 'Nifty 50', 'name': 'NIFTY', 'expiry': '', 'strike': '0.000000', 'lotsize': '1', 'instrumenttype': 'AMXIDX', 'exch_seg': 'NSE', 'tick_size': '0.000000', 'freeze_qty': '
2026-08-07 14:58:46 | WARNING  | core.logger_manager:warning:47 - NSE Option Chain unavailable (404) - Using Price Action fallback
2026-08-07 14:58:47 | INFO     | core.logger_manager:info:44 - Starting graceful shutdown...
2026-08-07 14:58:48 | INFO     | core.logger_manager:info:44 - Market data connection closed
2026-08-07 14:58:48 | INFO     | core.logger_manager:info:44 - Market engine closed
2026-08-07 14:58:48 | INFO     | core.logger_manager:info:44 - Option Chain Engine shutdown
2026-08-07 14:58:48 | INFO     | core.logger_manager:info:44 - Option engine closed
2026-08-07 14:58:48 | INFO     | core.logger_manager:info:44 - Database saved and closed
2026-08-07 14:58:49 | INFO     | core.logger_manager:info:44 - Graceful shutdown complete
2026-08-07 14:59:59 | INFO     | core.logger_manager:info:44 - BLOCKORA_TRADE v1.0 starting...
2026-08-07 15:00:00 | INFO     | core.logger_manager:info:44 - Angel One SmartAPI connected successfully
2026-08-07 15:00:07 | WARNING  | core.logger_manager:warning:47 - Historical attempt 1 failed
2026-08-07 15:00:12 | INFO     | core.logger_manager:info:44 - Historical data loaded: 148 candles
2026-08-07 15:00:13 | INFO     | core.logger_manager:info:44 - Option Chain Engine initialized (Multi-Source)
2026-08-07 15:00:15 | INFO     | core.logger_manager:info:44 - Telegram Bot connected
2026-08-07 15:00:15 | INFO     | core.logger_manager:info:44 - Subscription Manager started (polling)
2026-08-07 15:00:15 | INFO     | core.logger_manager:info:44 - System initialization complete
2026-08-07 15:00:15 | INFO     | core.logger_manager:info:44 - BLOCKORA_TRADE started - entering main loop
2026-08-07 15:00:15 | INFO     | core.logger_manager:info:44 - Market OPENED - Starting analysis
2026-08-07 15:00:29 | INFO     | core.logger_manager:info:44 - Instrument master download (~30MB, once daily)...
2026-08-07 15:01:28 | INFO     | core.logger_manager:info:44 - Master downloaded: https://margincalculator.angelbroking.com/OpenAPI_File/files/OpenAPIScripMaster.json
2026-08-07 15:01:28 | WARNING  | core.logger_manager:warning:47 - Token load failed (fallback active): No NIFTY tokens; sample: {'token': '99926000', 'symbol': 'Nifty 50', 'name': 'NIFTY', 'expiry': '', 'strike': '0.000000', 'lotsize': '1', 'instrumenttype': 'AMXIDX', 'exch_seg': 'NSE', 'tick_size': '0.000000', 'freeze_qty': '
2026-08-07 15:01:28 | WARNING  | core.logger_manager:warning:47 - NSE Option Chain unavailable (404) - Using Price Action fallback
2026-08-07 15:02:51 | INFO     | core.logger_manager:info:44 - Instrument master download (~30MB, once daily)...
2026-08-07 15:04:04 | INFO     | core.logger_manager:info:44 - Starting graceful shutdown...
2026-08-07 15:04:10 | INFO     | core.logger_manager:info:44 - Market data connection closed
2026-08-07 15:04:10 | INFO     | core.logger_manager:info:44 - Market engine closed
2026-08-07 15:04:10 | INFO     | core.logger_manager:info:44 - Option Chain Engine shutdown
2026-08-07 15:04:10 | INFO     | core.logger_manager:info:44 - Option engine closed
2026-08-07 15:04:10 | INFO     | core.logger_manager:info:44 - Database saved and closed
2026-08-07 15:04:13 | INFO     | core.logger_manager:info:44 - Graceful shutdown complete
2026-08-07 19:24:03 | INFO     | core.logger_manager:info:44 - BLOCKORA_TRADE v1.0 starting...
2026-08-07 19:24:06 | INFO     | core.logger_manager:info:44 - Angel One SmartAPI connected successfully
2026-08-07 19:24:12 | INFO     | core.logger_manager:info:44 - Historical data loaded: 148 candles
2026-08-07 19:24:13 | INFO     | core.logger_manager:info:44 - Option Chain Engine initialized (Multi-Source)
2026-08-07 19:24:14 | INFO     | core.logger_manager:info:44 - Telegram Bot connected
2026-08-07 19:24:14 | INFO     | core.logger_manager:info:44 - Subscription Manager started (polling)
2026-08-07 19:24:14 | INFO     | core.logger_manager:info:44 - System initialization complete
2026-08-07 19:24:14 | INFO     | core.logger_manager:info:44 - BLOCKORA_TRADE started - entering main loop
2026-08-07 19:26:41 | INFO     | core.logger_manager:info:44 - Starting graceful shutdown...
2026-08-07 19:26:41 | INFO     | core.logger_manager:info:44 - Market data connection closed
2026-08-07 19:26:41 | INFO     | core.logger_manager:info:44 - Market engine closed
2026-08-07 19:26:41 | INFO     | core.logger_manager:info:44 - Option Chain Engine shutdown
2026-08-07 19:26:41 | INFO     | core.logger_manager:info:44 - Option engine closed
2026-08-07 19:26:41 | INFO     | core.logger_manager:info:44 - Database saved and closed
2026-08-07 19:26:42 | INFO     | core.logger_manager:info:44 - Graceful shutdown complete
2026-08-07 19:26:51 | INFO     | core.logger_manager:info:44 - Angel One SmartAPI connected successfully
2026-08-07 19:26:58 | INFO     | core.logger_manager:info:44 - Historical data loaded: 148 candles
2026-08-07 19:26:58 | INFO     | core.logger_manager:info:44 - Instrument master download (~30MB, once daily)...
2026-08-07 19:26:58 | WARNING  | core.logger_manager:warning:47 - Token load failed (fallback active): All URLs failed. Last: ''
2026-08-07 19:30:17 | INFO     | core.logger_manager:info:44 - Angel One SmartAPI connected successfully
2026-08-07 19:30:24 | INFO     | core.logger_manager:info:44 - Historical data loaded: 148 candles
2026-08-07 19:30:24 | INFO     | core.logger_manager:info:44 - Instrument master download (~30MB, once daily)...
2026-08-07 19:30:59 | INFO     | core.logger_manager:info:44 - Master downloaded: https://margincalculator.angelbroking.com/OpenAPI_File/files/OpenAPIScripMaster.json
2026-08-07 19:30:59 | INFO     | core.logger_manager:info:44 - Tokens saved: 226
2026-08-07 19:36:00 | INFO     | core.logger_manager:info:44 - Angel One SmartAPI connected successfully
2026-08-07 19:36:06 | INFO     | core.logger_manager:info:44 - Historical data loaded: 148 candles
2026-08-07 19:36:18 | INFO     | core.logger_manager:info:44 - Angel One SmartAPI connected successfully
2026-08-07 19:36:25 | INFO     | core.logger_manager:info:44 - Historical data loaded: 148 candles
2026-08-07 23:54:40 | INFO     | core.logger_manager:info:44 - BLOCKORA_TRADE v1.0 starting...
2026-08-07 23:54:41 | INFO     | core.logger_manager:info:44 - Angel One SmartAPI connected successfully
2026-08-07 23:54:47 | INFO     | core.logger_manager:info:44 - Historical data loaded: 148 candles
2026-08-07 23:54:50 | INFO     | core.logger_manager:info:44 - Option Chain Engine initialized (Multi-Source)
2026-08-07 23:54:51 | INFO     | core.logger_manager:info:44 - Telegram Bot connected
2026-08-07 23:54:51 | INFO     | core.logger_manager:info:44 - Subscription Manager started (polling)
2026-08-07 23:54:51 | INFO     | core.logger_manager:info:44 - System initialization complete
2026-08-07 23:54:51 | INFO     | core.logger_manager:info:44 - BLOCKORA_TRADE started - entering main loop
2026-08-07 23:55:12 | INFO     | core.logger_manager:info:44 - Starting graceful shutdown...
2026-08-07 23:55:13 | INFO     | core.logger_manager:info:44 - Market data connection closed
2026-08-07 23:55:13 | INFO     | core.logger_manager:info:44 - Market engine closed
2026-08-07 23:55:13 | INFO     | core.logger_manager:info:44 - Option Chain Engine shutdown
2026-08-07 23:55:13 | INFO     | core.logger_manager:info:44 - Option engine closed
2026-08-07 23:55:13 | INFO     | core.logger_manager:info:44 - Database saved and closed
2026-08-07 23:55:13 | INFO     | core.logger_manager:info:44 - Graceful shutdown complete
2026-08-08 00:00:32 | INFO     | core.logger_manager:info:44 - Angel One SmartAPI connected successfully
2026-08-08 00:00:38 | INFO     | core.logger_manager:info:44 - Historical data loaded: 148 candles
2026-08-08 06:08:08 | INFO     | core.logger_manager:info:44 - Angel One SmartAPI connected successfully
2026-08-08 06:08:14 | INFO     | core.logger_manager:info:44 - Historical data loaded: 148 candles
2026-08-08 06:17:02 | INFO     | core.logger_manager:info:44 - Angel One SmartAPI connected successfully
2026-08-08 06:17:09 | INFO     | core.logger_manager:info:44 - Historical data loaded: 148 candles
2026-08-08 15:16:20 | ERROR    | core.logger_manager:error:50 - Telegram init error: HTTPSConnectionPool(host='api.telegram.org', port=443): Max retries exceeded wit
2026-08-08 15:17:08 | INFO     | core.logger_manager:info:44 - Telegram Bot connected
2026-08-10 08:57:18 | INFO     | core.logger_manager:info:44 - BLOCKORA_TRADE v1.0 starting...
2026-08-10 08:57:19 | INFO     | core.logger_manager:info:44 - Angel One SmartAPI connected successfully
2026-08-10 08:57:26 | INFO     | core.logger_manager:info:44 - Historical data loaded: 1 candles
2026-08-10 08:57:26 | INFO     | core.logger_manager:info:44 - Option Chain Engine initialized (Multi-Source)
2026-08-10 08:57:27 | INFO     | core.logger_manager:info:44 - Telegram Bot connected
2026-08-10 08:57:27 | INFO     | core.logger_manager:info:44 - Subscription Manager started (polling)
2026-08-10 08:57:27 | INFO     | core.logger_manager:info:44 - System initialization complete
2026-08-10 08:57:27 | INFO     | core.logger_manager:info:44 - BLOCKORA_TRADE started - entering main loop
2026-08-10 08:57:33 | INFO     | core.logger_manager:info:44 - Starting graceful shutdown...
2026-08-10 08:57:33 | INFO     | core.logger_manager:info:44 - Market data connection closed
2026-08-10 08:57:33 | INFO     | core.logger_manager:info:44 - Market engine closed
2026-08-10 08:57:33 | INFO     | core.logger_manager:info:44 - Option Chain Engine shutdown
2026-08-10 08:57:33 | INFO     | core.logger_manager:info:44 - Option engine closed
2026-08-10 08:57:33 | INFO     | core.logger_manager:info:44 - Database saved and closed
2026-08-10 08:57:34 | INFO     | core.logger_manager:info:44 - Graceful shutdown complete
2026-08-10 09:02:48 | INFO     | core.logger_manager:info:44 - BLOCKORA_TRADE v1.0 starting...
2026-08-10 09:02:49 | INFO     | core.logger_manager:info:44 - Angel One SmartAPI connected successfully
2026-08-10 09:02:55 | INFO     | core.logger_manager:info:44 - Historical data loaded: 1 candles
2026-08-10 09:02:55 | INFO     | core.logger_manager:info:44 - Option Chain Engine initialized (Multi-Source)
2026-08-10 09:02:56 | INFO     | core.logger_manager:info:44 - Telegram Bot connected
2026-08-10 09:02:56 | INFO     | core.logger_manager:info:44 - Subscription Manager started (polling)
2026-08-10 09:02:56 | INFO     | core.logger_manager:info:44 - System initialization complete
2026-08-10 09:02:56 | INFO     | core.logger_manager:info:44 - BLOCKORA_TRADE started - entering main loop
2026-08-10 09:02:58 | INFO     | core.logger_manager:info:44 - Starting graceful shutdown...
2026-08-10 09:02:58 | INFO     | core.logger_manager:info:44 - Market data connection closed
2026-08-10 09:02:58 | INFO     | core.logger_manager:info:44 - Market engine closed
2026-08-10 09:02:58 | INFO     | core.logger_manager:info:44 - Option Chain Engine shutdown
2026-08-10 09:02:58 | INFO     | core.logger_manager:info:44 - Option engine closed
2026-08-10 09:02:58 | INFO     | core.logger_manager:info:44 - Database saved and closed
2026-08-10 09:02:59 | INFO     | core.logger_manager:info:44 - Graceful shutdown complete
2026-08-10 09:30:19 | INFO     | core.logger_manager:info:44 - BLOCKORA_TRADE v1.0 starting...
2026-08-10 09:30:20 | INFO     | core.logger_manager:info:44 - Angel One SmartAPI connected successfully
2026-08-10 09:30:26 | WARNING  | core.logger_manager:warning:47 - Historical attempt 1 failed
2026-08-10 09:30:32 | WARNING  | core.logger_manager:warning:47 - Historical attempt 2 failed
2026-08-10 09:30:37 | INFO     | core.logger_manager:info:44 - Historical data loaded: 5 candles
2026-08-10 09:30:37 | INFO     | core.logger_manager:info:44 - Option Chain Engine initialized (Multi-Source)
2026-08-10 09:30:38 | INFO     | core.logger_manager:info:44 - Telegram Bot connected
2026-08-10 09:30:38 | INFO     | core.logger_manager:info:44 - Subscription Manager started (polling)
2026-08-10 09:30:38 | INFO     | core.logger_manager:info:44 - System initialization complete
2026-08-10 09:30:38 | INFO     | core.logger_manager:info:44 - BLOCKORA_TRADE started - entering main loop
2026-08-10 09:30:38 | INFO     | core.logger_manager:info:44 - Market OPENED - Starting analysis
2026-08-10 09:31:04 | INFO     | core.logger_manager:info:44 - Instrument master download (~30MB, once daily)...
2026-08-10 09:31:10 | INFO     | core.logger_manager:info:44 - Master downloaded: https://margincalculator.angelbroking.com/OpenAPI_File/files/OpenAPIScripMaster.json
2026-08-10 09:31:10 | INFO     | core.logger_manager:info:44 - Tokens saved: 226
2026-08-10 09:31:10 | WARNING  | core.logger_manager:warning:47 - Stale data: ['Spot stale 29.1s'] - retrying fetch
2026-08-10 09:31:11 | WARNING  | core.logger_manager:warning:47 - NSE Option Chain unavailable (404) - Using Price Action fallback
2026-08-10 09:31:11 | WARNING  | core.logger_manager:warning:47 - Validator REJECT: ['no_liquid_strike']
2026-08-10 09:32:47 | WARNING  | core.logger_manager:warning:47 - Stale data: ['Spot stale 23.5s'] - retrying fetch
2026-08-10 09:32:48 | WARNING  | core.logger_manager:warning:47 - NSE Option Chain unavailable (404) - Using Price Action fallback
2026-08-10 09:32:48 | WARNING  | core.logger_manager:warning:47 - Validator REJECT: ['no_liquid_strike']
2026-08-10 09:34:11 | WARNING  | core.logger_manager:warning:47 - Stale data: ['Spot stale 23.6s'] - retrying fetch
2026-08-10 09:34:12 | WARNING  | core.logger_manager:warning:47 - NSE Option Chain unavailable (404) - Using Price Action fallback
2026-08-10 09:34:12 | WARNING  | core.logger_manager:warning:47 - Validator REJECT: ['no_liquid_strike']
2026-08-10 09:35:37 | WARNING  | core.logger_manager:warning:47 - Stale data: ['Spot stale 21.4s'] - retrying fetch
2026-08-10 09:35:42 | WARNING  | core.logger_manager:warning:47 - NSE Option Chain unavailable (404) - Using Price Action fallback
2026-08-10 09:35:42 | WARNING  | core.logger_manager:warning:47 - Validator REJECT: ['no_liquid_strike']
2026-08-10 09:37:13 | WARNING  | core.logger_manager:warning:47 - Stale data: ['Spot stale 30.8s'] - retrying fetch
2026-08-10 09:37:13 | WARNING  | core.logger_manager:warning:47 - NSE Option Chain unavailable (404) - Using Price Action fallback
2026-08-10 09:37:13 | WARNING  | core.logger_manager:warning:47 - Validator REJECT: ['no_liquid_strike']
2026-08-10 09:39:04 | WARNING  | core.logger_manager:warning:47 - Stale data: ['Spot stale 19.2s'] - retrying fetch
2026-08-10 09:39:04 | WARNING  | core.logger_manager:warning:47 - NSE Option Chain unavailable (404) - Using Price Action fallback
2026-08-10 09:39:04 | WARNING  | core.logger_manager:warning:47 - Validator REJECT: ['no_liquid_strike']
2026-08-10 09:40:29 | WARNING  | core.logger_manager:warning:47 - Stale data: ['Spot stale 20.4s'] - retrying fetch
2026-08-10 09:40:33 | WARNING  | core.logger_manager:warning:47 - NSE Option Chain unavailable (404) - Using Price Action fallback
2026-08-10 09:40:33 | WARNING  | core.logger_manager:warning:47 - Validator REJECT: ['no_liquid_strike']
2026-08-10 09:42:08 | WARNING  | core.logger_manager:warning:47 - Stale data: ['Spot stale 26.2s'] - retrying fetch
2026-08-10 09:42:08 | WARNING  | core.logger_manager:warning:47 - NSE Option Chain unavailable (404) - Using Price Action fallback
2026-08-10 09:42:08 | WARNING  | core.logger_manager:warning:47 - Validator REJECT: ['no_liquid_strike']
2026-08-10 09:44:34 | WARNING  | core.logger_manager:warning:47 - Stale data: ['Spot stale 21.8s'] - retrying fetch
2026-08-10 09:44:34 | WARNING  | core.logger_manager:warning:47 - NSE Option Chain unavailable (404) - Using Price Action fallback
2026-08-10 09:44:34 | WARNING  | core.logger_manager:warning:47 - Validator REJECT: ['no_liquid_strike']
2026-08-10 09:47:48 | WARNING  | core.logger_manager:warning:47 - Stale data: ['Spot stale 69.9s'] - retrying fetch
2026-08-10 09:48:10 | WARNING  | core.logger_manager:warning:47 - NSE Option Chain unavailable (404) - Using Price Action fallback
2026-08-10 09:48:10 | WARNING  | core.logger_manager:warning:47 - Validator REJECT: ['no_liquid_strike']
2026-08-10 09:51:58 | WARNING  | core.logger_manager:warning:47 - Stale data: ['Spot stale 53.7s', 'Candle stale 12min'] - retrying fetch
2026-08-10 09:52:12 | WARNING  | core.logger_manager:warning:47 - NO_TRADE cycle (stale data): ['Candle stale 12min']
2026-08-10 09:53:55 | WARNING  | core.logger_manager:warning:47 - Stale data: ['Spot stale 31.4s', 'Candle stale 14min'] - retrying fetch
2026-08-10 09:54:00 | WARNING  | core.logger_manager:warning:47 - NO_TRADE cycle (stale data): ['Candle stale 14min']
2026-08-10 09:55:34 | WARNING  | core.logger_manager:warning:47 - Stale data: ['Spot stale 27.6s'] - retrying fetch
2026-08-10 09:55:37 | WARNING  | core.logger_manager:warning:47 - NSE Option Chain unavailable (404) - Using Price Action fallback
2026-08-10 09:55:37 | WARNING  | core.logger_manager:warning:47 - Validator REJECT: ['no_liquid_strike']
2026-08-10 09:57:07 | WARNING  | core.logger_manager:warning:47 - Stale data: ['Spot stale 28.0s'] - retrying fetch
2026-08-10 09:57:08 | WARNING  | core.logger_manager:warning:47 - NSE Option Chain unavailable (404) - Using Price Action fallback
2026-08-10 09:57:08 | WARNING  | core.logger_manager:warning:47 - Validator REJECT: ['no_liquid_strike']
2026-08-10 09:58:24 | WARNING  | core.logger_manager:warning:47 - Stale data: ['Spot stale 14.9s'] - retrying fetch
2026-08-10 09:58:25 | WARNING  | core.logger_manager:warning:47 - NSE Option Chain unavailable (404) - Using Price Action fallback
2026-08-10 09:58:25 | WARNING  | core.logger_manager:warning:47 - Validator REJECT: ['no_liquid_strike']
2026-08-10 10:00:00 | WARNING  | core.logger_manager:warning:47 - Stale data: ['Spot stale 32.1s'] - retrying fetch
2026-08-10 10:00:10 | WARNING  | core.logger_manager:warning:47 - NSE Option Chain unavailable (404) - Using Price Action fallback
2026-08-10 10:00:10 | WARNING  | core.logger_manager:warning:47 - Validator REJECT: ['no_liquid_strike']
2026-08-10 10:01:45 | WARNING  | core.logger_manager:warning:47 - Stale data: ['Spot stale 26.0s'] - retrying fetch
2026-08-10 10:01:48 | WARNING  | core.logger_manager:warning:47 - NSE Option Chain unavailable (404) - Using Price Action fallback
2026-08-10 10:01:48 | WARNING  | core.logger_manager:warning:47 - Validator REJECT: ['no_liquid_strike']
2026-08-10 10:03:23 | WARNING  | core.logger_manager:warning:47 - Stale data: ['Spot stale 32.8s'] - retrying fetch
2026-08-10 10:03:25 | WARNING  | core.logger_manager:warning:47 - NSE Option Chain unavailable (404) - Using Price Action fallback
2026-08-10 10:03:25 | WARNING  | core.logger_manager:warning:47 - Validator REJECT: ['no_liquid_strike']
2026-08-10 10:05:28 | WARNING  | core.logger_manager:warning:47 - Stale data: ['Spot stale 56.0s'] - retrying fetch
2026-08-10 10:05:34 | WARNING  | core.logger_manager:warning:47 - NSE Option Chain unavailable (404) - Using Price Action fallback
2026-08-10 10:05:34 | WARNING  | core.logger_manager:warning:47 - Validator REJECT: ['no_liquid_strike']
2026-08-10 10:07:09 | WARNING  | core.logger_manager:warning:47 - Stale data: ['Spot stale 26.6s'] - retrying fetch
2026-08-10 10:07:24 | WARNING  | core.logger_manager:warning:47 - NSE Option Chain unavailable (404) - Using Price Action fallback
2026-08-10 10:07:24 | WARNING  | core.logger_manager:warning:47 - Validator REJECT: ['no_liquid_strike']
2026-08-10 10:08:42 | WARNING  | core.logger_manager:warning:47 - Stale data: ['Spot stale 17.0s'] - retrying fetch
2026-08-10 10:08:43 | WARNING  | core.logger_manager:warning:47 - NSE Option Chain unavailable (404) - Using Price Action fallback
2026-08-10 10:08:43 | WARNING  | core.logger_manager:warning:47 - Validator REJECT: ['no_liquid_strike']
2026-08-10 10:10:13 | WARNING  | core.logger_manager:warning:47 - Stale data: ['Spot stale 27.7s'] - retrying fetch
2026-08-10 10:10:19 | WARNING  | core.logger_manager:warning:47 - NSE Option Chain unavailable (404) - Using Price Action fallback
2026-08-10 10:10:19 | WARNING  | core.logger_manager:warning:47 - Validator REJECT: ['no_liquid_strike']
2026-08-10 10:12:06 | WARNING  | core.logger_manager:warning:47 - Stale data: ['Spot stale 35.9s'] - retrying fetch
2026-08-10 10:12:12 | WARNING  | core.logger_manager:warning:47 - NSE Option Chain unavailable (404) - Using Price Action fallback
2026-08-10 10:12:12 | WARNING  | core.logger_manager:warning:47 - Validator REJECT: ['no_liquid_strike']
2026-08-10 10:13:40 | WARNING  | core.logger_manager:warning:47 - Stale data: ['Spot stale 27.2s'] - retrying fetch
2026-08-10 10:13:41 | WARNING  | core.logger_manager:warning:47 - NSE Option Chain unavailable (404) - Using Price Action fallback
2026-08-10 10:13:41 | WARNING  | core.logger_manager:warning:47 - Validator REJECT: ['no_liquid_strike']
2026-08-10 10:15:08 | WARNING  | core.logger_manager:warning:47 - Stale data: ['Spot stale 25.9s'] - retrying fetch
2026-08-10 10:15:41 | WARNING  | core.logger_manager:warning:47 - NSE Option Chain unavailable (404) - Using Price Action fallback
2026-08-10 10:15:41 | WARNING  | core.logger_manager:warning:47 - Validator REJECT: ['no_liquid_strike']
2026-08-10 10:17:55 | WARNING  | core.logger_manager:warning:47 - Stale data: ['Spot stale 61.0s'] - retrying fetch
2026-08-10 10:18:06 | WARNING  | core.logger_manager:warning:47 - NSE Option Chain unavailable (404) - Using Price Action fallback
2026-08-10 10:18:06 | WARNING  | core.logger_manager:warning:47 - Validator REJECT: ['no_liquid_strike']
2026-08-10 10:20:08 | WARNING  | core.logger_manager:warning:47 - Stale data: ['Spot stale 56.5s', 'Candle stale 10min'] - retrying fetch
2026-08-10 10:20:21 | WARNING  | core.logger_manager:warning:47 - NO_TRADE cycle (stale data): ['Candle stale 10min']
2026-08-10 10:22:10 | WARNING  | core.logger_manager:warning:47 - Stale data: ['Spot stale 38.4s', 'Candle stale 12min'] - retrying fetch
2026-08-10 10:23:02 | WARNING  | core.logger_manager:warning:47 - NO_TRADE cycle (stale data): ['Candle stale 13min']
2026-08-10 10:25:23 | INFO     | core.logger_manager:info:44 - Starting graceful shutdown...
2026-08-10 10:25:40 | INFO     | core.logger_manager:info:44 - Market engine closed
2026-08-10 10:25:40 | INFO     | core.logger_manager:info:44 - Option Chain Engine shutdown
2026-08-10 10:25:40 | INFO     | core.logger_manager:info:44 - Option engine closed
2026-08-10 10:25:40 | INFO     | core.logger_manager:info:44 - Database saved and closed
2026-08-10 10:25:47 | WARNING  | core.logger_manager:warning:47 - Telegram timeout/blocked. Skipping to protect analysis loop.
2026-08-10 10:25:47 | INFO     | core.logger_manager:info:44 - Graceful shutdown complete
2026-08-10 10:32:39 | WARNING  | core.logger_manager:warning:47 - Login attempt 1/3 failed: HTTPSConnectionPool(host='apiconnect.angelone.in', port=443): Read timed out. (read timeout=7)
2026-08-10 10:32:49 | INFO     | core.logger_manager:info:44 - Angel One SmartAPI connected successfully
2026-08-10 10:32:58 | WARNING  | core.logger_manager:warning:47 - Historical attempt 1 failed
2026-08-10 10:33:08 | INFO     | core.logger_manager:info:44 - Historical data loaded: 17 candles
2026-08-10 14:52:29 | INFO     | core.logger_manager:info:44 - BLOCKORA_TRADE v1.0 starting...
2026-08-10 14:52:30 | INFO     | core.logger_manager:info:44 - Angel One SmartAPI connected successfully
2026-08-10 14:52:36 | INFO     | core.logger_manager:info:44 - Historical data loaded: 69 candles
2026-08-10 14:52:37 | INFO     | core.logger_manager:info:44 - Option Chain Engine initialized (Multi-Source)
2026-08-10 14:52:37 | INFO     | core.logger_manager:info:44 - Telegram Bot connected
2026-08-10 14:52:37 | INFO     | core.logger_manager:info:44 - Subscription Manager started (polling)
2026-08-10 14:52:37 | INFO     | core.logger_manager:info:44 - System initialization complete
2026-08-10 14:52:37 | INFO     | core.logger_manager:info:44 - BLOCKORA_TRADE started - entering main loop
2026-08-10 14:52:37 | INFO     | core.logger_manager:info:44 - Market OPENED - Starting analysis
2026-08-10 14:53:03 | WARNING  | core.logger_manager:warning:47 - NSE Option Chain unavailable (404) - Using Price Action fallback
2026-08-10 14:53:03 | INFO     | core.logger_manager:info:44 - Market Regime: SIDEWAYS | ADX:3.2 RSI:15.6 ATR%:0.07
2026-08-10 14:53:03 | WARNING  | core.logger_manager:warning:47 - Validator REJECT: ['no_liquid_strike']
2026-08-10 14:54:25 | WARNING  | core.logger_manager:warning:47 - NSE Option Chain unavailable (404) - Using Price Action fallback
2026-08-10 14:54:25 | INFO     | core.logger_manager:info:44 - Market Regime: SIDEWAYS | ADX:3.2 RSI:15.7 ATR%:0.07
2026-08-10 14:54:25 | WARNING  | core.logger_manager:warning:47 - Validator REJECT: ['no_liquid_strike']
2026-08-10 14:56:55 | WARNING  | core.logger_manager:warning:47 - NSE Option Chain unavailable (404) - Using Price Action fallback
2026-08-10 14:56:55 | INFO     | core.logger_manager:info:44 - Market Regime: TRENDING_STRONG | ADX:73.5 RSI:18.9 ATR%:0.05
2026-08-10 14:56:55 | WARNING  | core.logger_manager:warning:47 - Validator REJECT: ['no_liquid_strike']
2026-08-10 14:59:12 | WARNING  | core.logger_manager:warning:47 - NSE Option Chain unavailable (404) - Using Price Action fallback
2026-08-10 14:59:12 | INFO     | core.logger_manager:info:44 - Market Regime: SIDEWAYS | ADX:5.7 RSI:24.3 ATR%:0.07
2026-08-10 14:59:12 | WARNING  | core.logger_manager:warning:47 - Validator REJECT: ['no_liquid_strike']
2026-08-10 15:00:44 | WARNING  | core.logger_manager:warning:47 - NSE Option Chain unavailable (404) - Using Price Action fallback
2026-08-10 15:00:44 | INFO     | core.logger_manager:info:44 - Market Regime: TRENDING | ADX:60.1 RSI:25.8 ATR%:0.05
2026-08-10 15:00:44 | WARNING  | core.logger_manager:warning:47 - Validator REJECT: ['no_liquid_strike']
2026-08-10 15:02:05 | WARNING  | core.logger_manager:warning:47 - NSE Option Chain unavailable (404) - Using Price Action fallback
2026-08-10 15:02:05 | INFO     | core.logger_manager:info:44 - Market Regime: SIDEWAYS | ADX:5.7 RSI:22.7 ATR%:0.07
2026-08-10 15:02:05 | WARNING  | core.logger_manager:warning:47 - Validator REJECT: ['no_liquid_strike']
2026-08-10 15:03:29 | WARNING  | core.logger_manager:warning:47 - NSE Option Chain unavailable (404) - Using Price Action fallback
2026-08-10 15:03:29 | INFO     | core.logger_manager:info:44 - Market Regime: SIDEWAYS | ADX:5.7 RSI:26.9 ATR%:0.07
2026-08-10 15:03:29 | WARNING  | core.logger_manager:warning:47 - Validator REJECT: ['no_liquid_strike']
2026-08-10 15:04:51 | WARNING  | core.logger_manager:warning:47 - NSE Option Chain unavailable (404) - Using Price Action fallback
2026-08-10 15:04:51 | INFO     | core.logger_manager:info:44 - Market Regime: SIDEWAYS | ADX:5.7 RSI:31.0 ATR%:0.07
2026-08-10 15:04:51 | WARNING  | core.logger_manager:warning:47 - Validator REJECT: ['no_liquid_strike']
2026-08-10 15:06:16 | INFO     | core.logger_manager:info:44 - Starting graceful shutdown...
2026-08-10 15:06:16 | INFO     | core.logger_manager:info:44 - Market data connection closed
2026-08-10 15:06:16 | INFO     | core.logger_manager:info:44 - Market engine closed
2026-08-10 15:06:16 | INFO     | core.logger_manager:info:44 - Option Chain Engine shutdown
2026-08-10 15:06:16 | INFO     | core.logger_manager:info:44 - Option engine closed
2026-08-10 15:06:16 | INFO     | core.logger_manager:info:44 - Database saved and closed
2026-08-10 15:06:17 | INFO     | core.logger_manager:info:44 - Graceful shutdown complete
2026-08-10 15:18:35 | INFO     | core.logger_manager:info:44 - BLOCKORA_TRADE v1.0 starting...
2026-08-10 15:18:36 | INFO     | core.logger_manager:info:44 - Angel One SmartAPI connected successfully
2026-08-10 15:18:42 | INFO     | core.logger_manager:info:44 - Historical data loaded: 74 candles
2026-08-10 15:18:43 | INFO     | core.logger_manager:info:44 - Option Chain Engine initialized (Multi-Source)
2026-08-10 15:18:44 | INFO     | core.logger_manager:info:44 - Telegram Bot connected
2026-08-10 15:18:44 | INFO     | core.logger_manager:info:44 - Subscription Manager started (polling)
2026-08-10 15:18:44 | INFO     | core.logger_manager:info:44 - System initialization complete
2026-08-10 15:18:44 | INFO     | core.logger_manager:info:44 - BLOCKORA_TRADE started - entering main loop
2026-08-10 15:18:44 | INFO     | core.logger_manager:info:44 - Market OPENED - Starting analysis
2026-08-10 15:19:08 | WARNING  | core.logger_manager:warning:47 - Angel chain failed: name 'oi' is not defined
2026-08-10 15:19:08 | WARNING  | core.logger_manager:warning:47 - NSE Option Chain unavailable (404) - Using Price Action fallback
2026-08-10 15:19:08 | INFO     | core.logger_manager:info:44 - Market Regime: SIDEWAYS | ADX:2.9 RSI:29.1 ATR%:0.08
2026-08-10 15:19:08 | WARNING  | core.logger_manager:warning:47 - Validator REJECT: ['no_liquid_strike']
2026-08-10 15:20:33 | WARNING  | core.logger_manager:warning:47 - Angel chain failed: name 'oi' is not defined
2026-08-10 15:20:34 | WARNING  | core.logger_manager:warning:47 - NSE Option Chain unavailable (404) - Using Price Action fallback
2026-08-10 15:20:34 | INFO     | core.logger_manager:info:44 - Market Regime: SIDEWAYS | ADX:2.9 RSI:29.1 ATR%:0.08
2026-08-10 15:20:34 | WARNING  | core.logger_manager:warning:47 - Validator REJECT: ['no_liquid_strike']
2026-08-10 15:23:06 | WARNING  | core.logger_manager:warning:47 - Angel chain failed: name 'oi' is not defined
2026-08-10 15:23:06 | WARNING  | core.logger_manager:warning:47 - NSE Option Chain unavailable (404) - Using Price Action fallback
2026-08-10 15:23:06 | INFO     | core.logger_manager:info:44 - Market Regime: TRENDING | ADX:74.2 RSI:29.1 ATR%:0.06
2026-08-10 15:23:06 | WARNING  | core.logger_manager:warning:47 - Validator REJECT: ['no_liquid_strike']
2026-08-10 15:29:23 | WARNING  | core.logger_manager:warning:47 - Angel chain failed: name 'oi' is not defined
2026-08-10 15:29:23 | WARNING  | core.logger_manager:warning:47 - NSE Option Chain unavailable (404) - Using Price Action fallback
2026-08-10 15:29:23 | INFO     | core.logger_manager:info:44 - Market Regime: TRENDING | ADX:74.2 RSI:29.1 ATR%:0.06
2026-08-10 15:29:23 | WARNING  | core.logger_manager:warning:47 - Validator REJECT: ['no_liquid_strike']
2026-08-10 15:32:06 | INFO     | core.logger_manager:info:44 - Market CLOSED - Stopping analysis
2026-08-10 15:42:39 | INFO     | core.logger_manager:info:44 - Starting graceful shutdown...
2026-08-10 15:42:45 | INFO     | core.logger_manager:info:44 - Market data connection closed
2026-08-10 15:42:45 | INFO     | core.logger_manager:info:44 - Market engine closed
2026-08-10 15:42:45 | INFO     | core.logger_manager:info:44 - Option Chain Engine shutdown
2026-08-10 15:42:45 | INFO     | core.logger_manager:info:44 - Option engine closed
2026-08-10 15:42:45 | INFO     | core.logger_manager:info:44 - Database saved and closed
2026-08-10 15:42:47 | INFO     | core.logger_manager:info:44 - Graceful shutdown complete
2026-08-10 17:21:16 | INFO     | core.logger_manager:info:44 - BLOCKORA_TRADE v1.0 starting...
2026-08-10 17:21:18 | INFO     | core.logger_manager:info:44 - Angel One SmartAPI connected successfully
2026-08-10 17:21:24 | INFO     | core.logger_manager:info:44 - Historical data loaded: 75 candles
2026-08-10 17:21:26 | INFO     | core.logger_manager:info:44 - Option Chain Engine initialized (Multi-Source)
2026-08-10 17:21:27 | INFO     | core.logger_manager:info:44 - Telegram Bot connected
2026-08-10 17:21:27 | INFO     | core.logger_manager:info:44 - Subscription Manager started (polling)
2026-08-10 17:21:27 | INFO     | core.logger_manager:info:44 - System initialization complete
2026-08-10 17:21:27 | INFO     | core.logger_manager:info:44 - BLOCKORA_TRADE started - entering main loop
2026-08-10 17:21:50 | INFO     | core.logger_manager:info:44 - Starting graceful shutdown...
2026-08-10 17:21:50 | INFO     | core.logger_manager:info:44 - Market data connection closed
2026-08-10 17:21:50 | INFO     | core.logger_manager:info:44 - Market engine closed
2026-08-10 17:21:50 | INFO     | core.logger_manager:info:44 - Option Chain Engine shutdown
2026-08-10 17:21:50 | INFO     | core.logger_manager:info:44 - Option engine closed
2026-08-10 17:21:50 | INFO     | core.logger_manager:info:44 - Database saved and closed
2026-08-10 17:21:51 | INFO     | core.logger_manager:info:44 - Graceful shutdown complete
2026-08-10 21:40:38 | WARNING  | core.logger_manager:warning:47 - Validator REJECT: ['rr_1.0<2.0']
2026-08-11 20:20:08 | INFO     | core.logger_manager:info:44 - Liquidity: removed 1 illiquid strikes, kept 2
2026-08-11 23:02:38 | INFO     | core.logger_manager:info:44 - BLOCKORA_TRADE v1.0 starting...
2026-08-11 23:02:39 | INFO     | core.logger_manager:info:44 - Angel One SmartAPI connected successfully
2026-08-11 23:02:45 | INFO     | core.logger_manager:info:44 - Historical data loaded: 148 candles
2026-08-11 23:02:46 | INFO     | core.logger_manager:info:44 - Option Chain Engine initialized (Multi-Source)
2026-08-11 23:02:47 | INFO     | core.logger_manager:info:44 - Telegram Bot connected
2026-08-11 23:02:47 | INFO     | core.logger_manager:info:44 - Subscription Manager started (polling)
2026-08-11 23:02:47 | INFO     | core.logger_manager:info:44 - System initialization complete
2026-08-11 23:02:47 | INFO     | core.logger_manager:info:44 - BLOCKORA_TRADE started - entering main loop
2026-08-11 23:03:41 | INFO     | core.logger_manager:info:44 - Starting graceful shutdown...
2026-08-11 23:03:41 | INFO     | core.logger_manager:info:44 - Market data connection closed
2026-08-11 23:03:41 | INFO     | core.logger_manager:info:44 - Market engine closed
2026-08-11 23:03:41 | INFO     | core.logger_manager:info:44 - Option Chain Engine shutdown
2026-08-11 23:03:41 | INFO     | core.logger_manager:info:44 - Option engine closed
2026-08-11 23:03:41 | INFO     | core.logger_manager:info:44 - Database saved and closed
2026-08-11 23:03:42 | INFO     | core.logger_manager:info:44 - Graceful shutdown complete
2026-08-12 00:40:15 | WARNING  | core.logger_manager:warning:47 - Validator REJECT: ['rr_1.0<2.0']
2026-08-12 01:12:05 | WARNING  | core.logger_manager:warning:47 - Validator REJECT: ['rr_1.0<2.0']
2026-08-12 01:12:07 | WARNING  | core.logger_manager:warning:47 - Validator REJECT: ['rr_1.0<2.0']
2026-08-12 01:34:54 | INFO     | core.logger_manager:info:44 - BLOCKORA_TRADE v1.0 starting...
2026-08-12 01:34:55 | INFO     | core.logger_manager:info:44 - Angel One SmartAPI connected successfully
2026-08-12 01:35:01 | INFO     | core.logger_manager:info:44 - Historical data loaded: 148 candles
2026-08-12 01:35:02 | INFO     | core.logger_manager:info:44 - Option Chain Engine initialized (Multi-Source)
2026-08-12 01:35:02 | INFO     | core.logger_manager:info:44 - Telegram Bot connected
2026-08-12 01:35:02 | INFO     | core.logger_manager:info:44 - Subscription Manager started (polling)
2026-08-12 01:35:02 | INFO     | core.logger_manager:info:44 - System initialization complete
2026-08-12 01:35:02 | INFO     | core.logger_manager:info:44 - BLOCKORA_TRADE started - entering main loop
2026-08-12 01:36:16 | INFO     | core.logger_manager:info:44 - Starting graceful shutdown...
2026-08-12 01:36:16 | INFO     | core.logger_manager:info:44 - Market data connection closed
2026-08-12 01:36:16 | INFO     | core.logger_manager:info:44 - Market engine closed
2026-08-12 01:36:16 | INFO     | core.logger_manager:info:44 - Option Chain Engine shutdown
2026-08-12 01:36:16 | INFO     | core.logger_manager:info:44 - Option engine closed
2026-08-12 01:36:16 | INFO     | core.logger_manager:info:44 - Database saved and closed
2026-08-12 01:36:17 | INFO     | core.logger_manager:info:44 - Graceful shutdown complete
2026-08-12 10:07:59 | INFO     | core.logger_manager:info:44 - BLOCKORA_TRADE v1.0 starting...
2026-08-12 10:08:00 | INFO     | core.logger_manager:info:44 - Angel One SmartAPI connected successfully
2026-08-12 10:08:07 | INFO     | core.logger_manager:info:44 - Historical data loaded: 148 candles
2026-08-12 10:08:07 | INFO     | core.logger_manager:info:44 - Option Chain Engine initialized (Multi-Source)
2026-08-12 10:08:08 | INFO     | core.logger_manager:info:44 - Telegram Bot connected
2026-08-12 10:08:08 | INFO     | core.logger_manager:info:44 - Subscription Manager started (polling)
2026-08-12 10:08:08 | INFO     | core.logger_manager:info:44 - System initialization complete
2026-08-12 10:08:08 | INFO     | core.logger_manager:info:44 - BLOCKORA_TRADE started - entering main loop
2026-08-12 10:08:08 | INFO     | core.logger_manager:info:44 - Market OPENED - Starting analysis
2026-08-12 10:08:35 | INFO     | core.logger_manager:info:44 - Instrument master download (~30MB, once daily)...
2026-08-12 10:08:39 | INFO     | core.logger_manager:info:44 - Master downloaded: https://margincalculator.angelbroking.com/OpenAPI_File/files/OpenAPIScripMaster.json
2026-08-12 10:08:39 | INFO     | core.logger_manager:info:44 - Tokens saved: 211
2026-08-12 10:08:39 | INFO     | core.logger_manager:info:44 - Angel LIVE chain ready: 11 strikes | PCR 1.0
2026-08-12 10:08:39 | INFO     | core.logger_manager:info:44 - Liquidity: removed 8 illiquid strikes, kept 14
2026-08-12 10:08:39 | INFO     | core.logger_manager:info:44 - Market Regime: HIGH_VOLATILITY | ADX:6.4 RSI:31.2 ATR%:0.11
2026-08-12 10:08:39 | WARNING  | core.logger_manager:warning:47 - Validator REJECT: ['regime_HIGH_VOLATILITY']
2026-08-12 10:10:03 | INFO     | core.logger_manager:info:44 - Angel LIVE chain ready: 11 strikes | PCR 1.0
2026-08-12 10:10:03 | INFO     | core.logger_manager:info:44 - Liquidity: removed 16 illiquid strikes, kept 6
2026-08-12 10:10:03 | INFO     | core.logger_manager:info:44 - Market Regime: HIGH_VOLATILITY | ADX:6.4 RSI:31.6 ATR%:0.11
2026-08-12 10:10:03 | WARNING  | core.logger_manager:warning:47 - Validator REJECT: ['regime_HIGH_VOLATILITY']
2026-08-12 10:11:30 | INFO     | core.logger_manager:info:44 - Angel LIVE chain ready: 11 strikes | PCR 1.0
2026-08-12 10:11:30 | INFO     | core.logger_manager:info:44 - Liquidity: removed 16 illiquid strikes, kept 6
2026-08-12 10:11:30 | INFO     | core.logger_manager:info:44 - Market Regime: HIGH_VOLATILITY | ADX:48.6 RSI:33.7 ATR%:0.09
2026-08-12 10:11:30 | WARNING  | core.logger_manager:warning:47 - Validator REJECT: ['regime_HIGH_VOLATILITY']
2026-08-12 10:12:53 | INFO     | core.logger_manager:info:44 - Angel LIVE chain ready: 11 strikes | PCR 1.0
2026-08-12 10:12:53 | INFO     | core.logger_manager:info:44 - Liquidity: removed 16 illiquid strikes, kept 6
2026-08-12 10:12:53 | INFO     | core.logger_manager:info:44 - Market Regime: HIGH_VOLATILITY | ADX:0.5 RSI:33.5 ATR%:0.11
2026-08-12 10:12:53 | WARNING  | core.logger_manager:warning:47 - Validator REJECT: ['regime_HIGH_VOLATILITY']
2026-08-12 10:14:11 | INFO     | core.logger_manager:info:44 - Angel LIVE chain ready: 11 strikes | PCR 1.0
2026-08-12 10:14:11 | INFO     | core.logger_manager:info:44 - Liquidity: removed 16 illiquid strikes, kept 6
2026-08-12 10:14:11 | INFO     | core.logger_manager:info:44 - Market Regime: HIGH_VOLATILITY | ADX:0.5 RSI:32.8 ATR%:0.11
2026-08-12 10:14:11 | WARNING  | core.logger_manager:warning:47 - Validator REJECT: ['regime_HIGH_VOLATILITY']
2026-08-12 10:15:37 | INFO     | core.logger_manager:info:44 - Angel LIVE chain ready: 11 strikes | PCR 1.0
2026-08-12 10:15:37 | INFO     | core.logger_manager:info:44 - Liquidity: removed 16 illiquid strikes, kept 6
2026-08-12 10:15:37 | INFO     | core.logger_manager:info:44 - Market Regime: HIGH_VOLATILITY | ADX:46.8 RSI:32.5 ATR%:0.09
2026-08-12 10:15:37 | WARNING  | core.logger_manager:warning:47 - Validator REJECT: ['regime_HIGH_VOLATILITY']
2026-08-12 10:17:00 | INFO     | core.logger_manager:info:44 - Angel LIVE chain ready: 11 strikes | PCR 1.0
2026-08-12 10:17:00 | INFO     | core.logger_manager:info:44 - Liquidity: removed 16 illiquid strikes, kept 6
2026-08-12 10:17:00 | INFO     | core.logger_manager:info:44 - Market Regime: HIGH_VOLATILITY | ADX:0.5 RSI:32.8 ATR%:0.11
2026-08-12 10:17:00 | WARNING  | core.logger_manager:warning:47 - Validator REJECT: ['regime_HIGH_VOLATILITY']
2026-08-12 10:18:22 | INFO     | core.logger_manager:info:44 - Angel LIVE chain ready: 11 strikes | PCR 1.0
2026-08-12 10:18:22 | INFO     | core.logger_manager:info:44 - Liquidity: removed 16 illiquid strikes, kept 6
2026-08-12 10:18:22 | INFO     | core.logger_manager:info:44 - Market Regime: HIGH_VOLATILITY | ADX:0.5 RSI:34.5 ATR%:0.11
2026-08-12 10:18:22 | WARNING  | core.logger_manager:warning:47 - Validator REJECT: ['regime_HIGH_VOLATILITY']
2026-08-12 10:19:44 | INFO     | core.logger_manager:info:44 - Angel LIVE chain ready: 11 strikes | PCR 1.0
2026-08-12 10:19:44 | INFO     | core.logger_manager:info:44 - Liquidity: removed 15 illiquid strikes, kept 7
2026-08-12 10:19:44 | INFO     | core.logger_manager:info:44 - Market Regime: HIGH_VOLATILITY | ADX:0.5 RSI:37.0 ATR%:0.11
2026-08-12 10:19:44 | WARNING  | core.logger_manager:warning:47 - Validator REJECT: ['regime_HIGH_VOLATILITY']
2026-08-12 10:21:09 | INFO     | core.logger_manager:info:44 - Angel LIVE chain ready: 11 strikes | PCR 1.0
2026-08-12 10:21:09 | INFO     | core.logger_manager:info:44 - Liquidity: removed 16 illiquid strikes, kept 6
2026-08-12 10:21:09 | INFO     | core.logger_manager:info:44 - Market Regime: HIGH_VOLATILITY | ADX:0.5 RSI:35.3 ATR%:0.11
2026-08-12 10:21:09 | WARNING  | core.logger_manager:warning:47 - Validator REJECT: ['regime_HIGH_VOLATILITY']
2026-08-12 10:22:36 | INFO     | core.logger_manager:info:44 - Angel LIVE chain ready: 11 strikes | PCR 1.0
2026-08-12 10:22:36 | INFO     | core.logger_manager:info:44 - Liquidity: removed 16 illiquid strikes, kept 6
2026-08-12 10:22:36 | INFO     | core.logger_manager:info:44 - Market Regime: HIGH_VOLATILITY | ADX:0.5 RSI:36.2 ATR%:0.11
2026-08-12 10:22:36 | WARNING  | core.logger_manager:warning:47 - Validator REJECT: ['regime_HIGH_VOLATILITY', 'rr_2.0<2.0']
2026-08-12 10:24:03 | INFO     | core.logger_manager:info:44 - Angel LIVE chain ready: 11 strikes | PCR 1.0
2026-08-12 10:24:03 | INFO     | core.logger_manager:info:44 - Liquidity: removed 16 illiquid strikes, kept 6
2026-08-12 10:24:03 | INFO     | core.logger_manager:info:44 - Market Regime: HIGH_VOLATILITY | ADX:53.9 RSI:30.1 ATR%:0.09
2026-08-12 10:24:03 | WARNING  | core.logger_manager:warning:47 - Validator REJECT: ['regime_HIGH_VOLATILITY']
2026-08-12 10:24:15 | INFO     | core.logger_manager:info:44 - Starting graceful shutdown...
2026-08-12 10:24:15 | INFO     | core.logger_manager:info:44 - Market data connection closed
2026-08-12 10:24:15 | INFO     | core.logger_manager:info:44 - Market engine closed
2026-08-12 10:24:15 | INFO     | core.logger_manager:info:44 - Option Chain Engine shutdown
2026-08-12 10:24:15 | INFO     | core.logger_manager:info:44 - Option engine closed
2026-08-12 10:24:15 | INFO     | core.logger_manager:info:44 - Database saved and closed
2026-08-12 10:24:16 | INFO     | core.logger_manager:info:44 - Graceful shutdown complete
2026-08-12 11:38:32 | WARNING  | core.logger_manager:warning:47 - Validator REJECT: ['rr_1.0<2.0']
2026-08-12 11:38:33 | WARNING  | core.logger_manager:warning:47 - Validator REJECT: ['rr_1.0<2.0']
2026-08-12 11:42:31 | INFO     | core.logger_manager:info:44 - Angel One SmartAPI connected successfully
2026-08-12 11:42:37 | WARNING  | core.logger_manager:warning:47 - Historical attempt 1 failed
2026-08-12 11:42:42 | INFO     | core.logger_manager:info:44 - Historical data loaded: 148 candles
2026-08-12 11:46:06 | INFO     | core.logger_manager:info:44 - Angel One SmartAPI connected successfully
2026-08-12 11:46:12 | WARNING  | core.logger_manager:warning:47 - Historical attempt 1 failed
2026-08-12 11:46:17 | WARNING  | core.logger_manager:warning:47 - Historical attempt 2 failed
2026-08-12 11:46:22 | WARNING  | core.logger_manager:warning:47 - Historical attempt 3 failed
2026-08-12 11:59:47 | WARNING  | core.logger_manager:warning:47 - Validator REJECT: ['rr_1.0<2.0']
2026-08-12 11:59:48 | WARNING  | core.logger_manager:warning:47 - Validator REJECT: ['rr_1.0<2.0']
2026-08-12 12:10:12 | WARNING  | core.logger_manager:warning:47 - Validator REJECT: ['rr_1.0<2.0']
2026-08-12 12:13:24 | INFO     | core.logger_manager:info:44 - BLOCKORA_TRADE v1.0 starting...
2026-08-12 12:13:26 | INFO     | core.logger_manager:info:44 - Angel One SmartAPI connected successfully
2026-08-12 12:13:32 | INFO     | core.logger_manager:info:44 - Historical data loaded: 148 candles
2026-08-12 12:13:33 | INFO     | core.logger_manager:info:44 - Option Chain Engine initialized (Multi-Source)
2026-08-12 12:13:33 | INFO     | core.logger_manager:info:44 - Telegram Bot connected
2026-08-12 12:13:33 | INFO     | core.logger_manager:info:44 - Subscription Manager started (polling)
2026-08-12 12:13:33 | INFO     | core.logger_manager:info:44 - System initialization complete
2026-08-12 12:13:33 | INFO     | core.logger_manager:info:44 - BLOCKORA_TRADE started - entering main loop
2026-08-12 12:13:34 | INFO     | core.logger_manager:info:44 - Market OPENED - Starting analysis
2026-08-12 12:13:58 | INFO     | core.logger_manager:info:44 - Angel LIVE chain ready: 11 strikes | PCR 0.91
2026-08-12 12:13:58 | INFO     | core.logger_manager:info:44 - Liquidity: removed 8 illiquid strikes, kept 14
2026-08-12 12:13:58 | INFO     | core.logger_manager:info:44 - Market Regime: TRENDING | ADX:43.7 RSI:30.9 ATR%:0.07
2026-08-12 12:15:21 | INFO     | core.logger_manager:info:44 - Angel LIVE chain ready: 11 strikes | PCR 0.9
2026-08-12 12:15:21 | INFO     | core.logger_manager:info:44 - Liquidity: removed 16 illiquid strikes, kept 6
2026-08-12 12:15:21 | INFO     | core.logger_manager:info:44 - Market Regime: TRENDING | ADX:45.5 RSI:29.2 ATR%:0.07
2026-08-12 12:16:37 | INFO     | core.logger_manager:info:44 - Angel LIVE chain ready: 11 strikes | PCR 0.9
2026-08-12 12:16:37 | INFO     | core.logger_manager:info:44 - Liquidity: removed 17 illiquid strikes, kept 5
2026-08-12 12:16:37 | INFO     | core.logger_manager:info:44 - Market Regime: TRENDING | ADX:37.4 RSI:32.4 ATR%:0.07
2026-08-12 12:17:59 | INFO     | core.logger_manager:info:44 - Angel LIVE chain ready: 11 strikes | PCR 0.71
2026-08-12 12:17:59 | INFO     | core.logger_manager:info:44 - Liquidity: removed 15 illiquid strikes, kept 7
2026-08-12 12:17:59 | INFO     | core.logger_manager:info:44 - Market Regime: TRENDING | ADX:37.4 RSI:32.9 ATR%:0.07
2026-08-12 12:19:21 | INFO     | core.logger_manager:info:44 - Angel LIVE chain ready: 11 strikes | PCR 0.7
2026-08-12 12:19:21 | INFO     | core.logger_manager:info:44 - Liquidity: removed 17 illiquid strikes, kept 5
2026-08-12 12:19:21 | INFO     | core.logger_manager:info:44 - Market Regime: TRENDING | ADX:37.4 RSI:33.9 ATR%:0.07
2026-08-12 12:19:41 | INFO     | core.logger_manager:info:44 - Starting graceful shutdown...
2026-08-12 12:19:41 | INFO     | core.logger_manager:info:44 - Market data connection closed
2026-08-12 12:19:41 | INFO     | core.logger_manager:info:44 - Market engine closed
2026-08-12 12:19:41 | INFO     | core.logger_manager:info:44 - Option Chain Engine shutdown
2026-08-12 12:19:41 | INFO     | core.logger_manager:info:44 - Option engine closed
2026-08-12 12:19:41 | INFO     | core.logger_manager:info:44 - Database saved and closed
2026-08-12 12:19:42 | INFO     | core.logger_manager:info:44 - Graceful shutdown complete
2026-08-12 13:11:56 | WARNING  | core.logger_manager:warning:47 - Validator REJECT: ['rr_1.0<2.0']
2026-08-12 13:11:58 | WARNING  | core.logger_manager:warning:47 - Validator REJECT: ['rr_1.0<2.0']
2026-08-12 13:13:14 | WARNING  | core.logger_manager:warning:47 - Validator REJECT: ['rr_1.0<2.0']
2026-08-12 13:13:16 | WARNING  | core.logger_manager:warning:47 - Validator REJECT: ['rr_1.0<2.0']
2026-08-12 13:47:01 | WARNING  | core.logger_manager:warning:47 - Validator REJECT: ['rr_1.0<2.0']
2026-08-12 13:47:03 | WARNING  | core.logger_manager:warning:47 - Validator REJECT: ['rr_1.0<2.0']
2026-08-12 13:49:04 | INFO     | core.logger_manager:info:44 - BLOCKORA_TRADE v1.0 starting...
2026-08-12 13:49:05 | INFO     | core.logger_manager:info:44 - Angel One SmartAPI connected successfully
2026-08-12 13:49:11 | INFO     | core.logger_manager:info:44 - Historical data loaded: 148 candles
2026-08-12 13:49:12 | INFO     | core.logger_manager:info:44 - Option Chain Engine initialized (Multi-Source)
2026-08-12 13:49:13 | INFO     | core.logger_manager:info:44 - Telegram Bot connected
2026-08-12 13:49:13 | INFO     | core.logger_manager:info:44 - Subscription Manager started (polling)
2026-08-12 13:49:13 | INFO     | core.logger_manager:info:44 - System initialization complete
2026-08-12 13:49:13 | INFO     | core.logger_manager:info:44 - BLOCKORA_TRADE started - entering main loop
2026-08-12 13:49:13 | INFO     | core.logger_manager:info:44 - Market OPENED - Starting analysis
2026-08-12 13:49:38 | WARNING  | core.logger_manager:warning:47 - Stale data: ['Chain timestamp missing/invalid'] - retrying fetch
2026-08-12 13:49:39 | WARNING  | core.logger_manager:warning:47 - NO_TRADE cycle (stale data): ['Chain timestamp missing/invalid']
2026-08-12 13:51:04 | WARNING  | core.logger_manager:warning:47 - Stale data: ['Chain timestamp missing/invalid'] - retrying fetch
2026-08-12 13:51:09 | WARNING  | core.logger_manager:warning:47 - NO_TRADE cycle (stale data): ['Chain timestamp missing/invalid']
2026-08-12 13:51:35 | INFO     | core.logger_manager:info:44 - Starting graceful shutdown...
2026-08-12 13:51:35 | INFO     | core.logger_manager:info:44 - Market data connection closed
2026-08-12 13:51:35 | INFO     | core.logger_manager:info:44 - Market engine closed
2026-08-12 13:51:35 | INFO     | core.logger_manager:info:44 - Option Chain Engine shutdown
2026-08-12 13:51:35 | INFO     | core.logger_manager:info:44 - Option engine closed
2026-08-12 13:51:35 | INFO     | core.logger_manager:info:44 - Database saved and closed
2026-08-12 13:51:36 | INFO     | core.logger_manager:info:44 - Graceful shutdown complete
2026-08-12 13:56:36 | INFO     | core.logger_manager:info:44 - BLOCKORA_TRADE v1.0 starting...
2026-08-12 13:56:37 | INFO     | core.logger_manager:info:44 - Angel One SmartAPI connected successfully
2026-08-12 13:56:44 | WARNING  | core.logger_manager:warning:47 - Historical attempt 1 failed
2026-08-12 13:56:49 | INFO     | core.logger_manager:info:44 - Historical data loaded: 148 candles
2026-08-12 13:56:49 | INFO     | core.logger_manager:info:44 - Option Chain Engine initialized (Multi-Source)
2026-08-12 13:57:00 | INFO     | core.logger_manager:info:44 - Telegram Bot connected
2026-08-12 13:57:00 | INFO     | core.logger_manager:info:44 - Subscription Manager started (polling)
2026-08-12 13:57:00 | INFO     | core.logger_manager:info:44 - System initialization complete
2026-08-12 13:57:00 | INFO     | core.logger_manager:info:44 - BLOCKORA_TRADE started - entering main loop
2026-08-12 13:57:00 | INFO     | core.logger_manager:info:44 - Market OPENED - Starting analysis
2026-08-12 13:57:04 | WARNING  | core.logger_manager:warning:47 - Telegram timeout/blocked. Skipping to protect analysis loop.
2026-08-12 13:58:41 | WARNING  | core.logger_manager:warning:47 - Stale data: ['Chain timestamp missing/invalid'] - retrying fetch
2026-08-12 13:58:42 | WARNING  | core.logger_manager:warning:47 - NO_TRADE cycle (stale data): ['Chain timestamp missing/invalid']
2026-08-12 14:00:04 | WARNING  | core.logger_manager:warning:47 - Stale data: ['Chain timestamp missing/invalid'] - retrying fetch
2026-08-12 14:00:08 | WARNING  | core.logger_manager:warning:47 - NO_TRADE cycle (stale data): ['Chain timestamp missing/invalid']
2026-08-12 14:00:11 | INFO     | core.logger_manager:info:44 - Starting graceful shutdown...
2026-08-12 14:00:11 | INFO     | core.logger_manager:info:44 - Market data connection closed
2026-08-12 14:00:11 | INFO     | core.logger_manager:info:44 - Market engine closed
2026-08-12 14:00:11 | INFO     | core.logger_manager:info:44 - Option Chain Engine shutdown
2026-08-12 14:00:11 | INFO     | core.logger_manager:info:44 - Option engine closed
2026-08-12 14:00:11 | INFO     | core.logger_manager:info:44 - Database saved and closed
2026-08-12 14:00:12 | INFO     | core.logger_manager:info:44 - Graceful shutdown complete
2026-08-12 14:03:10 | INFO     | core.logger_manager:info:44 - Angel One SmartAPI connected successfully
2026-08-12 14:03:16 | INFO     | core.logger_manager:info:44 - Historical data loaded: 148 candles
2026-08-12 14:06:26 | INFO     | core.logger_manager:info:44 - BLOCKORA_TRADE v1.0 starting...
2026-08-12 14:06:27 | INFO     | core.logger_manager:info:44 - Angel One SmartAPI connected successfully
2026-08-12 14:06:33 | INFO     | core.logger_manager:info:44 - Historical data loaded: 148 candles
2026-08-12 14:06:34 | INFO     | core.logger_manager:info:44 - Option Chain Engine initialized (Multi-Source)
2026-08-12 14:06:34 | INFO     | core.logger_manager:info:44 - Telegram Bot connected
2026-08-12 14:06:34 | INFO     | core.logger_manager:info:44 - Subscription Manager started (polling)
2026-08-12 14:06:34 | INFO     | core.logger_manager:info:44 - System initialization complete
2026-08-12 14:06:34 | INFO     | core.logger_manager:info:44 - BLOCKORA_TRADE started - entering main loop
2026-08-12 14:06:35 | INFO     | core.logger_manager:info:44 - Market OPENED - Starting analysis
2026-08-12 14:07:03 | INFO     | core.logger_manager:info:44 - Angel LIVE chain ready: 31 strikes | PCR 0.69
2026-08-12 14:07:03 | INFO     | core.logger_manager:info:44 - Market Regime: SIDEWAYS | ADX:14.3 RSI:54.7 ATR%:0.05
2026-08-12 14:08:30 | INFO     | core.logger_manager:info:44 - Angel LIVE chain ready: 31 strikes | PCR 0.69
2026-08-12 14:08:30 | INFO     | core.logger_manager:info:44 - Market Regime: SIDEWAYS | ADX:14.3 RSI:57.4 ATR%:0.05
2026-08-12 14:09:56 | INFO     | core.logger_manager:info:44 - Angel LIVE chain ready: 31 strikes | PCR 0.69
2026-08-12 14:09:56 | INFO     | core.logger_manager:info:44 - Market Regime: SIDEWAYS | ADX:14.3 RSI:58.2 ATR%:0.05
2026-08-12 14:11:26 | INFO     | core.logger_manager:info:44 - Angel LIVE chain ready: 31 strikes | PCR 0.69
2026-08-12 14:11:26 | INFO     | core.logger_manager:info:44 - Market Regime: SIDEWAYS | ADX:0.3 RSI:54.7 ATR%:0.04
2026-08-12 14:12:53 | INFO     | core.logger_manager:info:44 - Angel LIVE chain ready: 31 strikes | PCR 0.68
2026-08-12 14:12:53 | INFO     | core.logger_manager:info:44 - Market Regime: SIDEWAYS | ADX:0.3 RSI:49.1 ATR%:0.05
2026-08-12 14:14:21 | INFO     | core.logger_manager:info:44 - Angel LIVE chain ready: 31 strikes | PCR 0.68
2026-08-12 14:14:21 | INFO     | core.logger_manager:info:44 - Market Regime: SIDEWAYS | ADX:0.3 RSI:47.5 ATR%:0.05
2026-08-12 14:15:51 | INFO     | core.logger_manager:info:44 - Angel LIVE chain ready: 31 strikes | PCR 0.68
2026-08-12 14:15:51 | INFO     | core.logger_manager:info:44 - Market Regime: SIDEWAYS | ADX:0.3 RSI:49.6 ATR%:0.05
2026-08-12 14:17:21 | INFO     | core.logger_manager:info:44 - Angel LIVE chain ready: 31 strikes | PCR 0.68
2026-08-12 14:17:21 | INFO     | core.logger_manager:info:44 - Market Regime: SIDEWAYS | ADX:1.1 RSI:58.6 ATR%:0.05
2026-08-12 14:18:52 | INFO     | core.logger_manager:info:44 - Angel LIVE chain ready: 31 strikes | PCR 0.68
2026-08-12 14:18:52 | INFO     | core.logger_manager:info:44 - Market Regime: SIDEWAYS | ADX:3.7 RSI:56.9 ATR%:0.05
2026-08-12 14:20:19 | INFO     | core.logger_manager:info:44 - Angel LIVE chain ready: 31 strikes | PCR 0.69
2026-08-12 14:20:19 | INFO     | core.logger_manager:info:44 - Market Regime: SIDEWAYS | ADX:3.7 RSI:57.2 ATR%:0.05
2026-08-12 14:21:05 | INFO     | core.logger_manager:info:44 - Starting graceful shutdown...
2026-08-12 14:21:06 | INFO     | core.logger_manager:info:44 - Market data connection closed
2026-08-12 14:21:06 | INFO     | core.logger_manager:info:44 - Market engine closed
2026-08-12 14:21:06 | INFO     | core.logger_manager:info:44 - Option Chain Engine shutdown
2026-08-12 14:21:06 | INFO     | core.logger_manager:info:44 - Option engine closed
2026-08-12 14:21:06 | INFO     | core.logger_manager:info:44 - Database saved and closed
2026-08-12 14:21:06 | INFO     | core.logger_manager:info:44 - Graceful shutdown complete
2026-08-12 14:30:33 | INFO     | core.logger_manager:info:44 - Angel One SmartAPI connected successfully
2026-08-12 14:30:40 | WARNING  | core.logger_manager:warning:47 - Historical attempt 1 failed
2026-08-12 14:30:45 | INFO     | core.logger_manager:info:44 - Historical data loaded: 149 candles
2026-08-12 14:53:18 | INFO     | core.logger_manager:info:44 - BLOCKORA_TRADE v1.0 starting...
2026-08-12 14:53:19 | INFO     | core.logger_manager:info:44 - Angel One SmartAPI connected successfully
2026-08-12 14:53:25 | INFO     | core.logger_manager:info:44 - Historical data loaded: 148 candles
2026-08-12 14:53:26 | INFO     | core.logger_manager:info:44 - Option Chain Engine initialized (Multi-Source)
2026-08-12 14:53:26 | INFO     | core.logger_manager:info:44 - Telegram Bot connected
2026-08-12 14:53:26 | INFO     | core.logger_manager:info:44 - Subscription Manager started (polling)
2026-08-12 14:53:26 | INFO     | core.logger_manager:info:44 - System initialization complete
2026-08-12 14:53:26 | INFO     | core.logger_manager:info:44 - BLOCKORA_TRADE started - entering main loop
2026-08-12 14:53:27 | INFO     | core.logger_manager:info:44 - Market OPENED - Starting analysis
2026-08-12 14:53:56 | INFO     | core.logger_manager:info:44 - Angel LIVE chain ready: 31 strikes | PCR 0.74
2026-08-12 14:53:56 | INFO     | core.logger_manager:info:44 - Market Regime: TRENDING | ADX:61.4 RSI:72.4 ATR%:0.05
2026-08-12 14:53:56 | WARNING  | core.logger_manager:warning:47 - BUY_BLOCKED reason=ESTIMATED_VOLUME symbol=NIFTY strike=24350 option_type=N/A volume_source=UNKNOWN
2026-08-12 14:53:57 | INFO     | core.logger_manager:info:44 - ⚠️ BLOCKED BUY: WATCHLIST NIFTY 24350 CE | Option volume not verified REAL (UNKNOWN) - not eligible for BUY
2026-08-12 14:55:23 | INFO     | core.logger_manager:info:44 - Angel LIVE chain ready: 31 strikes | PCR 0.76
2026-08-12 14:55:23 | INFO     | core.logger_manager:info:44 - Market Regime: TRENDING_STRONG | ADX:72.3 RSI:79.4 ATR%:0.06
2026-08-12 14:55:23 | WARNING  | core.logger_manager:warning:47 - BUY_BLOCKED reason=ESTIMATED_VOLUME symbol=NIFTY strike=24400 option_type=N/A volume_source=UNKNOWN
2026-08-12 14:55:23 | INFO     | core.logger_manager:info:44 - ⚠️ BLOCKED BUY: WATCHLIST NIFTY 24400 CE | Option volume not verified REAL (UNKNOWN) - not eligible for BUY
2026-08-12 14:56:53 | INFO     | core.logger_manager:info:44 - Angel LIVE chain ready: 31 strikes | PCR 0.83
2026-08-12 14:56:53 | INFO     | core.logger_manager:info:44 - Market Regime: TRENDING | ADX:79.9 RSI:72.6 ATR%:0.07
2026-08-12 14:56:53 | WARNING  | core.logger_manager:warning:47 - BUY_BLOCKED reason=ESTIMATED_VOLUME symbol=NIFTY strike=24350 option_type=N/A volume_source=UNKNOWN
2026-08-12 14:56:57 | INFO     | core.logger_manager:info:44 - ⚠️ BLOCKED BUY: WATCHLIST NIFTY 24350 CE | Option volume not verified REAL (UNKNOWN) - not eligible for BUY
2026-08-12 14:57:06 | INFO     | core.logger_manager:info:44 - Starting graceful shutdown...
2026-08-12 14:57:06 | INFO     | core.logger_manager:info:44 - Market data connection closed
2026-08-12 14:57:06 | INFO     | core.logger_manager:info:44 - Market engine closed
2026-08-12 14:57:06 | INFO     | core.logger_manager:info:44 - Option Chain Engine shutdown
2026-08-12 14:57:06 | INFO     | core.logger_manager:info:44 - Option engine closed
2026-08-12 14:57:06 | INFO     | core.logger_manager:info:44 - Database saved and closed
2026-08-12 14:57:07 | INFO     | core.logger_manager:info:44 - Graceful shutdown complete
2026-08-12 15:06:40 | INFO     | core.logger_manager:info:44 - BLOCKORA_TRADE v1.0 starting...
2026-08-12 15:06:41 | INFO     | core.logger_manager:info:44 - Angel One SmartAPI connected successfully
2026-08-12 15:06:47 | INFO     | core.logger_manager:info:44 - Historical data loaded: 148 candles
2026-08-12 15:06:48 | INFO     | core.logger_manager:info:44 - Option Chain Engine initialized (Multi-Source)
2026-08-12 15:06:49 | INFO     | core.logger_manager:info:44 - Telegram Bot connected
2026-08-12 15:06:49 | INFO     | core.logger_manager:info:44 - Subscription Manager started (polling)
2026-08-12 15:06:49 | INFO     | core.logger_manager:info:44 - System initialization complete
2026-08-12 15:06:49 | INFO     | core.logger_manager:info:44 - BLOCKORA_TRADE started - entering main loop
2026-08-12 15:06:49 | INFO     | core.logger_manager:info:44 - Market OPENED - Starting analysis
2026-08-12 15:07:18 | INFO     | core.logger_manager:info:44 - Angel LIVE chain ready: 31 strikes | PCR 0.85
2026-08-12 15:07:18 | INFO     | core.logger_manager:info:44 - Market Regime: TRENDING | ADX:74.9 RSI:72.0 ATR%:0.07
2026-08-12 15:08:46 | INFO     | core.logger_manager:info:44 - Angel LIVE chain ready: 31 strikes | PCR 0.84
2026-08-12 15:08:46 | INFO     | core.logger_manager:info:44 - Market Regime: TRENDING | ADX:72.3 RSI:70.4 ATR%:0.07
2026-08-12 15:10:03 | INFO     | core.logger_manager:info:44 - Angel LIVE chain ready: 31 strikes | PCR 0.84
2026-08-12 15:10:03 | INFO     | core.logger_manager:info:44 - Market Regime: TRENDING | ADX:69.7 RSI:69.6 ATR%:0.07
2026-08-12 15:11:33 | INFO     | core.logger_manager:info:44 - Angel LIVE chain ready: 31 strikes | PCR 0.85
2026-08-12 15:11:33 | INFO     | core.logger_manager:info:44 - Market Regime: TRENDING_STRONG | ADX:64.0 RSI:77.2 ATR%:0.07
2026-08-12 15:13:00 | INFO     | core.logger_manager:info:44 - Angel LIVE chain ready: 31 strikes | PCR 0.84
2026-08-12 15:13:00 | INFO     | core.logger_manager:info:44 - Market Regime: TRENDING_STRONG | ADX:65.0 RSI:78.4 ATR%:0.07
2026-08-12 15:14:27 | INFO     | core.logger_manager:info:44 - Angel LIVE chain ready: 31 strikes | PCR 0.85
2026-08-12 15:14:27 | INFO     | core.logger_manager:info:44 - Market Regime: TRENDING_STRONG | ADX:65.4 RSI:78.6 ATR%:0.07
2026-08-12 15:14:35 | INFO     | core.logger_manager:info:44 - Starting graceful shutdown...
2026-08-12 15:14:36 | INFO     | core.logger_manager:info:44 - Market data connection closed
2026-08-12 15:14:36 | INFO     | core.logger_manager:info:44 - Market engine closed
2026-08-12 15:14:36 | INFO     | core.logger_manager:info:44 - Option Chain Engine shutdown
2026-08-12 15:14:36 | INFO     | core.logger_manager:info:44 - Option engine closed
2026-08-12 15:14:36 | INFO     | core.logger_manager:info:44 - Database saved and closed
2026-08-12 15:14:37 | INFO     | core.logger_manager:info:44 - Graceful shutdown complete
2026-08-12 15:38:37 | WARNING  | core.logger_manager:warning:47 - Validator REJECT: ['rr_1.0<2.0']
2026-08-12 15:38:38 | WARNING  | core.logger_manager:warning:47 - Validator REJECT: ['rr_1.0<2.0']
2026-08-13 09:00:15 | INFO     | core.logger_manager:info:44 - BLOCKORA_TRADE v1.0 starting...
2026-08-13 09:00:16 | INFO     | core.logger_manager:info:44 - Angel One SmartAPI connected successfully
2026-08-13 09:00:23 | INFO     | core.logger_manager:info:44 - Historical data loaded: 147 candles
2026-08-13 09:00:23 | INFO     | core.logger_manager:info:44 - Option Chain Engine initialized (Multi-Source)
2026-08-13 09:00:34 | INFO     | core.logger_manager:info:44 - Telegram Bot connected
2026-08-13 09:00:34 | INFO     | core.logger_manager:info:44 - Subscription Manager started (polling)
2026-08-13 09:00:34 | INFO     | core.logger_manager:info:44 - System initialization complete
2026-08-13 09:00:34 | INFO     | core.logger_manager:info:44 - BLOCKORA_TRADE started - entering main loop
2026-08-13 09:15:50 | INFO     | core.logger_manager:info:44 - Market OPENED - Starting analysis
2026-08-13 09:16:18 | INFO     | core.logger_manager:info:44 - Instrument master download (~30MB, once daily)...
2026-08-13 09:16:41 | INFO     | core.logger_manager:info:44 - Master downloaded: https://margincalculator.angelbroking.com/OpenAPI_File/files/OpenAPIScripMaster.json
2026-08-13 09:16:42 | INFO     | core.logger_manager:info:44 - Tokens saved: 211
2026-08-13 09:16:47 | INFO     | core.logger_manager:info:44 - Angel LIVE chain ready: 31 strikes | PCR 0.86
2026-08-13 09:16:47 | WARNING  | core.logger_manager:warning:47 - Stale data: ['Candle stale 1072min'] - retrying fetch
2026-08-13 09:16:51 | WARNING  | core.logger_manager:warning:47 - NO_TRADE cycle (stale data): ['Candle stale 1072min']
2026-08-13 09:18:18 | INFO     | core.logger_manager:info:44 - Angel LIVE chain ready: 31 strikes | PCR 0.85
2026-08-13 09:18:18 | WARNING  | core.logger_manager:warning:47 - Stale data: ['Candle stale 1073min'] - retrying fetch
2026-08-13 09:18:22 | WARNING  | core.logger_manager:warning:47 - NO_TRADE cycle (stale data): ['Candle stale 1073min']
2026-08-13 09:19:35 | INFO     | core.logger_manager:info:44 - Starting graceful shutdown...
2026-08-13 09:19:35 | INFO     | core.logger_manager:info:44 - Market data connection closed
2026-08-13 09:19:35 | INFO     | core.logger_manager:info:44 - Market engine closed
2026-08-13 09:19:35 | INFO     | core.logger_manager:info:44 - Option Chain Engine shutdown
2026-08-13 09:19:35 | INFO     | core.logger_manager:info:44 - Option engine closed
2026-08-13 09:19:35 | INFO     | core.logger_manager:info:44 - Database saved and closed
2026-08-13 09:19:39 | INFO     | core.logger_manager:info:44 - Graceful shutdown complete
2026-08-13 09:21:10 | INFO     | core.logger_manager:info:44 - Angel One SmartAPI connected successfully
2026-08-13 09:21:16 | INFO     | core.logger_manager:info:44 - Historical data loaded: 147 candles
2026-08-13 09:24:17 | INFO     | core.logger_manager:info:44 - BLOCKORA_TRADE v1.0 starting...
2026-08-13 09:24:18 | INFO     | core.logger_manager:info:44 - Angel One SmartAPI connected successfully
2026-08-13 09:24:24 | INFO     | core.logger_manager:info:44 - Historical data loaded: 147 candles
2026-08-13 09:24:25 | INFO     | core.logger_manager:info:44 - Option Chain Engine initialized (Multi-Source)
2026-08-13 09:24:36 | INFO     | core.logger_manager:info:44 - Telegram Bot connected
2026-08-13 09:24:36 | INFO     | core.logger_manager:info:44 - Subscription Manager started (polling)
2026-08-13 09:24:36 | INFO     | core.logger_manager:info:44 - System initialization complete
2026-08-13 09:24:36 | INFO     | core.logger_manager:info:44 - BLOCKORA_TRADE started - entering main loop
2026-08-13 09:24:36 | INFO     | core.logger_manager:info:44 - Market OPENED - Starting analysis
2026-08-13 09:25:07 | INFO     | core.logger_manager:info:44 - Angel LIVE chain ready: 31 strikes | PCR 0.85
2026-08-13 09:25:07 | INFO     | core.logger_manager:info:44 - Market Regime: HIGH_VOLATILITY | ADX:17.8 RSI:59.5 ATR%:0.10
2026-08-13 09:25:07 | WARNING  | core.logger_manager:warning:47 - Validator REJECT: ['regime_HIGH_VOLATILITY']
2026-08-13 09:26:37 | INFO     | core.logger_manager:info:44 - Angel LIVE chain ready: 31 strikes | PCR 0.85
2026-08-13 09:26:37 | INFO     | core.logger_manager:info:44 - Market Regime: HIGH_VOLATILITY | ADX:17.8 RSI:59.7 ATR%:0.10
2026-08-13 09:26:37 | WARNING  | core.logger_manager:warning:47 - Validator REJECT: ['regime_HIGH_VOLATILITY']
2026-08-13 09:28:09 | INFO     | core.logger_manager:info:44 - Angel LIVE chain ready: 31 strikes | PCR 0.84
2026-08-13 09:28:09 | INFO     | core.logger_manager:info:44 - Market Regime: HIGH_VOLATILITY | ADX:13.0 RSI:56.6 ATR%:0.11
2026-08-13 09:28:09 | WARNING  | core.logger_manager:warning:47 - Validator REJECT: ['regime_HIGH_VOLATILITY']
2026-08-13 09:29:36 | INFO     | core.logger_manager:info:44 - Angel LIVE chain ready: 31 strikes | PCR 0.83
2026-08-13 09:29:36 | INFO     | core.logger_manager:info:44 - Market Regime: HIGH_VOLATILITY | ADX:12.4 RSI:56.1 ATR%:0.11
2026-08-13 09:29:36 | WARNING  | core.logger_manager:warning:47 - Validator REJECT: ['regime_HIGH_VOLATILITY']
2026-08-13 09:31:10 | INFO     | core.logger_manager:info:44 - Angel LIVE chain ready: 31 strikes | PCR 0.82
2026-08-13 09:31:10 | INFO     | core.logger_manager:info:44 - Liquidity: removed 1 illiquid strikes, kept 61
2026-08-13 09:31:10 | INFO     | core.logger_manager:info:44 - Market Regime: HIGH_VOLATILITY | ADX:12.4 RSI:57.6 ATR%:0.11
2026-08-13 09:31:10 | WARNING  | core.logger_manager:warning:47 - Validator REJECT: ['regime_HIGH_VOLATILITY']
2026-08-13 09:32:48 | INFO     | core.logger_manager:info:44 - Angel LIVE chain ready: 31 strikes | PCR 0.85
2026-08-13 09:32:48 | INFO     | core.logger_manager:info:44 - Liquidity: removed 1 illiquid strikes, kept 61
2026-08-13 09:32:48 | INFO     | core.logger_manager:info:44 - Market Regime: HIGH_VOLATILITY | ADX:10.5 RSI:55.2 ATR%:0.11
2026-08-13 09:32:48 | WARNING  | core.logger_manager:warning:47 - Validator REJECT: ['regime_HIGH_VOLATILITY']
2026-08-13 09:35:22 | INFO     | core.logger_manager:info:44 - Angel LIVE chain ready: 31 strikes | PCR 0.84
2026-08-13 09:35:22 | INFO     | core.logger_manager:info:44 - Liquidity: removed 1 illiquid strikes, kept 61
2026-08-13 09:35:22 | INFO     | core.logger_manager:info:44 - Market Regime: HIGH_VOLATILITY | ADX:6.3 RSI:53.8 ATR%:0.11
2026-08-13 09:35:22 | WARNING  | core.logger_manager:warning:47 - Validator REJECT: ['regime_HIGH_VOLATILITY']
2026-08-13 09:39:03 | INFO     | core.logger_manager:info:44 - Angel LIVE chain ready: 31 strikes | PCR 0.79
2026-08-13 09:39:03 | INFO     | core.logger_manager:info:44 - Liquidity: removed 1 illiquid strikes, kept 61
2026-08-13 09:39:03 | INFO     | core.logger_manager:info:44 - Market Regime: HIGH_VOLATILITY | ADX:6.3 RSI:54.8 ATR%:0.11
2026-08-13 09:39:03 | WARNING  | core.logger_manager:warning:47 - Validator REJECT: ['regime_HIGH_VOLATILITY']
2026-08-13 09:40:47 | WARNING  | core.logger_manager:warning:47 - Stale data: ['Chain timestamp missing/invalid'] - retrying fetch
2026-08-13 09:40:48 | WARNING  | core.logger_manager:warning:47 - NO_TRADE cycle (stale data): ['Chain timestamp missing/invalid']
2026-08-13 09:41:31 | INFO     | core.logger_manager:info:44 - Starting graceful shutdown...
2026-08-13 09:41:36 | INFO     | core.logger_manager:info:44 - Market data connection closed
2026-08-13 09:41:36 | INFO     | core.logger_manager:info:44 - Market engine closed
2026-08-13 09:41:36 | INFO     | core.logger_manager:info:44 - Option Chain Engine shutdown
2026-08-13 09:41:36 | INFO     | core.logger_manager:info:44 - Option engine closed
2026-08-13 09:41:36 | INFO     | core.logger_manager:info:44 - Database saved and closed
2026-08-13 09:41:43 | INFO     | core.logger_manager:info:44 - Graceful shutdown complete
2026-08-13 09:54:37 | WARNING  | core.logger_manager:warning:47 - Validator REJECT: ['rr_1.0<2.0']
2026-08-13 09:58:19 | WARNING  | core.logger_manager:warning:47 - Validator REJECT: ['rr_1.0<2.0']
2026-08-13 10:01:13 | WARNING  | core.logger_manager:warning:47 - Validator REJECT: ['rr_1.0<2.0']
2026-08-13 10:07:13 | WARNING  | core.logger_manager:warning:47 - Validator REJECT: ['rr_1.0<2.0']
2026-08-13 10:08:35 | INFO     | core.logger_manager:info:44 - BLOCKORA_TRADE v1.0 starting...
2026-08-13 10:08:36 | INFO     | core.logger_manager:info:44 - Angel One SmartAPI connected successfully
2026-08-13 10:08:42 | WARNING  | core.logger_manager:warning:47 - Historical attempt 1 failed
2026-08-13 10:08:48 | INFO     | core.logger_manager:info:44 - Historical data loaded: 147 candles
2026-08-13 10:08:49 | INFO     | core.logger_manager:info:44 - Option Chain Engine initialized (Multi-Source)
2026-08-13 10:08:50 | INFO     | core.logger_manager:info:44 - Telegram Bot connected
2026-08-13 10:08:50 | INFO     | core.logger_manager:info:44 - Subscription Manager started (polling)
2026-08-13 10:08:50 | INFO     | core.logger_manager:info:44 - System initialization complete
2026-08-13 10:08:50 | INFO     | core.logger_manager:info:44 - BLOCKORA_TRADE started - entering main loop
2026-08-13 10:08:50 | INFO     | core.logger_manager:info:44 - Market OPENED - Starting analysis
2026-08-13 10:09:20 | INFO     | core.logger_manager:info:44 - Angel LIVE chain ready: 31 strikes | PCR 0.85
2026-08-13 10:09:20 | INFO     | core.logger_manager:info:44 - Market Regime: HIGH_VOLATILITY | ADX:26.2 RSI:45.8 ATR%:0.11
2026-08-13 10:09:20 | WARNING  | core.logger_manager:warning:47 - Validator REJECT: ['regime_HIGH_VOLATILITY']
2026-08-13 10:10:52 | INFO     | core.logger_manager:info:44 - Angel LIVE chain ready: 31 strikes | PCR 0.85
2026-08-13 10:10:52 | INFO     | core.logger_manager:info:44 - Market Regime: HIGH_VOLATILITY | ADX:27.0 RSI:45.0 ATR%:0.11
2026-08-13 10:10:52 | WARNING  | core.logger_manager:warning:47 - Validator REJECT: ['regime_HIGH_VOLATILITY']
2026-08-13 10:12:24 | INFO     | core.logger_manager:info:44 - Angel LIVE chain ready: 31 strikes | PCR 0.84
2026-08-13 10:12:24 | INFO     | core.logger_manager:info:44 - Market Regime: HIGH_VOLATILITY | ADX:23.2 RSI:45.5 ATR%:0.11
2026-08-13 10:12:24 | WARNING  | core.logger_manager:warning:47 - Validator REJECT: ['regime_HIGH_VOLATILITY']
2026-08-13 10:14:37 | WARNING  | core.logger_manager:warning:47 - Stale data: ['Spot stale 159.9s', 'Chain timestamp missing/invalid'] - retrying fetch
2026-08-13 10:14:51 | WARNING  | core.logger_manager:warning:47 - NO_TRADE cycle (stale data): ['Spot stale 173.9s', 'Chain timestamp missing/invalid']
2026-08-13 10:16:31 | INFO     | core.logger_manager:info:44 - Angel LIVE chain ready: 31 strikes | PCR 0.84
2026-08-13 10:16:31 | INFO     | core.logger_manager:info:44 - Market Regime: HIGH_VOLATILITY | ADX:23.2 RSI:46.9 ATR%:0.11
2026-08-13 10:16:31 | WARNING  | core.logger_manager:warning:47 - Validator REJECT: ['regime_HIGH_VOLATILITY']
2026-08-13 10:18:10 | INFO     | core.logger_manager:info:44 - Angel LIVE chain ready: 31 strikes | PCR 0.84
2026-08-13 10:18:10 | INFO     | core.logger_manager:info:44 - Market Regime: HIGH_VOLATILITY | ADX:29.7 RSI:44.8 ATR%:0.11
2026-08-13 10:18:10 | WARNING  | core.logger_manager:warning:47 - Validator REJECT: ['regime_HIGH_VOLATILITY']
2026-08-13 10:19:43 | INFO     | core.logger_manager:info:44 - Angel LIVE chain ready: 31 strikes | PCR 0.84
2026-08-13 10:19:43 | INFO     | core.logger_manager:info:44 - Market Regime: HIGH_VOLATILITY | ADX:29.7 RSI:45.8 ATR%:0.11
2026-08-13 10:19:43 | WARNING  | core.logger_manager:warning:47 - Validator REJECT: ['regime_HIGH_VOLATILITY']
2026-08-13 10:21:20 | INFO     | core.logger_manager:info:44 - Angel LIVE chain ready: 31 strikes | PCR 0.84
2026-08-13 10:21:20 | INFO     | core.logger_manager:info:44 - Market Regime: HIGH_VOLATILITY | ADX:80.9 RSI:22.6 ATR%:0.11
2026-08-13 10:21:20 | WARNING  | core.logger_manager:warning:47 - Validator REJECT: ['regime_HIGH_VOLATILITY']
2026-08-13 10:22:54 | INFO     | core.logger_manager:info:44 - Angel LIVE chain ready: 31 strikes | PCR 0.84
2026-08-13 10:22:54 | INFO     | core.logger_manager:info:44 - Market Regime: HIGH_VOLATILITY | ADX:80.9 RSI:22.8 ATR%:0.11
2026-08-13 10:22:54 | WARNING  | core.logger_manager:warning:47 - Validator REJECT: ['regime_HIGH_VOLATILITY']
2026-08-13 10:24:27 | INFO     | core.logger_manager:info:44 - Angel LIVE chain ready: 31 strikes | PCR 0.83
2026-08-13 10:24:27 | INFO     | core.logger_manager:info:44 - Market Regime: HIGH_VOLATILITY | ADX:81.3 RSI:21.9 ATR%:0.11
2026-08-13 10:24:27 | WARNING  | core.logger_manager:warning:47 - Validator REJECT: ['regime_HIGH_VOLATILITY']
2026-08-13 10:26:10 | WARNING  | core.logger_manager:warning:47 - Stale data: ['Chain timestamp missing/invalid'] - retrying fetch
2026-08-13 10:26:22 | WARNING  | core.logger_manager:warning:47 - NO_TRADE cycle (stale data): ['Chain timestamp missing/invalid']
2026-08-13 10:28:20 | WARNING  | core.logger_manager:warning:47 - Stale data: ['Chain timestamp missing/invalid'] - retrying fetch
2026-08-13 10:28:26 | WARNING  | core.logger_manager:warning:47 - NO_TRADE cycle (stale data): ['Chain timestamp missing/invalid']
2026-08-13 10:28:32 | INFO     | core.logger_manager:info:44 - Starting graceful shutdown...
2026-08-13 10:28:44 | INFO     | core.logger_manager:info:44 - Market engine closed
2026-08-13 10:28:44 | INFO     | core.logger_manager:info:44 - Option Chain Engine shutdown
2026-08-13 10:28:44 | INFO     | core.logger_manager:info:44 - Option engine closed
2026-08-13 10:28:44 | INFO     | core.logger_manager:info:44 - Database saved and closed
2026-08-13 10:28:50 | WARNING  | core.logger_manager:warning:47 - Telegram timeout/blocked. Skipping to protect analysis loop.
2026-08-13 10:28:50 | INFO     | core.logger_manager:info:44 - Graceful shutdown complete
2026-08-13 13:27:03 | WARNING  | core.logger_manager:warning:47 - Validator REJECT: ['rr_1.0<2.0']
2026-08-13 14:25:58 | WARNING  | core.logger_manager:warning:47 - Validator REJECT: ['rr_1.0<2.0']
2026-08-13 14:40:07 | WARNING  | core.logger_manager:warning:47 - Validator REJECT: ['rr_1.0<2.0']
2026-08-13 14:42:25 | WARNING  | core.logger_manager:warning:47 - Validator REJECT: ['rr_1.0<2.0']
2026-08-13 14:47:21 | WARNING  | core.logger_manager:warning:47 - Validator REJECT: ['rr_1.0<2.0']
2026-08-13 14:49:55 | WARNING  | core.logger_manager:warning:47 - Validator REJECT: ['rr_1.0<2.0']
2026-08-13 15:12:32 | WARNING  | core.logger_manager:warning:47 - Validator REJECT: ['rr_1.0<2.0']
2026-08-13 15:19:16 | INFO     | core.logger_manager:info:44 - BLOCKORA_TRADE v1.0 starting...
2026-08-13 15:19:19 | INFO     | core.logger_manager:info:44 - Angel One SmartAPI connected successfully
2026-08-13 15:19:25 | INFO     | core.logger_manager:info:44 - Historical data loaded: 147 candles
2026-08-13 15:19:30 | INFO     | core.logger_manager:info:44 - Option Chain Engine initialized (Multi-Source)
2026-08-13 15:19:31 | INFO     | core.logger_manager:info:44 - Telegram Bot connected
2026-08-13 15:19:31 | INFO     | core.logger_manager:info:44 - Subscription Manager started (polling)
2026-08-13 15:19:31 | INFO     | core.logger_manager:info:44 - System initialization complete
2026-08-13 15:19:31 | INFO     | core.logger_manager:info:44 - BLOCKORA_TRADE started - entering main loop
2026-08-13 15:19:32 | INFO     | core.logger_manager:info:44 - Market OPENED - Starting analysis
2026-08-13 15:20:01 | INFO     | core.logger_manager:info:44 - Angel LIVE chain ready: 31 strikes | PCR 0.82
2026-08-13 15:20:01 | INFO     | core.logger_manager:info:44 - Market Regime: SIDEWAYS | ADX:17.1 RSI:46.6 ATR%:0.07
2026-08-13 15:21:34 | INFO     | core.logger_manager:info:44 - Angel LIVE chain ready: 31 strikes | PCR 0.82
2026-08-13 15:21:34 | INFO     | core.logger_manager:info:44 - Market Regime: SIDEWAYS | ADX:17.1 RSI:46.6 ATR%:0.07
2026-08-13 15:23:03 | INFO     | core.logger_manager:info:44 - Angel LIVE chain ready: 31 strikes | PCR 0.82
2026-08-13 15:23:03 | INFO     | core.logger_manager:info:44 - Market Regime: SIDEWAYS | ADX:17.1 RSI:46.6 ATR%:0.07
2026-08-13 15:24:31 | INFO     | core.logger_manager:info:44 - Angel LIVE chain ready: 31 strikes | PCR 0.82
2026-08-13 15:24:31 | INFO     | core.logger_manager:info:44 - Market Regime: SIDEWAYS | ADX:17.1 RSI:46.6 ATR%:0.07
2026-08-13 15:26:02 | INFO     | core.logger_manager:info:44 - Angel LIVE chain ready: 31 strikes | PCR 0.82
2026-08-13 15:26:02 | INFO     | core.logger_manager:info:44 - Market Regime: SIDEWAYS | ADX:17.1 RSI:46.6 ATR%:0.07
2026-08-13 15:26:23 | INFO     | core.logger_manager:info:44 - Starting graceful shutdown...
2026-08-13 15:26:23 | INFO     | core.logger_manager:info:44 - Market data connection closed
2026-08-13 15:26:23 | INFO     | core.logger_manager:info:44 - Market engine closed
2026-08-13 15:26:23 | INFO     | core.logger_manager:info:44 - Option Chain Engine shutdown
2026-08-13 15:26:23 | INFO     | core.logger_manager:info:44 - Option engine closed
2026-08-13 15:26:23 | INFO     | core.logger_manager:info:44 - Database saved and closed
2026-08-13 15:26:24 | INFO     | core.logger_manager:info:44 - Graceful shutdown complete
2026-08-13 18:44:43 | WARNING  | core.logger_manager:warning:47 - Validator REJECT: ['rr_1.0<2.0']
2026-08-13 18:46:33 | WARNING  | core.logger_manager:warning:47 - Validator REJECT: ['rr_1.0<2.0']
2026-08-13 19:06:11 | INFO     | core.logger_manager:info:44 - BLOCKORA_TRADE v1.0 starting...
2026-08-13 19:06:15 | INFO     | core.logger_manager:info:44 - Angel One SmartAPI connected successfully
2026-08-13 19:06:21 | INFO     | core.logger_manager:info:44 - Historical data loaded: 147 candles
2026-08-13 19:06:24 | INFO     | core.logger_manager:info:44 - Option Chain Engine initialized (Multi-Source)
2026-08-13 19:06:25 | INFO     | core.logger_manager:info:44 - Telegram Bot connected
2026-08-13 19:06:25 | INFO     | core.logger_manager:info:44 - Subscription Manager started (polling)
2026-08-13 19:06:25 | INFO     | core.logger_manager:info:44 - System initialization complete
2026-08-13 19:06:25 | INFO     | core.logger_manager:info:44 - BLOCKORA_TRADE started - entering main loop
2026-08-13 19:06:47 | INFO     | core.logger_manager:info:44 - Starting graceful shutdown...
2026-08-13 19:06:48 | INFO     | core.logger_manager:info:44 - Market data connection closed
2026-08-13 19:06:48 | INFO     | core.logger_manager:info:44 - Market engine closed
2026-08-13 19:06:48 | INFO     | core.logger_manager:info:44 - Option Chain Engine shutdown
2026-08-13 19:06:48 | INFO     | core.logger_manager:info:44 - Option engine closed
2026-08-13 19:06:48 | INFO     | core.logger_manager:info:44 - Database saved and closed
2026-08-13 19:06:49 | INFO     | core.logger_manager:info:44 - Graceful shutdown complete
2026-08-14 09:34:26 | INFO     | core.logger_manager:info:44 - BLOCKORA_TRADE v1.0 starting...
2026-08-14 09:34:28 | INFO     | core.logger_manager:info:44 - Angel One SmartAPI connected successfully
2026-08-14 09:34:34 | INFO     | core.logger_manager:info:44 - Historical data loaded: 147 candles
2026-08-14 09:34:36 | INFO     | core.logger_manager:info:44 - Option Chain Engine initialized (Multi-Source)
2026-08-14 09:34:47 | INFO     | core.logger_manager:info:44 - Telegram Bot connected
2026-08-14 09:34:47 | INFO     | core.logger_manager:info:44 - Subscription Manager started (polling)
2026-08-14 09:34:48 | INFO     | core.logger_manager:info:44 - System initialization complete
2026-08-14 09:34:48 | INFO     | core.logger_manager:info:44 - BLOCKORA_TRADE started - entering main loop
2026-08-14 09:34:48 | INFO     | core.logger_manager:info:44 - Market OPENED - Starting analysis
2026-08-14 09:35:18 | INFO     | core.logger_manager:info:44 - Instrument master download (~30MB, once daily)...
2026-08-14 09:44:03 | INFO     | core.logger_manager:info:44 - Master downloaded: https://margincalculator.angelbroking.com/OpenAPI_File/files/OpenAPIScripMaster.json
2026-08-14 09:44:03 | INFO     | core.logger_manager:info:44 - Tokens saved: 211
2026-08-14 09:44:10 | INFO     | core.logger_manager:info:44 - Angel LIVE chain ready: 31 strikes | PCR 0.84
2026-08-14 09:44:10 | WARNING  | core.logger_manager:warning:47 - Stale data: ['Spot stale 557.9s'] - retrying fetch
2026-08-14 09:44:17 | INFO     | core.logger_manager:info:44 - Market Regime: HIGH_VOLATILITY | ADX:22.1 RSI:42.7 ATR%:0.09
2026-08-14 09:44:17 | WARNING  | core.logger_manager:warning:47 - Validator REJECT: ['regime_HIGH_VOLATILITY', 'bad_rr_levels']
2026-08-14 09:45:51 | INFO     | core.logger_manager:info:44 - Angel LIVE chain ready: 31 strikes | PCR 0.8
2026-08-14 09:45:51 | INFO     | core.logger_manager:info:44 - Market Regime: HIGH_VOLATILITY | ADX:18.5 RSI:46.0 ATR%:0.08
2026-08-14 09:45:51 | WARNING  | core.logger_manager:warning:47 - Validator REJECT: ['regime_HIGH_VOLATILITY', 'bad_rr_levels']
2026-08-14 09:47:21 | INFO     | core.logger_manager:info:44 - Angel LIVE chain ready: 31 strikes | PCR 0.8
2026-08-14 09:47:21 | INFO     | core.logger_manager:info:44 - Market Regime: HIGH_VOLATILITY | ADX:15.1 RSI:48.1 ATR%:0.09
2026-08-14 09:47:21 | WARNING  | core.logger_manager:warning:47 - Validator REJECT: ['regime_HIGH_VOLATILITY', 'bad_rr_levels']
2026-08-14 09:48:51 | INFO     | core.logger_manager:info:44 - Angel LIVE chain ready: 31 strikes | PCR 0.8
2026-08-14 09:48:51 | INFO     | core.logger_manager:info:44 - Market Regime: HIGH_VOLATILITY | ADX:15.1 RSI:47.5 ATR%:0.09
2026-08-14 09:48:51 | WARNING  | core.logger_manager:warning:47 - Validator REJECT: ['regime_HIGH_VOLATILITY', 'bad_rr_levels']
2026-08-14 09:51:04 | WARNING  | core.logger_manager:warning:47 - Stale data: ['Chain timestamp missing/invalid'] - retrying fetch
2026-08-14 09:51:18 | WARNING  | core.logger_manager:warning:47 - NO_TRADE cycle (stale data): ['Chain timestamp missing/invalid']
2026-08-14 09:53:22 | INFO     | core.logger_manager:info:44 - Angel LIVE chain ready: 31 strikes | PCR 0.81
2026-08-14 09:53:22 | INFO     | core.logger_manager:info:44 - Market Regime: HIGH_VOLATILITY | ADX:15.1 RSI:47.1 ATR%:0.09
2026-08-14 09:53:22 | WARNING  | core.logger_manager:warning:47 - Validator REJECT: ['regime_HIGH_VOLATILITY', 'bad_rr_levels']
2026-08-14 09:55:10 | INFO     | core.logger_manager:info:44 - Angel LIVE chain ready: 31 strikes | PCR 0.81
2026-08-14 09:55:10 | INFO     | core.logger_manager:info:44 - Market Regime: HIGH_VOLATILITY | ADX:15.1 RSI:45.5 ATR%:0.09
2026-08-14 09:55:10 | WARNING  | core.logger_manager:warning:47 - Validator REJECT: ['regime_HIGH_VOLATILITY', 'bad_rr_levels']
2026-08-14 09:57:14 | WARNING  | core.logger_manager:warning:47 - Stale data: ['Chain timestamp missing/invalid'] - retrying fetch
2026-08-14 09:57:24 | WARNING  | core.logger_manager:warning:47 - NO_TRADE cycle (stale data): ['Chain timestamp missing/invalid']
2026-08-14 09:58:56 | INFO     | core.logger_manager:info:44 - Angel LIVE chain ready: 31 strikes | PCR 0.8
2026-08-14 09:58:56 | INFO     | core.logger_manager:info:44 - Market Regime: HIGH_VOLATILITY | ADX:11.5 RSI:48.8 ATR%:0.09
2026-08-14 09:58:56 | WARNING  | core.logger_manager:warning:47 - Validator REJECT: ['regime_HIGH_VOLATILITY', 'bad_rr_levels']
2026-08-14 10:00:25 | INFO     | core.logger_manager:info:44 - Angel LIVE chain ready: 31 strikes | PCR 0.8
2026-08-14 10:00:25 | INFO     | core.logger_manager:info:44 - Market Regime: HIGH_VOLATILITY | ADX:11.5 RSI:50.0 ATR%:0.09
2026-08-14 10:00:25 | WARNING  | core.logger_manager:warning:47 - Validator REJECT: ['regime_HIGH_VOLATILITY', 'bad_rr_levels']
2026-08-14 10:01:58 | INFO     | core.logger_manager:info:44 - Angel LIVE chain ready: 31 strikes | PCR 0.8
2026-08-14 10:01:58 | INFO     | core.logger_manager:info:44 - Market Regime: HIGH_VOLATILITY | ADX:11.5 RSI:49.9 ATR%:0.09
2026-08-14 10:01:58 | WARNING  | core.logger_manager:warning:47 - Validator REJECT: ['regime_HIGH_VOLATILITY', 'bad_rr_levels']
2026-08-14 10:05:30 | INFO     | core.logger_manager:info:44 - Angel LIVE chain ready: 31 strikes | PCR 0.82
2026-08-14 10:05:30 | INFO     | core.logger_manager:info:44 - Market Regime: HIGH_VOLATILITY | ADX:9.2 RSI:48.2 ATR%:0.09
2026-08-14 10:05:30 | WARNING  | core.logger_manager:warning:47 - Validator REJECT: ['regime_HIGH_VOLATILITY', 'bad_rr_levels']
2026-08-14 10:10:05 | INFO     | core.logger_manager:info:44 - Angel LIVE chain ready: 31 strikes | PCR 0.82
2026-08-14 10:10:05 | INFO     | core.logger_manager:info:44 - Market Regime: HIGH_VOLATILITY | ADX:9.2 RSI:48.9 ATR%:0.09
2026-08-14 10:10:05 | WARNING  | core.logger_manager:warning:47 - Validator REJECT: ['regime_HIGH_VOLATILITY', 'bad_rr_levels']
2026-08-14 10:11:37 | INFO     | core.logger_manager:info:44 - Angel LIVE chain ready: 31 strikes | PCR 0.83
2026-08-14 10:11:37 | INFO     | core.logger_manager:info:44 - Market Regime: HIGH_VOLATILITY | ADX:9.9 RSI:50.9 ATR%:0.09
2026-08-14 10:11:37 | WARNING  | core.logger_manager:warning:47 - Validator REJECT: ['regime_HIGH_VOLATILITY', 'bad_rr_levels']
2026-08-14 10:13:05 | INFO     | core.logger_manager:info:44 - Angel LIVE chain ready: 31 strikes | PCR 0.83
2026-08-14 10:13:05 | INFO     | core.logger_manager:info:44 - Market Regime: HIGH_VOLATILITY | ADX:9.9 RSI:49.4 ATR%:0.09
2026-08-14 10:13:05 | WARNING  | core.logger_manager:warning:47 - Validator REJECT: ['regime_HIGH_VOLATILITY', 'bad_rr_levels']
2026-08-14 10:14:34 | INFO     | core.logger_manager:info:44 - Angel LIVE chain ready: 31 strikes | PCR 0.84
2026-08-14 10:14:34 | INFO     | core.logger_manager:info:44 - Market Regime: HIGH_VOLATILITY | ADX:9.9 RSI:48.0 ATR%:0.09
2026-08-14 10:14:34 | WARNING  | core.logger_manager:warning:47 - Validator REJECT: ['regime_HIGH_VOLATILITY', 'bad_rr_levels']
2026-08-14 10:16:09 | INFO     | core.logger_manager:info:44 - Angel LIVE chain ready: 31 strikes | PCR 0.84
2026-08-14 10:16:09 | INFO     | core.logger_manager:info:44 - Market Regime: HIGH_VOLATILITY | ADX:9.9 RSI:48.0 ATR%:0.09
2026-08-14 10:16:09 | WARNING  | core.logger_manager:warning:47 - Validator REJECT: ['regime_HIGH_VOLATILITY', 'bad_rr_levels']
2026-08-14 10:17:46 | INFO     | core.logger_manager:info:44 - Angel LIVE chain ready: 31 strikes | PCR 0.83
2026-08-14 10:17:46 | INFO     | core.logger_manager:info:44 - Market Regime: HIGH_VOLATILITY | ADX:9.9 RSI:47.8 ATR%:0.09
2026-08-14 10:17:46 | WARNING  | core.logger_manager:warning:47 - Validator REJECT: ['regime_HIGH_VOLATILITY', 'bad_rr_levels']
2026-08-14 10:19:27 | INFO     | core.logger_manager:info:44 - Angel LIVE chain ready: 31 strikes | PCR 0.83
2026-08-14 10:19:27 | INFO     | core.logger_manager:info:44 - Market Regime: HIGH_VOLATILITY | ADX:9.9 RSI:48.2 ATR%:0.09
2026-08-14 10:19:27 | WARNING  | core.logger_manager:warning:47 - Validator REJECT: ['regime_HIGH_VOLATILITY', 'bad_rr_levels']
2026-08-14 10:23:00 | WARNING  | core.logger_manager:warning:47 - Stale data: ['Chain timestamp missing/invalid'] - retrying fetch
2026-08-14 10:23:09 | WARNING  | core.logger_manager:warning:47 - NO_TRADE cycle (stale data): ['Chain timestamp missing/invalid']
2026-08-14 10:27:27 | INFO     | core.logger_manager:info:44 - Angel LIVE chain ready: 31 strikes | PCR 0.83
2026-08-14 10:27:27 | INFO     | core.logger_manager:info:44 - Market Regime: HIGH_VOLATILITY | ADX:15.4 RSI:53.2 ATR%:0.09
2026-08-14 10:27:27 | WARNING  | core.logger_manager:warning:47 - Validator REJECT: ['regime_HIGH_VOLATILITY', 'bad_rr_levels']
2026-08-14 10:29:07 | INFO     | core.logger_manager:info:44 - Angel LIVE chain ready: 31 strikes | PCR 0.83
2026-08-14 10:29:07 | INFO     | core.logger_manager:info:44 - Market Regime: HIGH_VOLATILITY | ADX:15.4 RSI:54.1 ATR%:0.09
2026-08-14 10:29:07 | WARNING  | core.logger_manager:warning:47 - Validator REJECT: ['regime_HIGH_VOLATILITY', 'bad_rr_levels']
2026-08-14 10:31:07 | INFO     | core.logger_manager:info:44 - Angel LIVE chain ready: 31 strikes | PCR 0.83
2026-08-14 10:31:07 | INFO     | core.logger_manager:info:44 - Market Regime: HIGH_VOLATILITY | ADX:15.4 RSI:53.3 ATR%:0.09
2026-08-14 10:31:07 | WARNING  | core.logger_manager:warning:47 - Validator REJECT: ['regime_HIGH_VOLATILITY', 'bad_rr_levels']
2026-08-14 10:32:46 | INFO     | core.logger_manager:info:44 - Angel LIVE chain ready: 31 strikes | PCR 0.83
2026-08-14 10:32:46 | INFO     | core.logger_manager:info:44 - Liquidity: removed 1 illiquid strikes, kept 61
2026-08-14 10:32:46 | INFO     | core.logger_manager:info:44 - Market Regime: HIGH_VOLATILITY | ADX:10.0 RSI:45.8 ATR%:0.09
2026-08-14 10:32:46 | WARNING  | core.logger_manager:warning:47 - Validator REJECT: ['regime_HIGH_VOLATILITY', 'bad_rr_levels']
2026-08-14 10:34:20 | INFO     | core.logger_manager:info:44 - Angel LIVE chain ready: 31 strikes | PCR 0.8
2026-08-14 10:34:20 | INFO     | core.logger_manager:info:44 - Liquidity: removed 1 illiquid strikes, kept 61
2026-08-14 10:34:20 | INFO     | core.logger_manager:info:44 - Market Regime: HIGH_VOLATILITY | ADX:21.2 RSI:44.0 ATR%:0.09
2026-08-14 10:34:20 | WARNING  | core.logger_manager:warning:47 - Validator REJECT: ['regime_HIGH_VOLATILITY']
2026-08-14 10:35:53 | INFO     | core.logger_manager:info:44 - Angel LIVE chain ready: 31 strikes | PCR 0.77
2026-08-14 10:35:53 | INFO     | core.logger_manager:info:44 - Liquidity: removed 1 illiquid strikes, kept 61
2026-08-14 10:35:53 | INFO     | core.logger_manager:info:44 - Market Regime: HIGH_VOLATILITY | ADX:14.2 RSI:51.4 ATR%:0.09
2026-08-14 10:35:53 | WARNING  | core.logger_manager:warning:47 - Validator REJECT: ['regime_HIGH_VOLATILITY', 'bad_rr_levels']
2026-08-14 10:37:22 | INFO     | core.logger_manager:info:44 - Angel LIVE chain ready: 31 strikes | PCR 0.76
2026-08-14 10:37:22 | INFO     | core.logger_manager:info:44 - Liquidity: removed 1 illiquid strikes, kept 61
2026-08-14 10:37:22 | INFO     | core.logger_manager:info:44 - Market Regime: HIGH_VOLATILITY | ADX:14.2 RSI:51.4 ATR%:0.09
2026-08-14 10:37:22 | WARNING  | core.logger_manager:warning:47 - Validator REJECT: ['regime_HIGH_VOLATILITY', 'bad_rr_levels']
2026-08-14 10:37:44 | INFO     | core.logger_manager:info:44 - Starting graceful shutdown...
2026-08-14 10:37:44 | INFO     | core.logger_manager:info:44 - Market data connection closed
2026-08-14 10:37:44 | INFO     | core.logger_manager:info:44 - Market engine closed
2026-08-14 10:37:44 | INFO     | core.logger_manager:info:44 - Option Chain Engine shutdown
2026-08-14 10:37:44 | INFO     | core.logger_manager:info:44 - Option engine closed
2026-08-14 10:37:44 | INFO     | core.logger_manager:info:44 - Database saved and closed
2026-08-14 10:37:49 | INFO     | core.logger_manager:info:44 - Graceful shutdown complete
2026-08-14 11:51:18 | WARNING  | core.logger_manager:warning:47 - Validator REJECT: ['rr_1.0<2.0']
2026-08-14 11:53:42 | WARNING  | core.logger_manager:warning:47 - Validator REJECT: ['rr_1.0<2.0']
2026-08-14 12:30:58 | WARNING  | core.logger_manager:warning:47 - Validator REJECT: ['rr_1.0<2.0']
2026-08-14 12:33:24 | WARNING  | core.logger_manager:warning:47 - Validator REJECT: ['rr_1.0<2.0']
2026-08-14 12:41:39 | WARNING  | core.logger_manager:warning:47 - Validator REJECT: ['rr_1.0<2.0']
2026-08-14 12:43:41 | WARNING  | core.logger_manager:warning:47 - Validator REJECT: ['rr_1.0<2.0']
2026-08-14 13:18:20 | WARNING  | core.logger_manager:warning:47 - Validator REJECT: ['rr_1.0<2.0']
2026-08-14 13:48:36 | WARNING  | core.logger_manager:warning:47 - Validator REJECT: ['rr_1.0<2.0']
2026-08-14 14:32:26 | WARNING  | core.logger_manager:warning:47 - Validator REJECT: ['rr_1.0<2.0']
2026-08-14 15:01:36 | WARNING  | core.logger_manager:warning:47 - Validator REJECT: ['rr_1.0<2.0']
2026-08-14 15:06:20 | WARNING  | core.logger_manager:warning:47 - Validator REJECT: ['rr_1.0<2.0']
2026-08-14 15:21:11 | WARNING  | core.logger_manager:warning:47 - Validator REJECT: ['rr_1.0<2.0']
2026-08-14 15:40:57 | WARNING  | core.logger_manager:warning:47 - Validator REJECT: ['rr_1.0<2.0']
2026-08-14 15:44:27 | WARNING  | core.logger_manager:warning:47 - Validator REJECT: ['rr_1.0<2.0']
2026-08-14 15:45:27 | WARNING  | core.logger_manager:warning:47 - Validator REJECT: ['rr_1.0<2.0']
2026-08-14 16:07:47 | WARNING  | core.logger_manager:warning:47 - Validator REJECT: ['rr_1.0<2.0']
2026-08-14 16:12:15 | WARNING  | core.logger_manager:warning:47 - Validator REJECT: ['rr_1.0<2.0']
2026-08-14 16:28:35 | WARNING  | core.logger_manager:warning:47 - Validator REJECT: ['rr_1.0<2.0']
2026-08-14 16:48:50 | WARNING  | core.logger_manager:warning:47 - Validator REJECT: ['rr_1.0<2.0']
2026-08-14 17:10:27 | WARNING  | core.logger_manager:warning:47 - Validator REJECT: ['rr_1.0<2.0']
2026-08-14 17:12:55 | WARNING  | core.logger_manager:warning:47 - Validator REJECT: ['rr_1.0<2.0']
2026-08-14 19:04:09 | WARNING  | core.logger_manager:warning:47 - Validator REJECT: ['rr_1.0<2.0']
2026-08-14 19:37:09 | WARNING  | core.logger_manager:warning:47 - Validator REJECT: ['rr_1.0<2.0']
2026-08-14 19:55:33 | WARNING  | core.logger_manager:warning:47 - Validator REJECT: ['rr_1.0<2.0']
2026-08-14 20:14:07 | WARNING  | core.logger_manager:warning:47 - Validator REJECT: ['rr_1.0<2.0']
2026-08-14 20:23:04 | WARNING  | core.logger_manager:warning:47 - Validator REJECT: ['rr_1.0<2.0']
2026-08-14 20:29:19 | WARNING  | core.logger_manager:warning:47 - Validator REJECT: ['rr_1.0<2.0']
2026-08-14 20:35:30 | WARNING  | core.logger_manager:warning:47 - Validator REJECT: ['rr_1.0<2.0']
2026-08-14 20:53:38 | WARNING  | core.logger_manager:warning:47 - Validator REJECT: ['rr_1.0<2.0']
2026-08-14 20:56:40 | WARNING  | core.logger_manager:warning:47 - Validator REJECT: ['rr_1.0<2.0']
2026-08-14 20:58:54 | WARNING  | core.logger_manager:warning:47 - Validator REJECT: ['rr_1.0<2.0']
2026-08-15 14:32:24 | WARNING  | core.logger_manager:warning:47 - Validator REJECT: ['rr_1.0<2.0']
2026-08-15 14:42:14 | WARNING  | core.logger_manager:warning:47 - Validator REJECT: ['rr_1.0<2.0']
2026-08-15 14:58:28 | WARNING  | core.logger_manager:warning:47 - Validator REJECT: ['rr_1.0<2.0']
2026-08-15 15:19:37 | WARNING  | core.logger_manager:warning:47 - Validator REJECT: ['rr_1.0<2.0']
2026-08-15 16:20:56 | WARNING  | core.logger_manager:warning:47 - Validator REJECT: ['rr_1.0<2.0']
2026-08-15 16:43:23 | WARNING  | core.logger_manager:warning:47 - Validator REJECT: ['rr_1.0<2.0']
2026-08-15 17:42:36 | WARNING  | core.logger_manager:warning:47 - Validator REJECT: ['rr_1.0<2.0']
2026-08-15 18:43:24 | WARNING  | core.logger_manager:warning:47 - Validator REJECT: ['rr_1.0<2.0']
2026-08-15 18:52:04 | WARNING  | core.logger_manager:warning:47 - Validator REJECT: ['rr_1.0<2.0']
2026-08-15 18:57:58 | WARNING  | core.logger_manager:warning:47 - Validator REJECT: ['rr_1.0<2.0']
2026-08-15 19:08:59 | WARNING  | core.logger_manager:warning:47 - Validator REJECT: ['rr_1.0<2.0']
2026-08-15 19:27:18 | WARNING  | core.logger_manager:warning:47 - Validator REJECT: ['rr_1.0<2.0']
2026-08-15 19:32:13 | WARNING  | core.logger_manager:warning:47 - Validator REJECT: ['rr_1.0<2.0']
2026-08-15 19:56:12 | INFO     | core.logger_manager:info:44 - BLOCKORA_TRADE v1.0 starting...
2026-08-15 19:56:13 | INFO     | core.logger_manager:info:44 - Angel One SmartAPI connected successfully
2026-08-15 19:56:20 | INFO     | core.logger_manager:info:44 - Historical data loaded: 74 candles
2026-08-15 19:56:20 | INFO     | core.logger_manager:info:44 - Option Chain Engine initialized (Multi-Source)
2026-08-15 19:56:31 | INFO     | core.logger_manager:info:44 - Telegram Bot connected
2026-08-15 19:56:31 | ERROR    | core.logger_manager:error:50 - Initialization failed: 'ShadowSignal' object has no attribute '_load_existing'
2026-08-15 19:58:05 | WARNING  | core.logger_manager:warning:47 - Validator REJECT: ['rr_1.0<2.0']
2026-08-15 20:01:34 | WARNING  | core.logger_manager:warning:47 - Validator REJECT: ['rr_1.0<2.0']
2026-08-15 20:02:38 | INFO     | core.logger_manager:info:44 - BLOCKORA_TRADE v1.0 starting...
2026-08-15 20:02:40 | INFO     | core.logger_manager:info:44 - Angel One SmartAPI connected successfully
2026-08-15 20:02:46 | INFO     | core.logger_manager:info:44 - Historical data loaded: 74 candles
2026-08-15 20:02:47 | INFO     | core.logger_manager:info:44 - Option Chain Engine initialized (Multi-Source)
2026-08-15 20:02:58 | INFO     | core.logger_manager:info:44 - Telegram Bot connected
2026-08-15 20:02:58 | ERROR    | core.logger_manager:error:50 - Initialization failed: 'ShadowSignal' object has no attribute '_load_existing'
2026-08-15 20:04:01 | INFO     | core.logger_manager:info:44 - BLOCKORA_TRADE v1.0 starting...
2026-08-15 20:04:03 | INFO     | core.logger_manager:info:44 - Angel One SmartAPI connected successfully
2026-08-15 20:04:09 | INFO     | core.logger_manager:info:44 - Historical data loaded: 74 candles
2026-08-15 20:04:10 | INFO     | core.logger_manager:info:44 - Option Chain Engine initialized (Multi-Source)
2026-08-15 20:04:21 | INFO     | core.logger_manager:info:44 - Telegram Bot connected
2026-08-15 20:04:21 | ERROR    | core.logger_manager:error:50 - Initialization failed: 'ShadowSignal' object has no attribute '_load_existing'
2026-08-15 20:10:23 | WARNING  | core.logger_manager:warning:47 - Validator REJECT: ['rr_1.0<2.0']
2026-08-15 20:11:17 | WARNING  | core.logger_manager:warning:47 - Validator REJECT: ['rr_1.0<2.0']
2026-08-15 21:13:15 | WARNING  | core.logger_manager:warning:47 - Validator REJECT: ['rr_1.0<2.0']
2026-08-15 21:14:08 | INFO     | core.logger_manager:info:44 - BLOCKORA_TRADE v1.0 starting...
2026-08-15 21:14:09 | INFO     | core.logger_manager:info:44 - Angel One SmartAPI connected successfully
2026-08-15 21:14:15 | INFO     | core.logger_manager:info:44 - Historical data loaded: 74 candles
2026-08-15 21:14:16 | INFO     | core.logger_manager:info:44 - Option Chain Engine initialized (Multi-Source)
2026-08-15 21:14:27 | INFO     | core.logger_manager:info:44 - Telegram Bot connected
2026-08-15 21:14:27 | ERROR    | core.logger_manager:error:50 - Initialization failed: 'ShadowSignal' object has no attribute '_load_existing'
2026-08-15 21:53:05 | WARNING  | core.logger_manager:warning:47 - Validator REJECT: ['rr_1.0<2.0']
2026-08-15 22:05:37 | WARNING  | core.logger_manager:warning:47 - Validator REJECT: ['rr_1.0<2.0']
2026-08-15 22:09:01 | WARNING  | core.logger_manager:warning:47 - Validator REJECT: ['rr_1.0<2.0']
2026-08-15 23:02:30 | WARNING  | core.logger_manager:warning:47 - Validator REJECT: ['rr_1.0<2.0']
2026-08-15 23:07:58 | WARNING  | core.logger_manager:warning:47 - Validator REJECT: ['rr_1.0<2.0']
2026-08-15 23:20:20 | WARNING  | core.logger_manager:warning:47 - Validator REJECT: ['rr_1.0<2.0']
2026-08-15 23:23:45 | WARNING  | core.logger_manager:warning:47 - Validator REJECT: ['rr_1.0<2.0']
2026-08-15 23:40:02 | WARNING  | core.logger_manager:warning:47 - Validator REJECT: ['rr_1.0<2.0']
2026-08-15 23:41:11 | WARNING  | core.logger_manager:warning:47 - Validator REJECT: ['rr_1.0<2.0']
2026-08-15 23:42:00 | WARNING  | core.logger_manager:warning:47 - Validator REJECT: ['rr_1.0<2.0']
2026-08-15 23:42:53 | WARNING  | core.logger_manager:warning:47 - Validator REJECT: ['rr_1.0<2.0']
2026-08-15 23:43:56 | WARNING  | core.logger_manager:warning:47 - Validator REJECT: ['rr_1.0<2.0']
2026-08-15 23:44:47 | WARNING  | core.logger_manager:warning:47 - Validator REJECT: ['rr_1.0<2.0']
2026-08-15 23:45:42 | WARNING  | core.logger_manager:warning:47 - Validator REJECT: ['rr_1.0<2.0']
2026-08-15 23:46:33 | WARNING  | core.logger_manager:warning:47 - Validator REJECT: ['rr_1.0<2.0']
2026-08-15 23:47:25 | WARNING  | core.logger_manager:warning:47 - Validator REJECT: ['rr_1.0<2.0']
2026-08-15 23:48:37 | WARNING  | core.logger_manager:warning:47 - Validator REJECT: ['rr_1.0<2.0']
2026-08-15 23:49:42 | WARNING  | core.logger_manager:warning:47 - Validator REJECT: ['rr_1.0<2.0']
2026-08-15 23:51:06 | WARNING  | core.logger_manager:warning:47 - Validator REJECT: ['rr_1.0<2.0']
2026-08-15 23:52:09 | WARNING  | core.logger_manager:warning:47 - Validator REJECT: ['rr_1.0<2.0']
2026-08-16 00:06:57 | WARNING  | core.logger_manager:warning:47 - Validator REJECT: ['rr_1.0<2.0']
2026-08-16 01:04:59 | WARNING  | core.logger_manager:warning:47 - Validator REJECT: ['rr_1.0<2.0']
2026-08-16 01:07:18 | WARNING  | core.logger_manager:warning:47 - Validator REJECT: ['rr_1.0<2.0']
2026-08-16 01:09:08 | WARNING  | core.logger_manager:warning:47 - Validator REJECT: ['rr_1.0<2.0']
2026-08-16 01:45:01 | WARNING  | core.logger_manager:warning:47 - Validator REJECT: ['rr_1.0<2.0']
2026-08-16 03:20:26 | WARNING  | core.logger_manager:warning:47 - Validator REJECT: ['rr_1.0<2.0']
2026-08-16 12:07:53 | WARNING  | core.logger_manager:warning:47 - Validator REJECT: ['rr_1.0<2.0']
2026-08-16 12:10:23 | WARNING  | core.logger_manager:warning:47 - Validator REJECT: ['rr_1.0<2.0']
2026-08-16 13:05:15 | WARNING  | core.logger_manager:warning:47 - Validator REJECT: ['rr_1.0<2.0']
2026-08-16 13:10:52 | WARNING  | core.logger_manager:warning:47 - Validator REJECT: ['rr_1.0<2.0']
2026-08-16 13:14:51 | WARNING  | core.logger_manager:warning:47 - Validator REJECT: ['rr_1.0<2.0']
2026-08-16 13:26:05 | WARNING  | core.logger_manager:warning:47 - Validator REJECT: ['rr_1.0<2.0']
2026-08-16 13:29:43 | WARNING  | core.logger_manager:warning:47 - Validator REJECT: ['rr_1.0<2.0']
2026-08-16 13:51:14 | WARNING  | core.logger_manager:warning:47 - Validator REJECT: ['rr_1.0<2.0']
2026-08-16 14:19:24 | WARNING  | core.logger_manager:warning:47 - Validator REJECT: ['rr_1.0<2.0']
2026-08-16 14:25:40 | WARNING  | core.logger_manager:warning:47 - Validator REJECT: ['rr_1.0<2.0']
2026-08-16 14:36:25 | WARNING  | core.logger_manager:warning:47 - Validator REJECT: ['rr_1.0<2.0']
2026-08-16 14:44:12 | WARNING  | core.logger_manager:warning:47 - Validator REJECT: ['rr_1.0<2.0']
2026-08-16 15:11:36 | WARNING  | core.logger_manager:warning:47 - Validator REJECT: ['rr_1.0<2.0']
2026-08-16 15:44:11 | WARNING  | core.logger_manager:warning:47 - Validator REJECT: ['rr_1.0<2.0']
2026-08-16 15:51:36 | WARNING  | core.logger_manager:warning:47 - Validator REJECT: ['rr_1.0<2.0']
2026-08-16 16:10:17 | WARNING  | core.logger_manager:warning:47 - Validator REJECT: ['rr_1.0<2.0']
2026-08-16 17:17:21 | WARNING  | core.logger_manager:warning:47 - Validator REJECT: ['rr_1.0<2.0']
2026-08-16 17:19:07 | WARNING  | core.logger_manager:warning:47 - Validator REJECT: ['rr_1.0<2.0']
2026-08-16 17:30:26 | INFO     | core.logger_manager:info:44 - BLOCKORA_TRADE v1.0 starting...
2026-08-16 17:30:27 | INFO     | core.logger_manager:info:44 - Angel One SmartAPI connected successfully
2026-08-16 17:30:34 | INFO     | core.logger_manager:info:44 - Historical data loaded: 1 candles
2026-08-16 17:30:34 | INFO     | core.logger_manager:info:44 - Option Chain Engine initialized (Multi-Source)
2026-08-16 17:30:35 | INFO     | core.logger_manager:info:44 - Telegram Bot connected
2026-08-16 17:30:35 | INFO     | core.logger_manager:info:44 - Subscription Manager started (polling)
2026-08-16 17:30:35 | INFO     | core.logger_manager:info:44 - System initialization complete
2026-08-16 17:30:35 | INFO     | core.logger_manager:info:44 - BLOCKORA_TRADE started - entering main loop
2026-08-16 17:31:28 | INFO     | core.logger_manager:info:44 - Starting graceful shutdown...
2026-08-16 17:31:28 | INFO     | core.logger_manager:info:44 - Market data connection closed
2026-08-16 17:31:28 | INFO     | core.logger_manager:info:44 - Market engine closed
2026-08-16 17:31:28 | INFO     | core.logger_manager:info:44 - Option Chain Engine shutdown
2026-08-16 17:31:28 | INFO     | core.logger_manager:info:44 - Option engine closed
2026-08-16 17:31:28 | INFO     | core.logger_manager:info:44 - Database saved and closed
2026-08-16 17:31:29 | INFO     | core.logger_manager:info:44 - Graceful shutdown complete
2026-08-16 18:29:18 | WARNING  | core.logger_manager:warning:47 - Validator REJECT: ['rr_1.0<2.0']
2026-08-16 18:37:12 | WARNING  | core.logger_manager:warning:47 - Validator REJECT: ['rr_1.0<2.0']
2026-08-16 19:08:25 | WARNING  | core.logger_manager:warning:47 - Validator REJECT: ['rr_1.0<2.0']
2026-08-16 19:25:11 | WARNING  | core.logger_manager:warning:47 - Validator REJECT: ['rr_1.0<2.0']
2026-08-16 19:43:33 | WARNING  | core.logger_manager:warning:47 - Validator REJECT: ['rr_1.0<2.0']
2026-08-16 19:59:44 | WARNING  | core.logger_manager:warning:47 - Validator REJECT: ['rr_1.0<2.0']
2026-08-16 20:04:35 | WARNING  | core.logger_manager:warning:47 - Validator REJECT: ['rr_1.0<2.0']
2026-08-16 20:06:02 | WARNING  | core.logger_manager:warning:47 - Validator REJECT: ['rr_1.0<2.0']
2026-08-16 20:08:47 | WARNING  | core.logger_manager:warning:47 - Validator REJECT: ['rr_1.0<2.0']
2026-08-16 20:11:18 | WARNING  | core.logger_manager:warning:47 - Validator REJECT: ['rr_1.0<2.0']
2026-08-16 20:15:37 | WARNING  | core.logger_manager:warning:47 - Validator REJECT: ['rr_1.0<2.0']
2026-08-16 22:08:49 | WARNING  | core.logger_manager:warning:47 - Validator REJECT: ['rr_1.0<2.0']
2026-08-16 22:28:20 | WARNING  | core.logger_manager:warning:47 - Validator REJECT: ['rr_1.0<2.0']
2026-08-16 23:48:35 | WARNING  | core.logger_manager:warning:47 - Validator REJECT: ['rr_1.0<2.0']
2026-08-16 23:50:02 | WARNING  | core.logger_manager:warning:47 - Validator REJECT: ['rr_1.0<2.0']
2026-08-16 23:51:46 | WARNING  | core.logger_manager:warning:47 - Validator REJECT: ['rr_1.0<2.0']
2026-08-17 07:30:26 | WARNING  | core.logger_manager:warning:47 - Validator REJECT: ['rr_1.0<2.0']
2026-08-17 07:33:43 | WARNING  | core.logger_manager:warning:47 - Validator REJECT: ['rr_1.0<2.0']
2026-08-17 07:44:52 | INFO     | core.logger_manager:info:44 - BLOCKORA_TRADE v1.0 starting...
2026-08-17 07:44:53 | INFO     | core.logger_manager:info:44 - Angel One SmartAPI connected successfully
2026-08-17 07:45:00 | INFO     | core.logger_manager:info:44 - Historical data loaded: 1 candles
2026-08-17 07:45:10 | INFO     | core.logger_manager:info:44 - Option Chain Engine initialized (Multi-Source)
2026-08-17 07:45:10 | INFO     | core.logger_manager:info:44 - Telegram Bot connected
2026-08-17 07:45:11 | INFO     | core.logger_manager:info:44 - Subscription Manager started (polling)
2026-08-17 07:45:11 | INFO     | core.logger_manager:info:44 - System initialization complete
2026-08-17 07:45:11 | INFO     | core.logger_manager:info:44 - BLOCKORA_TRADE started - entering main loop
2026-08-17 07:49:55 | INFO     | core.logger_manager:info:44 - Starting graceful shutdown...
2026-08-17 07:49:55 | INFO     | core.logger_manager:info:44 - Market data connection closed
2026-08-17 07:49:55 | INFO     | core.logger_manager:info:44 - Market engine closed
2026-08-17 07:49:55 | INFO     | core.logger_manager:info:44 - Option Chain Engine shutdown
2026-08-17 07:49:55 | INFO     | core.logger_manager:info:44 - Option engine closed
2026-08-17 07:49:55 | INFO     | core.logger_manager:info:44 - Database saved and closed
2026-08-17 07:49:56 | INFO     | core.logger_manager:info:44 - Graceful shutdown complete
2026-08-17 08:43:44 | INFO     | core.logger_manager:info:44 - BLOCKORA_TRADE v1.0 starting...
2026-08-17 08:43:46 | INFO     | core.logger_manager:info:44 - Angel One SmartAPI connected successfully
2026-08-17 08:43:52 | INFO     | core.logger_manager:info:44 - Historical data loaded: 1 candles
2026-08-17 08:43:53 | INFO     | core.logger_manager:info:44 - Option Chain Engine initialized (Multi-Source)
2026-08-17 08:43:54 | INFO     | core.logger_manager:info:44 - Telegram Bot connected
2026-08-17 08:43:54 | INFO     | core.logger_manager:info:44 - Subscription Manager started (polling)
2026-08-17 08:43:54 | INFO     | core.logger_manager:info:44 - System initialization complete
2026-08-17 08:43:54 | INFO     | core.logger_manager:info:44 - BLOCKORA_TRADE started - entering main loop
2026-08-17 08:44:02 | INFO     | core.logger_manager:info:44 - Starting graceful shutdown...
2026-08-17 08:44:02 | INFO     | core.logger_manager:info:44 - Market data connection closed
2026-08-17 08:44:02 | INFO     | core.logger_manager:info:44 - Market engine closed
2026-08-17 08:44:02 | INFO     | core.logger_manager:info:44 - Option Chain Engine shutdown
2026-08-17 08:44:02 | INFO     | core.logger_manager:info:44 - Option engine closed
2026-08-17 08:44:02 | INFO     | core.logger_manager:info:44 - Database saved and closed
2026-08-17 08:44:06 | INFO     | core.logger_manager:info:44 - Graceful shutdown complete
2026-08-17 09:03:17 | INFO     | core.logger_manager:info:44 - BLOCKORA_TRADE v1.0 starting...
2026-08-17 09:03:19 | INFO     | core.logger_manager:info:44 - Angel One SmartAPI connected successfully
2026-08-17 09:03:25 | INFO     | core.logger_manager:info:44 - Historical data loaded: 1 candles
2026-08-17 09:03:25 | INFO     | core.logger_manager:info:44 - Option Chain Engine initialized (Multi-Source)
2026-08-17 09:03:36 | INFO     | core.logger_manager:info:44 - Telegram Bot connected
2026-08-17 09:03:36 | INFO     | core.logger_manager:info:44 - Subscription Manager started (polling)
2026-08-17 09:03:36 | INFO     | core.logger_manager:info:44 - System initialization complete
2026-08-17 09:03:36 | INFO     | core.logger_manager:info:44 - BLOCKORA_TRADE started - entering main loop
2026-08-17 09:04:19 | INFO     | core.logger_manager:info:44 - Starting graceful shutdown...
2026-08-17 09:04:19 | INFO     | core.logger_manager:info:44 - Market data connection closed
2026-08-17 09:04:19 | INFO     | core.logger_manager:info:44 - Market engine closed
2026-08-17 09:04:19 | INFO     | core.logger_manager:info:44 - Option Chain Engine shutdown
2026-08-17 09:04:20 | INFO     | core.logger_manager:info:44 - Option engine closed
2026-08-17 09:04:20 | INFO     | core.logger_manager:info:44 - Database saved and closed
2026-08-17 09:04:23 | INFO     | core.logger_manager:info:44 - Graceful shutdown complete
2026-08-17 09:05:00 | INFO     | core.logger_manager:info:44 - BLOCKORA_TRADE v1.0 starting...
2026-08-17 09:05:01 | INFO     | core.logger_manager:info:44 - Angel One SmartAPI connected successfully
2026-08-17 09:05:07 | INFO     | core.logger_manager:info:44 - Historical data loaded: 1 candles
2026-08-17 09:05:08 | INFO     | core.logger_manager:info:44 - Option Chain Engine initialized (Multi-Source)
2026-08-17 09:05:09 | INFO     | core.logger_manager:info:44 - Telegram Bot connected
2026-08-17 09:05:09 | INFO     | core.logger_manager:info:44 - Subscription Manager started (polling)
2026-08-17 09:05:09 | INFO     | core.logger_manager:info:44 - System initialization complete
2026-08-17 09:05:09 | INFO     | core.logger_manager:info:44 - BLOCKORA_TRADE started - entering main loop
2026-08-17 09:05:15 | INFO     | core.logger_manager:info:44 - Starting graceful shutdown...
2026-08-17 09:05:15 | INFO     | core.logger_manager:info:44 - Market data connection closed
2026-08-17 09:05:15 | INFO     | core.logger_manager:info:44 - Market engine closed
2026-08-17 09:05:15 | INFO     | core.logger_manager:info:44 - Option Chain Engine shutdown
2026-08-17 09:05:15 | INFO     | core.logger_manager:info:44 - Option engine closed
2026-08-17 09:05:15 | INFO     | core.logger_manager:info:44 - Database saved and closed
2026-08-17 09:05:17 | INFO     | core.logger_manager:info:44 - Graceful shutdown complete
2026-08-17 09:16:51 | INFO     | core.logger_manager:info:44 - BLOCKORA_TRADE v1.0 starting...
2026-08-17 09:16:52 | INFO     | core.logger_manager:info:44 - Angel One SmartAPI connected successfully
2026-08-17 09:16:58 | WARNING  | core.logger_manager:warning:47 - Historical attempt 1 failed
2026-08-17 09:17:04 | INFO     | core.logger_manager:info:44 - Historical data loaded: 3 candles
2026-08-17 09:17:05 | INFO     | core.logger_manager:info:44 - Option Chain Engine initialized (Multi-Source)
2026-08-17 09:17:05 | INFO     | core.logger_manager:info:44 - Telegram Bot connected
2026-08-17 09:17:06 | INFO     | core.logger_manager:info:44 - Subscription Manager started (polling)
2026-08-17 09:17:06 | INFO     | core.logger_manager:info:44 - System initialization complete
2026-08-17 09:17:06 | INFO     | core.logger_manager:info:44 - BLOCKORA_TRADE started - entering main loop
2026-08-17 09:17:07 | INFO     | core.logger_manager:info:44 - Market OPENED - Starting analysis
2026-08-17 09:17:29 | INFO     | core.logger_manager:info:44 - Instrument master download (~30MB, once daily)...
2026-08-17 09:17:43 | INFO     | core.logger_manager:info:44 - Master downloaded: https://margincalculator.angelbroking.com/OpenAPI_File/files/OpenAPIScripMaster.json
2026-08-17 09:17:43 | INFO     | core.logger_manager:info:44 - Tokens saved: 211
2026-08-17 09:17:48 | INFO     | core.logger_manager:info:44 - Angel LIVE chain ready: 31 strikes | PCR 0.88
2026-08-17 09:19:16 | INFO     | core.logger_manager:info:44 - Angel LIVE chain ready: 31 strikes | PCR 0.86
2026-08-17 09:20:46 | INFO     | core.logger_manager:info:44 - Angel LIVE chain ready: 31 strikes | PCR 0.84
2026-08-17 09:22:24 | INFO     | core.logger_manager:info:44 - Starting graceful shutdown...
2026-08-17 09:22:24 | INFO     | core.logger_manager:info:44 - Market data connection closed
2026-08-17 09:22:24 | INFO     | core.logger_manager:info:44 - Market engine closed
2026-08-17 09:22:24 | INFO     | core.logger_manager:info:44 - Option Chain Engine shutdown
2026-08-17 09:22:24 | INFO     | core.logger_manager:info:44 - Option engine closed
2026-08-17 09:22:24 | INFO     | core.logger_manager:info:44 - Database saved and closed
2026-08-17 09:22:26 | INFO     | core.logger_manager:info:44 - Graceful shutdown complete
2026-08-17 10:46:13 | WARNING  | core.logger_manager:warning:47 - Validator REJECT: ['rr_1.0<2.0']
2026-08-17 10:59:46 | WARNING  | core.logger_manager:warning:47 - Validator REJECT: ['rr_1.0<2.0']
2026-08-17 11:05:31 | WARNING  | core.logger_manager:warning:47 - Validator REJECT: ['rr_1.0<2.0']
2026-08-17 11:18:07 | WARNING  | core.logger_manager:warning:47 - Validator REJECT: ['rr_1.0<2.0']
2026-08-17 11:25:00 | INFO     | core.logger_manager:info:44 - BLOCKORA_TRADE v1.0 starting...
2026-08-17 11:25:03 | INFO     | core.logger_manager:info:44 - Angel One SmartAPI connected successfully
2026-08-17 11:25:09 | WARNING  | core.logger_manager:warning:47 - Historical attempt 1 failed
2026-08-17 11:25:14 | INFO     | core.logger_manager:info:44 - Historical data loaded: 28 candles
2026-08-17 11:25:16 | INFO     | core.logger_manager:info:44 - Option Chain Engine initialized (Multi-Source)
2026-08-17 11:25:27 | INFO     | core.logger_manager:info:44 - Telegram Bot connected
2026-08-17 11:25:27 | INFO     | core.logger_manager:info:44 - Subscription Manager started (polling)
2026-08-17 11:25:27 | INFO     | core.logger_manager:info:44 - System initialization complete
2026-08-17 11:25:27 | INFO     | core.logger_manager:info:44 - BLOCKORA_TRADE started - entering main loop
2026-08-17 11:25:27 | INFO     | core.logger_manager:info:44 - Market OPENED - Starting analysis
2026-08-17 11:25:57 | INFO     | core.logger_manager:info:44 - Angel LIVE chain ready: 31 strikes | PCR 0.54
2026-08-17 11:25:57 | INFO     | core.logger_manager:info:44 - Market Regime: SIDEWAYS | ADX:0.0 RSI:50.0 ATR%:0.05
2026-08-17 11:27:25 | INFO     | core.logger_manager:info:44 - Angel LIVE chain ready: 31 strikes | PCR 0.53
2026-08-17 11:27:25 | INFO     | core.logger_manager:info:44 - Market Regime: SIDEWAYS | ADX:0.0 RSI:50.0 ATR%:0.05
2026-08-17 11:27:25 | WARNING  | core.logger_manager:warning:47 - Validator REJECT: ['rr_2.0<2.0']
2026-08-17 11:28:53 | INFO     | core.logger_manager:info:44 - Angel LIVE chain ready: 31 strikes | PCR 0.53
2026-08-17 11:28:53 | INFO     | core.logger_manager:info:44 - Market Regime: SIDEWAYS | ADX:0.0 RSI:50.0 ATR%:0.05
2026-08-17 11:30:20 | INFO     | core.logger_manager:info:44 - Angel LIVE chain ready: 31 strikes | PCR 0.53
2026-08-17 11:30:20 | INFO     | core.logger_manager:info:44 - Market Regime: SIDEWAYS | ADX:0.0 RSI:50.0 ATR%:0.05
2026-08-17 11:31:53 | INFO     | core.logger_manager:info:44 - Angel LIVE chain ready: 31 strikes | PCR 0.53
2026-08-17 11:31:53 | INFO     | core.logger_manager:info:44 - Market Regime: SIDEWAYS | ADX:0.0 RSI:50.0 ATR%:0.05
2026-08-17 11:33:25 | INFO     | core.logger_manager:info:44 - Angel LIVE chain ready: 31 strikes | PCR 0.54
2026-08-17 11:33:25 | INFO     | core.logger_manager:info:44 - Market Regime: SIDEWAYS | ADX:0.0 RSI:50.0 ATR%:0.05
2026-08-17 11:34:53 | INFO     | core.logger_manager:info:44 - Angel LIVE chain ready: 31 strikes | PCR 0.54
2026-08-17 11:34:53 | INFO     | core.logger_manager:info:44 - Market Regime: SIDEWAYS | ADX:0.0 RSI:50.0 ATR%:0.05
2026-08-17 11:36:25 | INFO     | core.logger_manager:info:44 - Angel LIVE chain ready: 31 strikes | PCR 0.54
2026-08-17 11:36:25 | INFO     | core.logger_manager:info:44 - Market Regime: SIDEWAYS | ADX:0.0 RSI:50.0 ATR%:0.05
2026-08-17 11:37:57 | INFO     | core.logger_manager:info:44 - Angel LIVE chain ready: 31 strikes | PCR 0.54
2026-08-17 11:37:57 | INFO     | core.logger_manager:info:44 - Market Regime: SIDEWAYS | ADX:0.0 RSI:50.0 ATR%:0.05
2026-08-17 11:39:22 | INFO     | core.logger_manager:info:44 - Angel LIVE chain ready: 31 strikes | PCR 0.54
2026-08-17 11:39:22 | INFO     | core.logger_manager:info:44 - Market Regime: SIDEWAYS | ADX:0.0 RSI:50.0 ATR%:0.05
2026-08-17 11:40:53 | INFO     | core.logger_manager:info:44 - Angel LIVE chain ready: 31 strikes | PCR 0.54
2026-08-17 11:40:53 | INFO     | core.logger_manager:info:44 - Market Regime: SIDEWAYS | ADX:0.0 RSI:50.0 ATR%:0.05
2026-08-17 11:42:29 | INFO     | core.logger_manager:info:44 - Angel LIVE chain ready: 31 strikes | PCR 0.55
2026-08-17 11:42:29 | INFO     | core.logger_manager:info:44 - Market Regime: SIDEWAYS | ADX:0.0 RSI:50.0 ATR%:0.05
2026-08-17 11:44:01 | INFO     | core.logger_manager:info:44 - Angel LIVE chain ready: 31 strikes | PCR 0.55
2026-08-17 11:44:01 | INFO     | core.logger_manager:info:44 - Market Regime: SIDEWAYS | ADX:0.0 RSI:50.0 ATR%:0.05
2026-08-17 11:45:32 | INFO     | core.logger_manager:info:44 - Angel LIVE chain ready: 31 strikes | PCR 0.55
2026-08-17 11:45:32 | INFO     | core.logger_manager:info:44 - Market Regime: SIDEWAYS | ADX:0.0 RSI:50.0 ATR%:0.05
2026-08-17 11:47:00 | INFO     | core.logger_manager:info:44 - Angel LIVE chain ready: 31 strikes | PCR 0.55
2026-08-17 11:47:00 | INFO     | core.logger_manager:info:44 - Market Regime: SIDEWAYS | ADX:0.0 RSI:50.0 ATR%:0.05
2026-08-17 11:48:27 | INFO     | core.logger_manager:info:44 - Angel LIVE chain ready: 31 strikes | PCR 0.55
2026-08-17 11:48:27 | INFO     | core.logger_manager:info:44 - Market Regime: SIDEWAYS | ADX:0.0 RSI:50.0 ATR%:0.05
2026-08-17 11:49:54 | INFO     | core.logger_manager:info:44 - Angel LIVE chain ready: 31 strikes | PCR 0.55
2026-08-17 11:49:54 | INFO     | core.logger_manager:info:44 - Market Regime: SIDEWAYS | ADX:0.0 RSI:50.0 ATR%:0.05
2026-08-17 11:51:26 | INFO     | core.logger_manager:info:44 - Angel LIVE chain ready: 31 strikes | PCR 0.55
2026-08-17 11:51:26 | INFO     | core.logger_manager:info:44 - Market Regime: SIDEWAYS | ADX:0.0 RSI:50.0 ATR%:0.05
2026-08-17 11:52:58 | INFO     | core.logger_manager:info:44 - Angel LIVE chain ready: 31 strikes | PCR 0.56
2026-08-17 11:52:58 | INFO     | core.logger_manager:info:44 - Market Regime: SIDEWAYS | ADX:0.0 RSI:50.0 ATR%:0.05
2026-08-17 11:54:27 | INFO     | core.logger_manager:info:44 - Angel LIVE chain ready: 31 strikes | PCR 0.57
2026-08-17 11:54:27 | INFO     | core.logger_manager:info:44 - Market Regime: SIDEWAYS | ADX:0.0 RSI:50.0 ATR%:0.05
2026-08-17 11:55:58 | INFO     | core.logger_manager:info:44 - Angel LIVE chain ready: 31 strikes | PCR 0.58
2026-08-17 11:55:58 | INFO     | core.logger_manager:info:44 - Market Regime: SIDEWAYS | ADX:0.0 RSI:50.0 ATR%:0.05
2026-08-17 11:57:26 | INFO     | core.logger_manager:info:44 - Angel LIVE chain ready: 31 strikes | PCR 0.58
2026-08-17 11:57:26 | INFO     | core.logger_manager:info:44 - Market Regime: SIDEWAYS | ADX:0.0 RSI:50.0 ATR%:0.05
2026-08-17 11:58:54 | INFO     | core.logger_manager:info:44 - Angel LIVE chain ready: 31 strikes | PCR 0.59
2026-08-17 11:58:54 | INFO     | core.logger_manager:info:44 - Market Regime: SIDEWAYS | ADX:0.0 RSI:50.0 ATR%:0.05
2026-08-17 12:00:20 | INFO     | core.logger_manager:info:44 - Angel LIVE chain ready: 31 strikes | PCR 0.59
2026-08-17 12:00:20 | INFO     | core.logger_manager:info:44 - Market Regime: SIDEWAYS | ADX:0.0 RSI:50.0 ATR%:0.05
2026-08-17 12:01:51 | INFO     | core.logger_manager:info:44 - Angel LIVE chain ready: 31 strikes | PCR 0.6
2026-08-17 12:01:51 | INFO     | core.logger_manager:info:44 - Market Regime: SIDEWAYS | ADX:0.0 RSI:50.0 ATR%:0.05
2026-08-17 12:03:18 | INFO     | core.logger_manager:info:44 - Angel LIVE chain ready: 31 strikes | PCR 0.61
2026-08-17 12:03:18 | INFO     | core.logger_manager:info:44 - Market Regime: SIDEWAYS | ADX:0.0 RSI:50.0 ATR%:0.05
2026-08-17 12:04:44 | INFO     | core.logger_manager:info:44 - Angel LIVE chain ready: 31 strikes | PCR 0.61
2026-08-17 12:04:44 | INFO     | core.logger_manager:info:44 - Market Regime: SIDEWAYS | ADX:0.0 RSI:50.0 ATR%:0.05
2026-08-17 12:05:29 | INFO     | core.logger_manager:info:44 - Starting graceful shutdown...
2026-08-17 12:05:29 | INFO     | core.logger_manager:info:44 - Market data connection closed
2026-08-17 12:05:29 | INFO     | core.logger_manager:info:44 - Market engine closed
2026-08-17 12:05:29 | INFO     | core.logger_manager:info:44 - Option Chain Engine shutdown
2026-08-17 12:05:29 | INFO     | core.logger_manager:info:44 - Option engine closed
2026-08-17 12:05:29 | INFO     | core.logger_manager:info:44 - Database saved and closed
2026-08-17 12:05:33 | INFO     | core.logger_manager:info:44 - Graceful shutdown complete
2026-08-17 13:47:07 | WARNING  | core.logger_manager:warning:47 - Validator REJECT: ['rr_1.0<2.0']
2026-08-17 15:34:12 | WARNING  | core.logger_manager:warning:47 - Validator REJECT: ['rr_1.0<2.0']
2026-08-17 16:32:39 | WARNING  | core.logger_manager:warning:47 - Validator REJECT: ['rr_1.0<2.0']
2026-08-17 16:32:39 | WARNING  | core.logger_manager:warning:47 - Validator REJECT: ['rr_2.0<2.0']
2026-08-17 16:34:16 | WARNING  | core.logger_manager:warning:47 - Validator REJECT: ['rr_1.0<2.0']
2026-08-17 16:34:16 | WARNING  | core.logger_manager:warning:47 - Validator REJECT: ['rr_2.0<2.0']
2026-08-17 16:42:31 | WARNING  | core.logger_manager:warning:47 - Validator REJECT: ['rr_1.0<2.0']
2026-08-17 16:42:31 | WARNING  | core.logger_manager:warning:47 - Validator REJECT: ['rr_2.0<2.0']
2026-08-17 16:43:45 | WARNING  | core.logger_manager:warning:47 - Validator REJECT: ['rr_1.0<2.0']
2026-08-17 16:43:45 | WARNING  | core.logger_manager:warning:47 - Validator REJECT: ['rr_2.0<2.0']
2026-08-17 17:02:57 | INFO     | core.logger_manager:info:44 - BLOCKORA_TRADE v1.0 starting...
2026-08-17 17:02:59 | INFO     | core.logger_manager:info:44 - Angel One SmartAPI connected successfully
2026-08-17 17:03:05 | INFO     | core.logger_manager:info:44 - Historical data loaded: 369 candles
2026-08-17 17:03:07 | INFO     | core.logger_manager:info:44 - Option Chain Engine initialized (Multi-Source)
2026-08-17 17:03:08 | INFO     | core.logger_manager:info:44 - Telegram Bot connected
2026-08-17 17:03:08 | INFO     | core.logger_manager:info:44 - Subscription Manager started (polling)
2026-08-17 17:03:08 | INFO     | core.logger_manager:info:44 - System initialization complete
2026-08-17 17:03:08 | INFO     | core.logger_manager:info:44 - BLOCKORA_TRADE started - entering main loop
2026-08-17 17:04:55 | INFO     | core.logger_manager:info:44 - Starting graceful shutdown...
2026-08-17 17:04:55 | INFO     | core.logger_manager:info:44 - Market data connection closed
2026-08-17 17:04:55 | INFO     | core.logger_manager:info:44 - Market engine closed
2026-08-17 17:04:55 | INFO     | core.logger_manager:info:44 - Option Chain Engine shutdown
2026-08-17 17:04:55 | INFO     | core.logger_manager:info:44 - Option engine closed
2026-08-17 17:04:55 | INFO     | core.logger_manager:info:44 - Database saved and closed
2026-08-17 17:04:56 | INFO     | core.logger_manager:info:44 - Graceful shutdown complete
2026-08-17 21:22:58 | WARNING  | core.logger_manager:warning:47 - Validator REJECT: ['rr_1.0<2.0']
2026-08-17 21:22:58 | WARNING  | core.logger_manager:warning:47 - Validator REJECT: ['rr_2.0<2.0']
2026-08-17 23:18:02 | WARNING  | core.logger_manager:warning:47 - Validator REJECT: ['rr_1.0<2.0']
2026-08-17 23:18:02 | WARNING  | core.logger_manager:warning:47 - Validator REJECT: ['rr_2.0<2.0']
2026-08-17 23:50:24 | WARNING  | core.logger_manager:warning:47 - Validator REJECT: ['rr_1.0<2.0']
2026-08-17 23:50:24 | WARNING  | core.logger_manager:warning:47 - Validator REJECT: ['rr_2.0<2.0']
2026-08-17 23:52:51 | WARNING  | core.logger_manager:warning:47 - Validator REJECT: ['rr_1.0<2.0']
2026-08-17 23:52:51 | WARNING  | core.logger_manager:warning:47 - Validator REJECT: ['rr_2.0<2.0']
2026-08-17 23:55:13 | WARNING  | core.logger_manager:warning:47 - Validator REJECT: ['rr_1.0<2.0']
2026-08-17 23:55:13 | WARNING  | core.logger_manager:warning:47 - Validator REJECT: ['rr_2.0<2.0']
2026-08-18 00:07:24 | WARNING  | core.logger_manager:warning:47 - Validator REJECT: ['rr_1.0<2.0']
2026-08-18 00:07:24 | WARNING  | core.logger_manager:warning:47 - Validator REJECT: ['rr_2.0<2.0']
2026-08-18 00:08:36 | WARNING  | core.logger_manager:warning:47 - Validator REJECT: ['rr_1.0<2.0']
2026-08-18 00:08:36 | WARNING  | core.logger_manager:warning:47 - Validator REJECT: ['rr_2.0<2.0']
2026-08-18 00:13:42 | WARNING  | core.logger_manager:warning:47 - Validator REJECT: ['rr_1.0<2.0']
2026-08-18 00:13:42 | WARNING  | core.logger_manager:warning:47 - Validator REJECT: ['rr_2.0<2.0']
2026-08-18 00:35:37 | WARNING  | core.logger_manager:warning:47 - Validator REJECT: ['rr_1.0<2.0']
2026-08-18 00:35:37 | WARNING  | core.logger_manager:warning:47 - Validator REJECT: ['rr_2.0<2.0']
2026-08-18 01:02:25 | WARNING  | core.logger_manager:warning:47 - Validator REJECT: ['rr_1.0<2.0']
2026-08-18 01:02:25 | WARNING  | core.logger_manager:warning:47 - Validator REJECT: ['rr_2.0<2.0']
2026-08-18 01:06:21 | WARNING  | core.logger_manager:warning:47 - Validator REJECT: ['rr_1.0<2.0']
2026-08-18 01:06:21 | WARNING  | core.logger_manager:warning:47 - Validator REJECT: ['rr_2.0<2.0']
2026-08-18 01:07:15 | WARNING  | core.logger_manager:warning:47 - Validator REJECT: ['rr_1.0<2.0']
2026-08-18 01:07:15 | WARNING  | core.logger_manager:warning:47 - Validator REJECT: ['rr_2.0<2.0']
2026-08-18 01:33:43 | INFO     | core.logger_manager:info:44 - BLOCKORA_TRADE v1.0 starting...
2026-08-18 01:33:44 | INFO     | core.logger_manager:info:44 - Angel One SmartAPI connected successfully
2026-08-18 01:33:50 | INFO     | core.logger_manager:info:44 - Historical data loaded: 369 candles
2026-08-18 01:33:51 | INFO     | core.logger_manager:info:44 - Option Chain Engine initialized (Multi-Source)
2026-08-18 01:33:51 | INFO     | core.logger_manager:info:44 - Telegram Bot connected
2026-08-18 01:33:51 | INFO     | core.logger_manager:info:44 - Subscription Manager started (polling)
2026-08-18 01:33:51 | INFO     | core.logger_manager:info:44 - System initialization complete
2026-08-18 01:33:51 | INFO     | core.logger_manager:info:44 - BLOCKORA_TRADE started - entering main loop
2026-08-18 01:34:06 | INFO     | core.logger_manager:info:44 - Starting graceful shutdown...
2026-08-18 01:34:06 | INFO     | core.logger_manager:info:44 - Market data connection closed
2026-08-18 01:34:06 | INFO     | core.logger_manager:info:44 - Market engine closed
2026-08-18 01:34:06 | INFO     | core.logger_manager:info:44 - Option Chain Engine shutdown
2026-08-18 01:34:06 | INFO     | core.logger_manager:info:44 - Option engine closed
2026-08-18 01:34:06 | INFO     | core.logger_manager:info:44 - Database saved and closed
2026-08-18 01:34:07 | INFO     | core.logger_manager:info:44 - Graceful shutdown complete
2026-08-18 09:26:38 | INFO     | core.logger_manager:info:44 - BLOCKORA_TRADE v1.0 starting...
2026-08-18 09:26:39 | INFO     | core.logger_manager:info:44 - Angel One SmartAPI connected successfully
2026-08-18 09:26:46 | WARNING  | core.logger_manager:warning:47 - Historical attempt 1 failed
2026-08-18 09:26:51 | INFO     | core.logger_manager:info:44 - Historical data loaded: 369 candles
2026-08-18 09:26:52 | INFO     | core.logger_manager:info:44 - Option Chain Engine initialized (Multi-Source)
2026-08-18 09:26:53 | INFO     | core.logger_manager:info:44 - Telegram Bot connected
2026-08-18 09:26:53 | INFO     | core.logger_manager:info:44 - Subscription Manager started (polling)
2026-08-18 09:26:53 | INFO     | core.logger_manager:info:44 - System initialization complete
2026-08-18 09:26:53 | INFO     | core.logger_manager:info:44 - BLOCKORA_TRADE started - entering main loop
2026-08-18 09:26:53 | INFO     | core.logger_manager:info:44 - Market OPENED - Starting analysis
2026-08-18 09:27:16 | INFO     | core.logger_manager:info:44 - Instrument master download (~30MB, once daily)...
2026-08-18 09:27:20 | INFO     | core.logger_manager:info:44 - Master downloaded: https://margincalculator.angelbroking.com/OpenAPI_File/files/OpenAPIScripMaster.json
2026-08-18 09:27:20 | INFO     | core.logger_manager:info:44 - Tokens saved: 211
2026-08-18 09:27:25 | INFO     | core.logger_manager:info:44 - Angel LIVE chain ready: 31 strikes | PCR 0.94
2026-08-18 09:27:25 | INFO     | core.logger_manager:info:44 - Market Regime: TRENDING | ADX:55.6 RSI:31.0 ATR%:0.08
2026-08-18 09:28:51 | INFO     | core.logger_manager:info:44 - Angel LIVE chain ready: 31 strikes | PCR 0.96
2026-08-18 09:28:51 | INFO     | core.logger_manager:info:44 - Market Regime: TRENDING | ADX:55.6 RSI:27.8 ATR%:0.08
2026-08-18 09:30:18 | INFO     | core.logger_manager:info:44 - Angel LIVE chain ready: 31 strikes | PCR 0.97
2026-08-18 09:30:18 | INFO     | core.logger_manager:info:44 - Market Regime: TRENDING_STRONG | ADX:55.6 RSI:24.0 ATR%:0.08
2026-08-18 09:31:47 | INFO     | core.logger_manager:info:44 - Angel LIVE chain ready: 31 strikes | PCR 0.93
2026-08-18 09:31:47 | INFO     | core.logger_manager:info:44 - Market Regime: TRENDING_STRONG | ADX:55.6 RSI:22.0 ATR%:0.08
2026-08-18 09:33:21 | INFO     | core.logger_manager:info:44 - Angel LIVE chain ready: 31 strikes | PCR 0.94
2026-08-18 09:33:21 | INFO     | core.logger_manager:info:44 - Liquidity: removed 1 illiquid strikes, kept 61
2026-08-18 09:33:21 | INFO     | core.logger_manager:info:44 - Market Regime: TRENDING_STRONG | ADX:55.6 RSI:20.7 ATR%:0.08
2026-08-18 09:35:33 | INFO     | core.logger_manager:info:44 - Angel LIVE chain ready: 31 strikes | PCR 0.86
2026-08-18 09:35:33 | INFO     | core.logger_manager:info:44 - Market Regime: TRENDING_STRONG | ADX:55.2 RSI:21.4 ATR%:0.08
2026-08-18 09:39:21 | INFO     | core.logger_manager:info:44 - Angel LIVE chain ready: 31 strikes | PCR 0.87
2026-08-18 09:39:22 | INFO     | core.logger_manager:info:44 - Market Regime: TRENDING_STRONG | ADX:55.2 RSI:23.0 ATR%:0.08
2026-08-18 09:39:22 | ERROR    | core.logger_manager:error:50 - Analysis cycle error: unsupported operand type(s) for -: 'list' and 'set'
2026-08-18 09:40:52 | INFO     | core.logger_manager:info:44 - Angel LIVE chain ready: 31 strikes | PCR 0.88
2026-08-18 09:40:52 | INFO     | core.logger_manager:info:44 - Market Regime: HIGH_VOLATILITY | ADX:57.7 RSI:24.5 ATR%:0.08
2026-08-18 09:40:52 | WARNING  | core.logger_manager:warning:47 - Validator REJECT: ['regime_HIGH_VOLATILITY']
2026-08-18 09:42:19 | INFO     | core.logger_manager:info:44 - Angel LIVE chain ready: 31 strikes | PCR 0.89
2026-08-18 09:42:19 | INFO     | core.logger_manager:info:44 - Market Regime: HIGH_VOLATILITY | ADX:57.7 RSI:24.3 ATR%:0.08
2026-08-18 09:42:19 | WARNING  | core.logger_manager:warning:47 - Validator REJECT: ['regime_HIGH_VOLATILITY']
2026-08-18 09:43:45 | INFO     | core.logger_manager:info:44 - Angel LIVE chain ready: 31 strikes | PCR 0.88
2026-08-18 09:43:45 | INFO     | core.logger_manager:info:44 - Market Regime: HIGH_VOLATILITY | ADX:57.7 RSI:23.2 ATR%:0.08
2026-08-18 09:43:45 | WARNING  | core.logger_manager:warning:47 - Validator REJECT: ['regime_HIGH_VOLATILITY']
2026-08-18 09:45:02 | INFO     | core.logger_manager:info:44 - Angel LIVE chain ready: 31 strikes | PCR 0.88
2026-08-18 09:45:02 | INFO     | core.logger_manager:info:44 - Market Regime: HIGH_VOLATILITY | ADX:58.9 RSI:22.2 ATR%:0.08
2026-08-18 09:45:02 | WARNING  | core.logger_manager:warning:47 - Validator REJECT: ['regime_HIGH_VOLATILITY']
2026-08-18 09:45:02 | ERROR    | core.logger_manager:error:50 - Analysis cycle error: unsupported operand type(s) for -: 'list' and 'set'
2026-08-18 09:46:46 | INFO     | core.logger_manager:info:44 - Angel LIVE chain ready: 31 strikes | PCR 0.88
2026-08-18 09:46:46 | INFO     | core.logger_manager:info:44 - Liquidity: removed 1 illiquid strikes, kept 61
2026-08-18 09:46:46 | INFO     | core.logger_manager:info:44 - Market Regime: HIGH_VOLATILITY | ADX:59.9 RSI:21.6 ATR%:0.09
2026-08-18 09:46:46 | WARNING  | core.logger_manager:warning:47 - Validator REJECT: ['regime_HIGH_VOLATILITY']
2026-08-18 09:46:46 | ERROR    | core.logger_manager:error:50 - Analysis cycle error: unsupported operand type(s) for -: 'list' and 'set'
2026-08-18 09:48:29 | INFO     | core.logger_manager:info:44 - Angel LIVE chain ready: 31 strikes | PCR 0.86
2026-08-18 09:48:29 | INFO     | core.logger_manager:info:44 - Liquidity: removed 1 illiquid strikes, kept 61
2026-08-18 09:48:29 | INFO     | core.logger_manager:info:44 - Market Regime: HIGH_VOLATILITY | ADX:59.9 RSI:21.9 ATR%:0.09
2026-08-18 09:48:29 | WARNING  | core.logger_manager:warning:47 - Validator REJECT: ['regime_HIGH_VOLATILITY']
2026-08-18 09:48:29 | ERROR    | core.logger_manager:error:50 - Analysis cycle error: unsupported operand type(s) for -: 'list' and 'set'
2026-08-18 09:50:00 | INFO     | core.logger_manager:info:44 - Angel LIVE chain ready: 31 strikes | PCR 0.8
2026-08-18 09:50:00 | INFO     | core.logger_manager:info:44 - Market Regime: HIGH_VOLATILITY | ADX:63.0 RSI:22.8 ATR%:0.09
2026-08-18 09:50:00 | WARNING  | core.logger_manager:warning:47 - Validator REJECT: ['regime_HIGH_VOLATILITY']
2026-08-18 09:51:30 | INFO     | core.logger_manager:info:44 - Angel LIVE chain ready: 31 strikes | PCR 0.8
2026-08-18 09:51:30 | INFO     | core.logger_manager:info:44 - Market Regime: HIGH_VOLATILITY | ADX:67.3 RSI:21.3 ATR%:0.08
2026-08-18 09:51:30 | WARNING  | core.logger_manager:warning:47 - Validator REJECT: ['regime_HIGH_VOLATILITY']
2026-08-18 09:52:56 | INFO     | core.logger_manager:info:44 - Angel LIVE chain ready: 31 strikes | PCR 0.8
2026-08-18 09:52:56 | INFO     | core.logger_manager:info:44 - Market Regime: HIGH_VOLATILITY | ADX:67.3 RSI:20.0 ATR%:0.08
2026-08-18 09:52:56 | WARNING  | core.logger_manager:warning:47 - Validator REJECT: ['regime_HIGH_VOLATILITY']
2026-08-18 09:54:23 | INFO     | core.logger_manager:info:44 - Angel LIVE chain ready: 31 strikes | PCR 0.8
2026-08-18 09:54:23 | INFO     | core.logger_manager:info:44 - Market Regime: HIGH_VOLATILITY | ADX:63.3 RSI:23.5 ATR%:0.08
2026-08-18 09:54:23 | WARNING  | core.logger_manager:warning:47 - Validator REJECT: ['regime_HIGH_VOLATILITY']
2026-08-18 09:55:52 | INFO     | core.logger_manager:info:44 - Angel LIVE chain ready: 31 strikes | PCR 0.8
2026-08-18 09:55:52 | INFO     | core.logger_manager:info:44 - Market Regime: HIGH_VOLATILITY | ADX:60.2 RSI:23.1 ATR%:0.09
2026-08-18 09:55:52 | WARNING  | core.logger_manager:warning:47 - Validator REJECT: ['regime_HIGH_VOLATILITY']
2026-08-18 09:57:37 | INFO     | core.logger_manager:info:44 - Angel LIVE chain ready: 31 strikes | PCR 0.81
2026-08-18 09:57:37 | INFO     | core.logger_manager:info:44 - Market Regime: HIGH_VOLATILITY | ADX:60.2 RSI:22.8 ATR%:0.09
2026-08-18 09:57:37 | WARNING  | core.logger_manager:warning:47 - Validator REJECT: ['regime_HIGH_VOLATILITY']
2026-08-18 09:59:13 | INFO     | core.logger_manager:info:44 - Angel LIVE chain ready: 31 strikes | PCR 0.86
2026-08-18 09:59:13 | INFO     | core.logger_manager:info:44 - Liquidity: removed 1 illiquid strikes, kept 61
2026-08-18 09:59:13 | INFO     | core.logger_manager:info:44 - Market Regime: HIGH_VOLATILITY | ADX:60.2 RSI:22.3 ATR%:0.09
2026-08-18 09:59:13 | WARNING  | core.logger_manager:warning:47 - Validator REJECT: ['regime_HIGH_VOLATILITY']
2026-08-18 10:00:48 | INFO     | core.logger_manager:info:44 - Angel LIVE chain ready: 31 strikes | PCR 0.8
2026-08-18 10:00:48 | INFO     | core.logger_manager:info:44 - Market Regime: HIGH_VOLATILITY | ADX:60.2 RSI:22.4 ATR%:0.09
2026-08-18 10:00:48 | WARNING  | core.logger_manager:warning:47 - Validator REJECT: ['regime_HIGH_VOLATILITY']
2026-08-18 10:04:34 | INFO     | core.logger_manager:info:44 - Angel LIVE chain ready: 31 strikes | PCR 0.82
2026-08-18 10:04:34 | INFO     | core.logger_manager:info:44 - Liquidity: removed 1 illiquid strikes, kept 61
2026-08-18 10:04:34 | INFO     | core.logger_manager:info:44 - Market Regime: HIGH_VOLATILITY | ADX:68.5 RSI:16.1 ATR%:0.09
2026-08-18 10:04:34 | WARNING  | core.logger_manager:warning:47 - Validator REJECT: ['regime_HIGH_VOLATILITY']
2026-08-18 10:05:56 | INFO     | core.logger_manager:info:44 - Angel LIVE chain ready: 31 strikes | PCR 0.82
2026-08-18 10:05:56 | INFO     | core.logger_manager:info:44 - Liquidity: removed 1 illiquid strikes, kept 61
2026-08-18 10:05:56 | INFO     | core.logger_manager:info:44 - Market Regime: HIGH_VOLATILITY | ADX:68.5 RSI:16.7 ATR%:0.09
2026-08-18 10:05:56 | WARNING  | core.logger_manager:warning:47 - Validator REJECT: ['regime_HIGH_VOLATILITY']
2026-08-18 10:08:01 | INFO     | core.logger_manager:info:44 - Angel LIVE chain ready: 31 strikes | PCR 0.77
2026-08-18 10:08:01 | INFO     | core.logger_manager:info:44 - Market Regime: HIGH_VOLATILITY | ADX:68.5 RSI:18.1 ATR%:0.09
2026-08-18 10:08:01 | WARNING  | core.logger_manager:warning:47 - Validator REJECT: ['regime_HIGH_VOLATILITY']
2026-08-18 10:09:40 | INFO     | core.logger_manager:info:44 - Angel LIVE chain ready: 31 strikes | PCR 0.82
2026-08-18 10:09:40 | INFO     | core.logger_manager:info:44 - Liquidity: removed 1 illiquid strikes, kept 61
2026-08-18 10:09:40 | INFO     | core.logger_manager:info:44 - Market Regime: HIGH_VOLATILITY | ADX:68.5 RSI:17.2 ATR%:0.09
2026-08-18 10:09:40 | WARNING  | core.logger_manager:warning:47 - Validator REJECT: ['regime_HIGH_VOLATILITY']
2026-08-18 10:11:11 | INFO     | core.logger_manager:info:44 - Angel LIVE chain ready: 31 strikes | PCR 0.82
2026-08-18 10:11:11 | INFO     | core.logger_manager:info:44 - Liquidity: removed 1 illiquid strikes, kept 61
2026-08-18 10:11:11 | INFO     | core.logger_manager:info:44 - Market Regime: HIGH_VOLATILITY | ADX:68.5 RSI:16.6 ATR%:0.09
2026-08-18 10:11:11 | WARNING  | core.logger_manager:warning:47 - Validator REJECT: ['regime_HIGH_VOLATILITY']
2026-08-18 10:12:42 | INFO     | core.logger_manager:info:44 - Angel LIVE chain ready: 31 strikes | PCR 0.82
2026-08-18 10:12:42 | INFO     | core.logger_manager:info:44 - Liquidity: removed 1 illiquid strikes, kept 61
2026-08-18 10:12:42 | INFO     | core.logger_manager:info:44 - Market Regime: HIGH_VOLATILITY | ADX:67.1 RSI:18.7 ATR%:0.09
2026-08-18 10:12:42 | WARNING  | core.logger_manager:warning:47 - Validator REJECT: ['regime_HIGH_VOLATILITY']
2026-08-18 10:14:09 | INFO     | core.logger_manager:info:44 - Angel LIVE chain ready: 31 strikes | PCR 0.82
2026-08-18 10:14:09 | INFO     | core.logger_manager:info:44 - Liquidity: removed 1 illiquid strikes, kept 61
2026-08-18 10:14:09 | INFO     | core.logger_manager:info:44 - Market Regime: HIGH_VOLATILITY | ADX:67.1 RSI:17.5 ATR%:0.09
2026-08-18 10:14:09 | WARNING  | core.logger_manager:warning:47 - Validator REJECT: ['regime_HIGH_VOLATILITY']
2026-08-18 10:15:41 | INFO     | core.logger_manager:info:44 - Angel LIVE chain ready: 31 strikes | PCR 0.81
2026-08-18 10:15:41 | INFO     | core.logger_manager:info:44 - Liquidity: removed 1 illiquid strikes, kept 61
2026-08-18 10:15:41 | INFO     | core.logger_manager:info:44 - Market Regime: HIGH_VOLATILITY | ADX:67.2 RSI:17.3 ATR%:0.09
2026-08-18 10:15:41 | WARNING  | core.logger_manager:warning:47 - Validator REJECT: ['regime_HIGH_VOLATILITY']
2026-08-18 10:17:12 | INFO     | core.logger_manager:info:44 - Angel LIVE chain ready: 31 strikes | PCR 0.79
2026-08-18 10:17:13 | INFO     | core.logger_manager:info:44 - Liquidity: removed 1 illiquid strikes, kept 61
2026-08-18 10:17:13 | INFO     | core.logger_manager:info:44 - Market Regime: HIGH_VOLATILITY | ADX:68.7 RSI:16.5 ATR%:0.09
2026-08-18 10:17:13 | WARNING  | core.logger_manager:warning:47 - Validator REJECT: ['regime_HIGH_VOLATILITY']
2026-08-18 10:18:41 | INFO     | core.logger_manager:info:44 - Angel LIVE chain ready: 31 strikes | PCR 0.78
2026-08-18 10:18:41 | INFO     | core.logger_manager:info:44 - Liquidity: removed 1 illiquid strikes, kept 61
2026-08-18 10:18:41 | INFO     | core.logger_manager:info:44 - Market Regime: HIGH_VOLATILITY | ADX:68.7 RSI:16.6 ATR%:0.09
2026-08-18 10:18:41 | WARNING  | core.logger_manager:warning:47 - Validator REJECT: ['regime_HIGH_VOLATILITY']
2026-08-18 10:20:08 | INFO     | core.logger_manager:info:44 - Angel LIVE chain ready: 31 strikes | PCR 0.78
2026-08-18 10:20:08 | INFO     | core.logger_manager:info:44 - Liquidity: removed 1 illiquid strikes, kept 61
2026-08-18 10:20:08 | INFO     | core.logger_manager:info:44 - Market Regime: HIGH_VOLATILITY | ADX:68.7 RSI:16.9 ATR%:0.09
2026-08-18 10:20:08 | WARNING  | core.logger_manager:warning:47 - Validator REJECT: ['regime_HIGH_VOLATILITY']
2026-08-18 10:21:38 | INFO     | core.logger_manager:info:44 - Angel LIVE chain ready: 31 strikes | PCR 0.78
2026-08-18 10:21:38 | INFO     | core.logger_manager:info:44 - Liquidity: removed 1 illiquid strikes, kept 61
2026-08-18 10:21:38 | INFO     | core.logger_manager:info:44 - Market Regime: HIGH_VOLATILITY | ADX:68.7 RSI:16.9 ATR%:0.09
2026-08-18 10:21:38 | WARNING  | core.logger_manager:warning:47 - Validator REJECT: ['regime_HIGH_VOLATILITY']
2026-08-18 10:23:09 | INFO     | core.logger_manager:info:44 - Angel LIVE chain ready: 31 strikes | PCR 0.78
2026-08-18 10:23:09 | INFO     | core.logger_manager:info:44 - Liquidity: removed 1 illiquid strikes, kept 61
2026-08-18 10:23:09 | INFO     | core.logger_manager:info:44 - Market Regime: HIGH_VOLATILITY | ADX:59.4 RSI:24.2 ATR%:0.09
2026-08-18 10:23:09 | WARNING  | core.logger_manager:warning:47 - Validator REJECT: ['regime_HIGH_VOLATILITY']
2026-08-18 10:24:37 | INFO     | core.logger_manager:info:44 - Angel LIVE chain ready: 31 strikes | PCR 0.78
2026-08-18 10:24:37 | INFO     | core.logger_manager:info:44 - Liquidity: removed 1 illiquid strikes, kept 61
2026-08-18 10:24:37 | INFO     | core.logger_manager:info:44 - Market Regime: HIGH_VOLATILITY | ADX:59.4 RSI:24.0 ATR%:0.09
2026-08-18 10:24:37 | WARNING  | core.logger_manager:warning:47 - Validator REJECT: ['regime_HIGH_VOLATILITY']
2026-08-18 10:26:07 | INFO     | core.logger_manager:info:44 - Angel LIVE chain ready: 31 strikes | PCR 0.77
2026-08-18 10:26:07 | INFO     | core.logger_manager:info:44 - Liquidity: removed 1 illiquid strikes, kept 61
2026-08-18 10:26:07 | INFO     | core.logger_manager:info:44 - Market Regime: HIGH_VOLATILITY | ADX:25.6 RSI:36.9 ATR%:0.09
2026-08-18 10:26:07 | WARNING  | core.logger_manager:warning:47 - Validator REJECT: ['regime_HIGH_VOLATILITY']
2026-08-18 10:27:35 | INFO     | core.logger_manager:info:44 - Angel LIVE chain ready: 31 strikes | PCR 0.78
2026-08-18 10:27:35 | INFO     | core.logger_manager:info:44 - Liquidity: removed 1 illiquid strikes, kept 61
2026-08-18 10:27:35 | INFO     | core.logger_manager:info:44 - Market Regime: HIGH_VOLATILITY | ADX:25.6 RSI:40.6 ATR%:0.09
2026-08-18 10:27:35 | WARNING  | core.logger_manager:warning:47 - Validator REJECT: ['regime_HIGH_VOLATILITY']
2026-08-18 10:29:03 | INFO     | core.logger_manager:info:44 - Angel LIVE chain ready: 31 strikes | PCR 0.74
2026-08-18 10:29:03 | INFO     | core.logger_manager:info:44 - Market Regime: HIGH_VOLATILITY | ADX:16.5 RSI:45.2 ATR%:0.09
2026-08-18 10:29:03 | WARNING  | core.logger_manager:warning:47 - Validator REJECT: ['regime_HIGH_VOLATILITY']
2026-08-18 10:30:34 | INFO     | core.logger_manager:info:44 - Angel LIVE chain ready: 31 strikes | PCR 0.74
2026-08-18 10:30:34 | INFO     | core.logger_manager:info:44 - Market Regime: HIGH_VOLATILITY | ADX:16.5 RSI:44.2 ATR%:0.09
2026-08-18 10:30:34 | WARNING  | core.logger_manager:warning:47 - Validator REJECT: ['regime_HIGH_VOLATILITY']
2026-08-18 10:32:06 | INFO     | core.logger_manager:info:44 - Angel LIVE chain ready: 31 strikes | PCR 0.75
2026-08-18 10:32:06 | INFO     | core.logger_manager:info:44 - Market Regime: HIGH_VOLATILITY | ADX:16.0 RSI:45.4 ATR%:0.09
2026-08-18 10:32:06 | WARNING  | core.logger_manager:warning:47 - Validator REJECT: ['regime_HIGH_VOLATILITY']
2026-08-18 10:33:37 | INFO     | core.logger_manager:info:44 - Angel LIVE chain ready: 31 strikes | PCR 0.75
2026-08-18 10:33:37 | INFO     | core.logger_manager:info:44 - Market Regime: HIGH_VOLATILITY | ADX:14.1 RSI:40.5 ATR%:0.09
2026-08-18 10:33:37 | WARNING  | core.logger_manager:warning:47 - Validator REJECT: ['regime_HIGH_VOLATILITY']
2026-08-18 10:35:05 | INFO     | core.logger_manager:info:44 - Angel LIVE chain ready: 31 strikes | PCR 0.75
2026-08-18 10:35:05 | INFO     | core.logger_manager:info:44 - Market Regime: HIGH_VOLATILITY | ADX:14.1 RSI:42.6 ATR%:0.09
2026-08-18 10:35:05 | WARNING  | core.logger_manager:warning:47 - Validator REJECT: ['regime_HIGH_VOLATILITY']
2026-08-18 10:36:37 | INFO     | core.logger_manager:info:44 - Angel LIVE chain ready: 31 strikes | PCR 0.75
2026-08-18 10:36:37 | INFO     | core.logger_manager:info:44 - Market Regime: HIGH_VOLATILITY | ADX:42.3 RSI:42.9 ATR%:0.09
2026-08-18 10:36:37 | WARNING  | core.logger_manager:warning:47 - Validator REJECT: ['regime_HIGH_VOLATILITY']
2026-08-18 10:38:04 | INFO     | core.logger_manager:info:44 - Angel LIVE chain ready: 31 strikes | PCR 0.76
2026-08-18 10:38:04 | INFO     | core.logger_manager:info:44 - Market Regime: HIGH_VOLATILITY | ADX:42.3 RSI:42.4 ATR%:0.09
2026-08-18 10:38:04 | WARNING  | core.logger_manager:warning:47 - Validator REJECT: ['regime_HIGH_VOLATILITY']
2026-08-18 10:39:15 | WARNING  | core.logger_manager:warning:47 - Stale data: ['Spot stale 97.8s', 'Chain timestamp missing/invalid'] - retrying fetch
2026-08-18 10:39:15 | WARNING  | core.logger_manager:warning:47 - NO_TRADE cycle (stale data): ['Spot stale 97.8s', 'Chain timestamp missing/invalid']
2026-08-18 10:40:15 | WARNING  | core.logger_manager:warning:47 - Stale data: ['Spot stale 157.9s', 'Chain timestamp missing/invalid'] - retrying fetch
2026-08-18 10:40:19 | WARNING  | core.logger_manager:warning:47 - NO_TRADE cycle (stale data): ['Spot stale 161.8s', 'Chain timestamp missing/invalid']
2026-08-18 10:41:51 | INFO     | core.logger_manager:info:44 - Angel LIVE chain ready: 31 strikes | PCR 0.82
2026-08-18 10:41:51 | INFO     | core.logger_manager:info:44 - Liquidity: removed 1 illiquid strikes, kept 61
2026-08-18 10:41:51 | INFO     | core.logger_manager:info:44 - Market Regime: HIGH_VOLATILITY | ADX:32.7 RSI:43.8 ATR%:0.08
2026-08-18 10:41:51 | WARNING  | core.logger_manager:warning:47 - Validator REJECT: ['regime_HIGH_VOLATILITY']
2026-08-18 10:43:17 | INFO     | core.logger_manager:info:44 - Angel LIVE chain ready: 31 strikes | PCR 0.81
2026-08-18 10:43:17 | INFO     | core.logger_manager:info:44 - Liquidity: removed 1 illiquid strikes, kept 61
2026-08-18 10:43:17 | INFO     | core.logger_manager:info:44 - Market Regime: HIGH_VOLATILITY | ADX:36.2 RSI:40.8 ATR%:0.08
2026-08-18 10:43:17 | WARNING  | core.logger_manager:warning:47 - Validator REJECT: ['regime_HIGH_VOLATILITY']
2026-08-18 10:44:44 | INFO     | core.logger_manager:info:44 - Angel LIVE chain ready: 31 strikes | PCR 0.78
2026-08-18 10:44:44 | INFO     | core.logger_manager:info:44 - Liquidity: removed 1 illiquid strikes, kept 61
2026-08-18 10:44:44 | INFO     | core.logger_manager:info:44 - Market Regime: HIGH_VOLATILITY | ADX:36.2 RSI:42.1 ATR%:0.08
2026-08-18 10:44:44 | WARNING  | core.logger_manager:warning:47 - Validator REJECT: ['regime_HIGH_VOLATILITY']
2026-08-18 10:46:16 | INFO     | core.logger_manager:info:44 - Angel LIVE chain ready: 31 strikes | PCR 0.78
2026-08-18 10:46:16 | INFO     | core.logger_manager:info:44 - Liquidity: removed 1 illiquid strikes, kept 61
2026-08-18 10:46:16 | INFO     | core.logger_manager:info:44 - Market Regime: HIGH_VOLATILITY | ADX:38.1 RSI:40.0 ATR%:0.08
2026-08-18 10:46:16 | WARNING  | core.logger_manager:warning:47 - Validator REJECT: ['regime_HIGH_VOLATILITY']
2026-08-18 10:47:48 | INFO     | core.logger_manager:info:44 - Angel LIVE chain ready: 31 strikes | PCR 0.77
2026-08-18 10:47:48 | INFO     | core.logger_manager:info:44 - Liquidity: removed 1 illiquid strikes, kept 61
2026-08-18 10:47:48 | INFO     | core.logger_manager:info:44 - Market Regime: TRENDING | ADX:49.6 RSI:27.4 ATR%:0.08
2026-08-18 10:49:15 | INFO     | core.logger_manager:info:44 - Angel LIVE chain ready: 31 strikes | PCR 0.75
2026-08-18 10:49:15 | INFO     | core.logger_manager:info:44 - Liquidity: removed 1 illiquid strikes, kept 61
2026-08-18 10:49:15 | INFO     | core.logger_manager:info:44 - Market Regime: TRENDING | ADX:49.6 RSI:27.7 ATR%:0.08
2026-08-18 10:50:47 | INFO     | core.logger_manager:info:44 - Angel LIVE chain ready: 31 strikes | PCR 0.73
2026-08-18 10:50:47 | INFO     | core.logger_manager:info:44 - Liquidity: removed 1 illiquid strikes, kept 61
2026-08-18 10:50:47 | INFO     | core.logger_manager:info:44 - Market Regime: TRENDING | ADX:49.6 RSI:28.8 ATR%:0.08
2026-08-18 10:52:18 | INFO     | core.logger_manager:info:44 - Angel LIVE chain ready: 31 strikes | PCR 0.73
2026-08-18 10:52:18 | INFO     | core.logger_manager:info:44 - Liquidity: removed 1 illiquid strikes, kept 61
2026-08-18 10:52:18 | INFO     | core.logger_manager:info:44 - Market Regime: TRENDING | ADX:48.1 RSI:33.5 ATR%:0.07
2026-08-18 10:53:46 | INFO     | core.logger_manager:info:44 - Angel LIVE chain ready: 31 strikes | PCR 0.69
2026-08-18 10:53:46 | INFO     | core.logger_manager:info:44 - Liquidity: removed 1 illiquid strikes, kept 61
2026-08-18 10:53:46 | INFO     | core.logger_manager:info:44 - Market Regime: TRENDING | ADX:48.1 RSI:34.1 ATR%:0.07
2026-08-18 10:55:13 | INFO     | core.logger_manager:info:44 - Angel LIVE chain ready: 31 strikes | PCR 0.67
2026-08-18 10:55:13 | INFO     | core.logger_manager:info:44 - Liquidity: removed 1 illiquid strikes, kept 61
2026-08-18 10:55:13 | INFO     | core.logger_manager:info:44 - Market Regime: TRENDING | ADX:48.4 RSI:32.8 ATR%:0.07
2026-08-18 10:56:44 | INFO     | core.logger_manager:info:44 - Angel LIVE chain ready: 31 strikes | PCR 0.66
2026-08-18 10:56:44 | INFO     | core.logger_manager:info:44 - Liquidity: removed 1 illiquid strikes, kept 61
2026-08-18 10:56:44 | INFO     | core.logger_manager:info:44 - Market Regime: TRENDING | ADX:48.4 RSI:27.4 ATR%:0.07
2026-08-18 10:56:44 | ERROR    | core.logger_manager:error:50 - Analysis cycle error: unsupported operand type(s) for -: 'list' and 'set'
2026-08-18 10:58:14 | INFO     | core.logger_manager:info:44 - Angel LIVE chain ready: 31 strikes | PCR 0.66
2026-08-18 10:58:14 | INFO     | core.logger_manager:info:44 - Liquidity: removed 1 illiquid strikes, kept 61
2026-08-18 10:58:14 | INFO     | core.logger_manager:info:44 - Market Regime: TRENDING | ADX:48.4 RSI:28.3 ATR%:0.07
2026-08-18 10:58:14 | ERROR    | core.logger_manager:error:50 - Analysis cycle error: unsupported operand type(s) for -: 'list' and 'set'
2026-08-18 10:59:41 | INFO     | core.logger_manager:info:44 - Angel LIVE chain ready: 31 strikes | PCR 0.65
2026-08-18 10:59:41 | INFO     | core.logger_manager:info:44 - Liquidity: removed 1 illiquid strikes, kept 61
2026-08-18 10:59:41 | INFO     | core.logger_manager:info:44 - Market Regime: TRENDING | ADX:48.4 RSI:28.9 ATR%:0.07
2026-08-18 10:59:41 | ERROR    | core.logger_manager:error:50 - Analysis cycle error: unsupported operand type(s) for -: 'list' and 'set'
2026-08-18 11:01:14 | INFO     | core.logger_manager:info:44 - Angel LIVE chain ready: 31 strikes | PCR 0.65
2026-08-18 11:01:14 | INFO     | core.logger_manager:info:44 - Liquidity: removed 1 illiquid strikes, kept 61
2026-08-18 11:01:14 | INFO     | core.logger_manager:info:44 - Market Regime: TRENDING | ADX:48.4 RSI:31.9 ATR%:0.07
2026-08-18 11:01:14 | ERROR    | core.logger_manager:error:50 - Analysis cycle error: unsupported operand type(s) for -: 'list' and 'set'
2026-08-18 11:02:46 | INFO     | core.logger_manager:info:44 - Angel LIVE chain ready: 31 strikes | PCR 0.65
2026-08-18 11:02:46 | INFO     | core.logger_manager:info:44 - Liquidity: removed 1 illiquid strikes, kept 61
2026-08-18 11:02:46 | INFO     | core.logger_manager:info:44 - Market Regime: TRENDING | ADX:64.5 RSI:26.7 ATR%:0.07
2026-08-18 11:04:13 | INFO     | core.logger_manager:info:44 - Angel LIVE chain ready: 31 strikes | PCR 0.65
2026-08-18 11:04:13 | INFO     | core.logger_manager:info:44 - Liquidity: removed 1 illiquid strikes, kept 61
2026-08-18 11:04:13 | INFO     | core.logger_manager:info:44 - Market Regime: TRENDING | ADX:64.5 RSI:29.7 ATR%:0.07
2026-08-18 11:05:46 | INFO     | core.logger_manager:info:44 - Angel LIVE chain ready: 31 strikes | PCR 0.64
2026-08-18 11:05:46 | INFO     | core.logger_manager:info:44 - Liquidity: removed 1 illiquid strikes, kept 61
2026-08-18 11:05:46 | INFO     | core.logger_manager:info:44 - Market Regime: TRENDING | ADX:55.0 RSI:32.6 ATR%:0.06
2026-08-18 11:07:14 | INFO     | core.logger_manager:info:44 - Angel LIVE chain ready: 31 strikes | PCR 0.64
2026-08-18 11:07:14 | INFO     | core.logger_manager:info:44 - Liquidity: removed 1 illiquid strikes, kept 61
2026-08-18 11:07:14 | INFO     | core.logger_manager:info:44 - Market Regime: TRENDING | ADX:55.0 RSI:32.2 ATR%:0.06
2026-08-18 11:08:41 | INFO     | core.logger_manager:info:44 - Angel LIVE chain ready: 31 strikes | PCR 0.65
2026-08-18 11:08:41 | INFO     | core.logger_manager:info:44 - Liquidity: removed 1 illiquid strikes, kept 61
2026-08-18 11:08:41 | INFO     | core.logger_manager:info:44 - Market Regime: TRENDING | ADX:53.9 RSI:34.0 ATR%:0.06
2026-08-18 11:09:59 | INFO     | core.logger_manager:info:44 - Angel LIVE chain ready: 31 strikes | PCR 0.65
2026-08-18 11:09:59 | INFO     | core.logger_manager:info:44 - Liquidity: removed 1 illiquid strikes, kept 61
2026-08-18 11:09:59 | INFO     | core.logger_manager:info:44 - Market Regime: TRENDING | ADX:51.2 RSI:35.1 ATR%:0.06
2026-08-18 11:11:30 | INFO     | core.logger_manager:info:44 - Angel LIVE chain ready: 31 strikes | PCR 0.66
2026-08-18 11:11:30 | INFO     | core.logger_manager:info:44 - Liquidity: removed 1 illiquid strikes, kept 61
2026-08-18 11:11:30 | INFO     | core.logger_manager:info:44 - Market Regime: TRENDING | ADX:51.2 RSI:33.0 ATR%:0.06
2026-08-18 11:13:02 | INFO     | core.logger_manager:info:44 - Angel LIVE chain ready: 31 strikes | PCR 0.67
2026-08-18 11:13:02 | INFO     | core.logger_manager:info:44 - Liquidity: removed 1 illiquid strikes, kept 61
2026-08-18 11:13:02 | INFO     | core.logger_manager:info:44 - Market Regime: TRENDING | ADX:41.4 RSI:35.9 ATR%:0.06
2026-08-18 11:14:29 | INFO     | core.logger_manager:info:44 - Angel LIVE chain ready: 31 strikes | PCR 0.67
2026-08-18 11:14:29 | INFO     | core.logger_manager:info:44 - Liquidity: removed 1 illiquid strikes, kept 61
2026-08-18 11:14:29 | INFO     | core.logger_manager:info:44 - Market Regime: TRENDING | ADX:41.4 RSI:36.8 ATR%:0.06
2026-08-18 11:16:01 | INFO     | core.logger_manager:info:44 - Angel LIVE chain ready: 31 strikes | PCR 0.66
2026-08-18 11:16:01 | INFO     | core.logger_manager:info:44 - Liquidity: removed 1 illiquid strikes, kept 61
2026-08-18 11:16:01 | INFO     | core.logger_manager:info:44 - Market Regime: TRENDING | ADX:41.4 RSI:39.4 ATR%:0.06
2026-08-18 11:17:33 | INFO     | core.logger_manager:info:44 - Angel LIVE chain ready: 31 strikes | PCR 0.66
2026-08-18 11:17:33 | INFO     | core.logger_manager:info:44 - Liquidity: removed 1 illiquid strikes, kept 61
2026-08-18 11:17:33 | INFO     | core.logger_manager:info:44 - Market Regime: TRENDING | ADX:41.4 RSI:37.0 ATR%:0.06
2026-08-18 11:19:04 | INFO     | core.logger_manager:info:44 - Angel LIVE chain ready: 31 strikes | PCR 0.67
2026-08-18 11:19:04 | INFO     | core.logger_manager:info:44 - Liquidity: removed 1 illiquid strikes, kept 61
2026-08-18 11:19:04 | INFO     | core.logger_manager:info:44 - Market Regime: TRENDING | ADX:42.6 RSI:35.0 ATR%:0.06
2026-08-18 11:20:35 | INFO     | core.logger_manager:info:44 - Angel LIVE chain ready: 31 strikes | PCR 0.67
2026-08-18 11:20:35 | INFO     | core.logger_manager:info:44 - Liquidity: removed 1 illiquid strikes, kept 61
2026-08-18 11:20:35 | INFO     | core.logger_manager:info:44 - Market Regime: TRENDING | ADX:43.6 RSI:34.5 ATR%:0.06
2026-08-18 11:22:07 | INFO     | core.logger_manager:info:44 - Angel LIVE chain ready: 31 strikes | PCR 0.67
2026-08-18 11:22:07 | INFO     | core.logger_manager:info:44 - Liquidity: removed 1 illiquid strikes, kept 61
2026-08-18 11:22:07 | INFO     | core.logger_manager:info:44 - Market Regime: TRENDING | ADX:44.5 RSI:33.9 ATR%:0.05
2026-08-18 11:23:36 | INFO     | core.logger_manager:info:44 - Angel LIVE chain ready: 31 strikes | PCR 0.66
2026-08-18 11:23:36 | INFO     | core.logger_manager:info:44 - Liquidity: removed 1 illiquid strikes, kept 61
2026-08-18 11:23:36 | INFO     | core.logger_manager:info:44 - Market Regime: TRENDING | ADX:44.5 RSI:33.9 ATR%:0.05
2026-08-18 11:25:04 | INFO     | core.logger_manager:info:44 - Angel LIVE chain ready: 31 strikes | PCR 0.66
2026-08-18 11:25:04 | INFO     | core.logger_manager:info:44 - Liquidity: removed 1 illiquid strikes, kept 61
2026-08-18 11:25:04 | INFO     | core.logger_manager:info:44 - Market Regime: TRENDING | ADX:44.5 RSI:34.8 ATR%:0.05
2026-08-18 11:25:32 | INFO     | core.logger_manager:info:44 - Starting graceful shutdown...
2026-08-18 11:25:32 | INFO     | core.logger_manager:info:44 - Market data connection closed
2026-08-18 11:25:32 | INFO     | core.logger_manager:info:44 - Market engine closed
2026-08-18 11:25:32 | INFO     | core.logger_manager:info:44 - Option Chain Engine shutdown
2026-08-18 11:25:32 | INFO     | core.logger_manager:info:44 - Option engine closed
2026-08-18 11:25:32 | INFO     | core.logger_manager:info:44 - Database saved and closed
2026-08-18 11:25:33 | INFO     | core.logger_manager:info:44 - Graceful shutdown complete
2026-08-18 14:09:30 | WARNING  | core.logger_manager:warning:47 - Validator REJECT: ['rr_1.0<2.0']
2026-08-18 14:09:30 | WARNING  | core.logger_manager:warning:47 - Validator REJECT: ['rr_2.0<2.0']
2026-08-18 14:11:19 | WARNING  | core.logger_manager:warning:47 - Validator REJECT: ['rr_1.0<2.0']
2026-08-18 14:11:19 | WARNING  | core.logger_manager:warning:47 - Validator REJECT: ['rr_2.0<2.0']
2026-08-18 14:12:49 | WARNING  | core.logger_manager:warning:47 - Validator REJECT: ['rr_1.0<2.0']
2026-08-18 14:12:49 | WARNING  | core.logger_manager:warning:47 - Validator REJECT: ['rr_2.0<2.0']
2026-08-18 14:14:58 | INFO     | core.logger_manager:info:44 - BLOCKORA_TRADE v1.0 starting...
2026-08-18 14:15:00 | INFO     | core.logger_manager:info:44 - Angel One SmartAPI connected successfully
2026-08-18 14:15:06 | INFO     | core.logger_manager:info:44 - Historical data loaded: 370 candles
2026-08-18 14:15:07 | INFO     | core.logger_manager:info:44 - Option Chain Engine initialized (Multi-Source)
2026-08-18 14:15:07 | INFO     | core.logger_manager:info:44 - Telegram Bot connected
2026-08-18 14:15:07 | INFO     | core.logger_manager:info:44 - Subscription Manager started (polling)
2026-08-18 14:15:08 | INFO     | core.logger_manager:info:44 - System initialization complete
2026-08-18 14:15:08 | INFO     | core.logger_manager:info:44 - BLOCKORA_TRADE started - entering main loop
2026-08-18 14:15:08 | INFO     | core.logger_manager:info:44 - Market OPENED - Starting analysis
2026-08-18 14:15:35 | INFO     | core.logger_manager:info:44 - Angel LIVE chain ready: 31 strikes | PCR 0.67
2026-08-18 14:15:35 | INFO     | core.logger_manager:info:44 - Liquidity: removed 3 illiquid strikes, kept 59
2026-08-18 14:15:35 | INFO     | core.logger_manager:info:44 - Market Regime: SIDEWAYS | ADX:15.9 RSI:48.6 ATR%:0.04
2026-08-18 14:17:03 | INFO     | core.logger_manager:info:44 - Angel LIVE chain ready: 31 strikes | PCR 0.67
2026-08-18 14:17:03 | INFO     | core.logger_manager:info:44 - Liquidity: removed 2 illiquid strikes, kept 60
2026-08-18 14:17:03 | INFO     | core.logger_manager:info:44 - Market Regime: SIDEWAYS | ADX:15.9 RSI:46.1 ATR%:0.04
2026-08-18 14:18:30 | INFO     | core.logger_manager:info:44 - Angel LIVE chain ready: 31 strikes | PCR 0.68
2026-08-18 14:18:30 | INFO     | core.logger_manager:info:44 - Liquidity: removed 3 illiquid strikes, kept 59
2026-08-18 14:18:30 | INFO     | core.logger_manager:info:44 - Market Regime: SIDEWAYS | ADX:15.9 RSI:47.9 ATR%:0.04
2026-08-18 14:19:08 | INFO     | core.logger_manager:info:44 - Starting graceful shutdown...
2026-08-18 14:19:08 | INFO     | core.logger_manager:info:44 - Market data connection closed
2026-08-18 14:19:08 | INFO     | core.logger_manager:info:44 - Market engine closed
2026-08-18 14:19:08 | INFO     | core.logger_manager:info:44 - Option Chain Engine shutdown
2026-08-18 14:19:08 | INFO     | core.logger_manager:info:44 - Option engine closed
2026-08-18 14:19:08 | INFO     | core.logger_manager:info:44 - Database saved and closed
2026-08-18 14:19:09 | INFO     | core.logger_manager:info:44 - Graceful shutdown complete
2026-08-18 15:29:47 | WARNING  | core.logger_manager:warning:47 - Validator REJECT: ['rr_1.0<2.0']
2026-08-18 15:29:47 | WARNING  | core.logger_manager:warning:47 - Validator REJECT: ['rr_2.0<2.0']
2026-08-18 15:48:38 | WARNING  | core.logger_manager:warning:47 - Validator REJECT: ['rr_1.0<2.0']
2026-08-18 15:48:38 | WARNING  | core.logger_manager:warning:47 - Validator REJECT: ['rr_2.0<2.0']
2026-08-18 21:04:06 | WARNING  | core.logger_manager:warning:47 - Validator REJECT: ['rr_1.0<2.0']
2026-08-18 21:04:06 | WARNING  | core.logger_manager:warning:47 - Validator REJECT: ['rr_2.0<2.0']
2026-08-18 21:19:02 | WARNING  | core.logger_manager:warning:47 - Validator REJECT: ['rr_1.0<2.0']
2026-08-18 21:19:02 | WARNING  | core.logger_manager:warning:47 - Validator REJECT: ['rr_2.0<2.0']
2026-08-18 21:19:54 | WARNING  | core.logger_manager:warning:47 - Validator REJECT: ['rr_1.0<2.0']
2026-08-18 21:19:54 | WARNING  | core.logger_manager:warning:47 - Validator REJECT: ['rr_2.0<2.0']
2026-08-18 21:20:44 | WARNING  | core.logger_manager:warning:47 - Validator REJECT: ['rr_1.0<2.0']
2026-08-18 21:20:44 | WARNING  | core.logger_manager:warning:47 - Validator REJECT: ['rr_2.0<2.0']
2026-08-18 21:58:02 | WARNING  | core.logger_manager:warning:47 - Validator REJECT: ['rr_1.0<2.0']
2026-08-18 21:58:02 | WARNING  | core.logger_manager:warning:47 - Validator REJECT: ['rr_2.0<2.0']
2026-08-18 21:58:56 | WARNING  | core.logger_manager:warning:47 - Validator REJECT: ['rr_1.0<2.0']
2026-08-18 21:58:56 | WARNING  | core.logger_manager:warning:47 - Validator REJECT: ['rr_2.0<2.0']
2026-08-19 09:16:57 | INFO     | core.logger_manager:info:44 - BLOCKORA_TRADE v1.0 starting...
2026-08-19 09:16:58 | INFO     | core.logger_manager:info:44 - Angel One SmartAPI connected successfully
2026-08-19 09:17:04 | INFO     | core.logger_manager:info:44 - Historical data loaded: 370 candles
2026-08-19 09:17:05 | INFO     | core.logger_manager:info:44 - Option Chain Engine initialized (Multi-Source)
2026-08-19 09:17:05 | INFO     | core.logger_manager:info:44 - Telegram Bot connected
2026-08-19 09:17:05 | INFO     | core.logger_manager:info:44 - Subscription Manager started (polling)
2026-08-19 09:17:06 | INFO     | core.logger_manager:info:44 - System initialization complete
2026-08-19 09:17:06 | INFO     | core.logger_manager:info:44 - BLOCKORA_TRADE started - entering main loop
2026-08-19 09:17:06 | INFO     | core.logger_manager:info:44 - Market OPENED - Starting analysis
2026-08-19 09:17:30 | INFO     | core.logger_manager:info:44 - Instrument master download (~30MB, once daily)...
2026-08-19 09:17:34 | INFO     | core.logger_manager:info:44 - Master downloaded: https://margincalculator.angelbroking.com/OpenAPI_File/files/OpenAPIScripMaster.json
2026-08-19 09:17:34 | INFO     | core.logger_manager:info:44 - Tokens saved: 243
2026-08-19 09:17:38 | INFO     | core.logger_manager:info:44 - Angel LIVE chain ready: 31 strikes | PCR 1.03
2026-08-19 09:17:38 | INFO     | core.logger_manager:info:44 - Market Regime: TRENDING_STRONG | ADX:55.5 RSI:17.0 ATR%:0.08
2026-08-19 09:19:05 | INFO     | core.logger_manager:info:44 - Angel LIVE chain ready: 31 strikes | PCR 1.04
2026-08-19 09:19:05 | INFO     | core.logger_manager:info:44 - Liquidity: removed 2 illiquid strikes, kept 60
2026-08-19 09:19:05 | INFO     | core.logger_manager:info:44 - Market Regime: TRENDING_STRONG | ADX:55.5 RSI:17.8 ATR%:0.08
2026-08-19 09:20:37 | INFO     | core.logger_manager:info:44 - Angel LIVE chain ready: 31 strikes | PCR 1.05
2026-08-19 09:20:37 | INFO     | core.logger_manager:info:44 - Liquidity: removed 1 illiquid strikes, kept 61
2026-08-19 09:20:37 | INFO     | core.logger_manager:info:44 - Market Regime: TRENDING_STRONG | ADX:56.6 RSI:18.1 ATR%:0.07
2026-08-19 09:22:04 | INFO     | core.logger_manager:info:44 - Angel LIVE chain ready: 31 strikes | PCR 1.05
2026-08-19 09:22:04 | INFO     | core.logger_manager:info:44 - Liquidity: removed 1 illiquid strikes, kept 61
2026-08-19 09:22:04 | INFO     | core.logger_manager:info:44 - Market Regime: TRENDING_STRONG | ADX:56.6 RSI:19.8 ATR%:0.07
2026-08-19 09:24:11 | INFO     | core.logger_manager:info:44 - Angel LIVE chain ready: 31 strikes | PCR 1.05
2026-08-19 09:24:11 | INFO     | core.logger_manager:info:44 - Liquidity: removed 1 illiquid strikes, kept 61
2026-08-19 09:24:11 | INFO     | core.logger_manager:info:44 - Market Regime: TRENDING_STRONG | ADX:56.6 RSI:18.0 ATR%:0.07
2026-08-19 09:25:31 | INFO     | core.logger_manager:info:44 - Angel LIVE chain ready: 31 strikes | PCR 1.04
2026-08-19 09:25:31 | INFO     | core.logger_manager:info:44 - Liquidity: removed 1 illiquid strikes, kept 61
2026-08-19 09:25:31 | INFO     | core.logger_manager:info:44 - Market Regime: TRENDING_STRONG | ADX:55.4 RSI:13.4 ATR%:0.07
2026-08-19 09:26:57 | INFO     | core.logger_manager:info:44 - Angel LIVE chain ready: 31 strikes | PCR 1.04
2026-08-19 09:26:57 | INFO     | core.logger_manager:info:44 - Liquidity: removed 1 illiquid strikes, kept 61
2026-08-19 09:26:57 | INFO     | core.logger_manager:info:44 - Market Regime: TRENDING_STRONG | ADX:58.1 RSI:12.6 ATR%:0.07
2026-08-19 09:28:24 | INFO     | core.logger_manager:info:44 - Angel LIVE chain ready: 31 strikes | PCR 1.03
2026-08-19 09:28:24 | INFO     | core.logger_manager:info:44 - Liquidity: removed 1 illiquid strikes, kept 61
2026-08-19 09:28:24 | INFO     | core.logger_manager:info:44 - Market Regime: TRENDING_STRONG | ADX:58.1 RSI:13.5 ATR%:0.07
2026-08-19 09:29:49 | INFO     | core.logger_manager:info:44 - Angel LIVE chain ready: 31 strikes | PCR 1.03
2026-08-19 09:29:49 | INFO     | core.logger_manager:info:44 - Liquidity: removed 1 illiquid strikes, kept 61
2026-08-19 09:29:49 | INFO     | core.logger_manager:info:44 - Market Regime: TRENDING_STRONG | ADX:58.1 RSI:12.6 ATR%:0.07
2026-08-19 09:31:20 | INFO     | core.logger_manager:info:44 - Angel LIVE chain ready: 31 strikes | PCR 1.01
2026-08-19 09:31:20 | INFO     | core.logger_manager:info:44 - Liquidity: removed 1 illiquid strikes, kept 61
2026-08-19 09:31:20 | INFO     | core.logger_manager:info:44 - Market Regime: TRENDING_STRONG | ADX:59.7 RSI:12.1 ATR%:0.08
2026-08-19 09:32:50 | INFO     | core.logger_manager:info:44 - Angel LIVE chain ready: 31 strikes | PCR 0.99
2026-08-19 09:32:50 | INFO     | core.logger_manager:info:44 - Liquidity: removed 1 illiquid strikes, kept 61
2026-08-19 09:32:50 | INFO     | core.logger_manager:info:44 - Market Regime: TRENDING_STRONG | ADX:66.1 RSI:11.3 ATR%:0.08
2026-08-19 09:34:17 | INFO     | core.logger_manager:info:44 - Angel LIVE chain ready: 31 strikes | PCR 0.96
2026-08-19 09:34:17 | INFO     | core.logger_manager:info:44 - Liquidity: removed 1 illiquid strikes, kept 61
2026-08-19 09:34:17 | INFO     | core.logger_manager:info:44 - Market Regime: TRENDING_STRONG | ADX:66.1 RSI:11.3 ATR%:0.08
2026-08-19 09:35:52 | INFO     | core.logger_manager:info:44 - Angel LIVE chain ready: 31 strikes | PCR 0.95
2026-08-19 09:35:52 | INFO     | core.logger_manager:info:44 - Liquidity: removed 1 illiquid strikes, kept 61
2026-08-19 09:35:52 | INFO     | core.logger_manager:info:44 - Market Regime: TRENDING_STRONG | ADX:66.8 RSI:11.1 ATR%:0.08
2026-08-19 09:37:46 | INFO     | core.logger_manager:info:44 - Angel LIVE chain ready: 31 strikes | PCR 0.96
2026-08-19 09:37:46 | INFO     | core.logger_manager:info:44 - Market Regime: TRENDING_STRONG | ADX:68.0 RSI:9.0 ATR%:0.08
2026-08-19 09:37:46 | ERROR    | core.logger_manager:error:50 - Analysis cycle error: unsupported operand type(s) for -: 'list' and 'set'
2026-08-19 09:39:13 | INFO     | core.logger_manager:info:44 - Angel LIVE chain ready: 31 strikes | PCR 0.95
2026-08-19 09:39:13 | INFO     | core.logger_manager:info:44 - Market Regime: TRENDING_STRONG | ADX:68.2 RSI:8.8 ATR%:0.08
2026-08-19 09:39:13 | ERROR    | core.logger_manager:error:50 - Analysis cycle error: unsupported operand type(s) for -: 'list' and 'set'
2026-08-19 09:40:43 | INFO     | core.logger_manager:info:44 - Angel LIVE chain ready: 31 strikes | PCR 0.91
2026-08-19 09:40:43 | INFO     | core.logger_manager:info:44 - Market Regime: TRENDING_STRONG | ADX:70.4 RSI:10.3 ATR%:0.08
2026-08-19 09:40:43 | ERROR    | core.logger_manager:error:50 - Analysis cycle error: unsupported operand type(s) for -: 'list' and 'set'
2026-08-19 09:42:09 | INFO     | core.logger_manager:info:44 - Angel LIVE chain ready: 31 strikes | PCR 0.91
2026-08-19 09:42:09 | INFO     | core.logger_manager:info:44 - Market Regime: TRENDING_STRONG | ADX:70.4 RSI:10.1 ATR%:0.08
2026-08-19 09:42:09 | ERROR    | core.logger_manager:error:50 - Analysis cycle error: unsupported operand type(s) for -: 'list' and 'set'
2026-08-19 09:42:32 | INFO     | core.logger_manager:info:44 - Starting graceful shutdown...
2026-08-19 09:42:32 | INFO     | core.logger_manager:info:44 - Market data connection closed
2026-08-19 09:42:32 | INFO     | core.logger_manager:info:44 - Market engine closed
2026-08-19 09:42:32 | INFO     | core.logger_manager:info:44 - Option Chain Engine shutdown
2026-08-19 09:42:32 | INFO     | core.logger_manager:info:44 - Option engine closed
2026-08-19 09:42:32 | INFO     | core.logger_manager:info:44 - Database saved and closed
2026-08-19 09:42:33 | INFO     | core.logger_manager:info:44 - Graceful shutdown complete
2026-08-19 10:06:57 | WARNING  | core.logger_manager:warning:47 - Validator REJECT: ['rr_1.0<2.0']
2026-08-19 10:06:57 | WARNING  | core.logger_manager:warning:47 - Validator REJECT: ['rr_2.0<2.0']
2026-08-19 10:08:16 | INFO     | core.logger_manager:info:44 - BLOCKORA_TRADE v1.0 starting...
2026-08-19 10:08:18 | INFO     | core.logger_manager:info:44 - Angel One SmartAPI connected successfully
2026-08-19 10:08:25 | INFO     | core.logger_manager:info:44 - Historical data loaded: 369 candles
2026-08-19 10:08:26 | INFO     | core.logger_manager:info:44 - Option Chain Engine initialized (Multi-Source)
2026-08-19 10:08:27 | INFO     | core.logger_manager:info:44 - Telegram Bot connected
2026-08-19 10:08:27 | INFO     | core.logger_manager:info:44 - Subscription Manager started (polling)
2026-08-19 10:08:27 | INFO     | core.logger_manager:info:44 - System initialization complete
2026-08-19 10:08:27 | INFO     | core.logger_manager:info:44 - BLOCKORA_TRADE started - entering main loop
2026-08-19 10:08:28 | INFO     | core.logger_manager:info:44 - Market OPENED - Starting analysis
2026-08-19 10:09:01 | INFO     | core.logger_manager:info:44 - Angel LIVE chain ready: 31 strikes | PCR 1.01
2026-08-19 10:09:01 | INFO     | core.logger_manager:info:44 - Market Regime: TRENDING_STRONG | ADX:61.4 RSI:18.3 ATR%:0.08
2026-08-19 10:10:33 | INFO     | core.logger_manager:info:44 - Angel LIVE chain ready: 31 strikes | PCR 1.01
2026-08-19 10:10:33 | INFO     | core.logger_manager:info:44 - Market Regime: TRENDING_STRONG | ADX:54.1 RSI:22.3 ATR%:0.08
2026-08-19 10:12:00 | INFO     | core.logger_manager:info:44 - Angel LIVE chain ready: 31 strikes | PCR 1.01
2026-08-19 10:12:00 | INFO     | core.logger_manager:info:44 - Market Regime: TRENDING_STRONG | ADX:54.4 RSI:21.8 ATR%:0.08
2026-08-19 10:13:28 | INFO     | core.logger_manager:info:44 - Angel LIVE chain ready: 31 strikes | PCR 1.01
2026-08-19 10:13:28 | INFO     | core.logger_manager:info:44 - Market Regime: TRENDING_STRONG | ADX:54.8 RSI:21.6 ATR%:0.08
2026-08-19 10:14:55 | INFO     | core.logger_manager:info:44 - Angel LIVE chain ready: 31 strikes | PCR 1.01
2026-08-19 10:14:55 | INFO     | core.logger_manager:info:44 - Market Regime: TRENDING_STRONG | ADX:55.6 RSI:21.2 ATR%:0.08
2026-08-19 10:16:27 | INFO     | core.logger_manager:info:44 - Angel LIVE chain ready: 31 strikes | PCR 1.01
2026-08-19 10:16:27 | INFO     | core.logger_manager:info:44 - Market Regime: TRENDING_STRONG | ADX:57.4 RSI:20.1 ATR%:0.08
2026-08-19 10:17:55 | INFO     | core.logger_manager:info:44 - Angel LIVE chain ready: 31 strikes | PCR 1.01
2026-08-19 10:17:55 | INFO     | core.logger_manager:info:44 - Market Regime: TRENDING_STRONG | ADX:57.4 RSI:20.2 ATR%:0.08
2026-08-19 10:19:23 | INFO     | core.logger_manager:info:44 - Angel LIVE chain ready: 31 strikes | PCR 1.03
2026-08-19 10:19:23 | INFO     | core.logger_manager:info:44 - Market Regime: HIGH_VOLATILITY | ADX:59.6 RSI:18.9 ATR%:0.08
2026-08-19 10:19:23 | WARNING  | core.logger_manager:warning:47 - Validator REJECT: ['regime_HIGH_VOLATILITY']
2026-08-19 10:20:54 | INFO     | core.logger_manager:info:44 - Angel LIVE chain ready: 31 strikes | PCR 0.99
2026-08-19 10:20:54 | INFO     | core.logger_manager:info:44 - Market Regime: TRENDING_STRONG | ADX:57.7 RSI:20.2 ATR%:0.08
2026-08-19 10:22:21 | INFO     | core.logger_manager:info:44 - Angel LIVE chain ready: 31 strikes | PCR 0.97
2026-08-19 10:22:21 | INFO     | core.logger_manager:info:44 - Market Regime: HIGH_VOLATILITY | ADX:59.0 RSI:19.3 ATR%:0.08
2026-08-19 10:22:21 | WARNING  | core.logger_manager:warning:47 - Validator REJECT: ['regime_HIGH_VOLATILITY']
2026-08-19 10:23:49 | INFO     | core.logger_manager:info:44 - Angel LIVE chain ready: 31 strikes | PCR 0.95
2026-08-19 10:23:49 | INFO     | core.logger_manager:info:44 - Market Regime: HIGH_VOLATILITY | ADX:59.0 RSI:19.4 ATR%:0.08
2026-08-19 10:23:49 | WARNING  | core.logger_manager:warning:47 - Validator REJECT: ['regime_HIGH_VOLATILITY']
2026-08-19 10:25:16 | INFO     | core.logger_manager:info:44 - Angel LIVE chain ready: 31 strikes | PCR 0.95
2026-08-19 10:25:16 | INFO     | core.logger_manager:info:44 - Market Regime: HIGH_VOLATILITY | ADX:59.1 RSI:19.2 ATR%:0.08
2026-08-19 10:25:16 | WARNING  | core.logger_manager:warning:47 - Validator REJECT: ['regime_HIGH_VOLATILITY']
2026-08-19 10:26:48 | INFO     | core.logger_manager:info:44 - Angel LIVE chain ready: 31 strikes | PCR 0.94
2026-08-19 10:26:48 | INFO     | core.logger_manager:info:44 - Market Regime: HIGH_VOLATILITY | ADX:59.4 RSI:19.0 ATR%:0.08
2026-08-19 10:26:48 | WARNING  | core.logger_manager:warning:47 - Validator REJECT: ['regime_HIGH_VOLATILITY']
2026-08-19 10:28:19 | INFO     | core.logger_manager:info:44 - Angel LIVE chain ready: 31 strikes | PCR 0.94
2026-08-19 10:28:19 | INFO     | core.logger_manager:info:44 - Market Regime: TRENDING | ADX:38.9 RSI:27.8 ATR%:0.08
2026-08-19 10:28:19 | WARNING  | core.logger_manager:warning:47 - BUY_BLOCKED reason=REAL_LTP_REAL symbol=NIFTY strike=24100 option_type=PE premium_source=REAL age_seconds=5.1 max_age_seconds=15
2026-08-19 10:28:20 | INFO     | core.logger_manager:info:44 - ⚠️ BLOCKED BUY: WATCHLIST NIFTY 24100 PE | Real-time option LTP unavailable/stale
2026-08-19 10:29:49 | INFO     | core.logger_manager:info:44 - Angel LIVE chain ready: 31 strikes | PCR 0.93
2026-08-19 10:29:49 | INFO     | core.logger_manager:info:44 - Market Regime: TRENDING | ADX:38.9 RSI:26.7 ATR%:0.08
2026-08-19 10:29:49 | WARNING  | core.logger_manager:warning:47 - BUY_BLOCKED reason=REAL_LTP_REAL symbol=NIFTY strike=24100 option_type=PE premium_source=REAL age_seconds=4.9 max_age_seconds=15
2026-08-19 10:31:24 | INFO     | core.logger_manager:info:44 - Angel LIVE chain ready: 31 strikes | PCR 0.92
2026-08-19 10:31:24 | INFO     | core.logger_manager:info:44 - Market Regime: TRENDING | ADX:40.5 RSI:28.4 ATR%:0.08
2026-08-19 10:32:51 | INFO     | core.logger_manager:info:44 - Angel LIVE chain ready: 31 strikes | PCR 0.92
2026-08-19 10:32:51 | INFO     | core.logger_manager:info:44 - Market Regime: TRENDING | ADX:40.5 RSI:27.8 ATR%:0.08
2026-08-19 10:32:51 | WARNING  | core.logger_manager:warning:47 - BUY_BLOCKED reason=REAL_LTP_REAL symbol=NIFTY strike=24100 option_type=PE premium_source=REAL age_seconds=4.9 max_age_seconds=15
2026-08-19 10:34:18 | INFO     | core.logger_manager:info:44 - Angel LIVE chain ready: 31 strikes | PCR 0.92
2026-08-19 10:34:18 | INFO     | core.logger_manager:info:44 - Market Regime: TRENDING | ADX:40.5 RSI:28.5 ATR%:0.08
2026-08-19 10:35:49 | INFO     | core.logger_manager:info:44 - Angel LIVE chain ready: 31 strikes | PCR 0.9
2026-08-19 10:35:50 | INFO     | core.logger_manager:info:44 - Market Regime: TRENDING | ADX:44.4 RSI:25.9 ATR%:0.08
2026-08-19 10:35:50 | WARNING  | core.logger_manager:warning:47 - BUY_BLOCKED reason=REAL_LTP_REAL symbol=NIFTY strike=24100 option_type=PE premium_source=REAL age_seconds=5.0 max_age_seconds=15
2026-08-19 10:37:20 | INFO     | core.logger_manager:info:44 - Angel LIVE chain ready: 31 strikes | PCR 0.89
2026-08-19 10:37:20 | INFO     | core.logger_manager:info:44 - Market Regime: TRENDING | ADX:39.3 RSI:31.4 ATR%:0.08
2026-08-19 10:37:20 | WARNING  | core.logger_manager:warning:47 - BUY_BLOCKED reason=REAL_LTP_REAL symbol=NIFTY strike=24100 option_type=PE premium_source=REAL age_seconds=4.9 max_age_seconds=15
2026-08-19 10:38:47 | INFO     | core.logger_manager:info:44 - Angel LIVE chain ready: 31 strikes | PCR 0.88
2026-08-19 10:38:47 | INFO     | core.logger_manager:info:44 - Market Regime: TRENDING | ADX:39.3 RSI:28.4 ATR%:0.08
2026-08-19 10:40:14 | INFO     | core.logger_manager:info:44 - Angel LIVE chain ready: 31 strikes | PCR 0.88
2026-08-19 10:40:14 | INFO     | core.logger_manager:info:44 - Market Regime: TRENDING | ADX:39.3 RSI:28.0 ATR%:0.08
2026-08-19 10:40:14 | WARNING  | core.logger_manager:warning:47 - BUY_BLOCKED reason=REAL_LTP_REAL symbol=NIFTY strike=24100 option_type=PE premium_source=REAL age_seconds=5.0 max_age_seconds=15
2026-08-19 10:40:14 | INFO     | core.logger_manager:info:44 - 📌 Signal saved: BUY NIFTY 24100 PE @ 24052.8
2026-08-19 10:40:15 | INFO     | core.logger_manager:info:44 - ⚠️ BLOCKED BUY: BUY NIFTY 24100 PE | Real-time option LTP unavailable/stale
2026-08-19 10:41:45 | INFO     | core.logger_manager:info:44 - Angel LIVE chain ready: 31 strikes | PCR 0.87
2026-08-19 10:41:45 | INFO     | core.logger_manager:info:44 - Market Regime: TRENDING | ADX:39.3 RSI:27.7 ATR%:0.08
2026-08-19 10:41:45 | WARNING  | core.logger_manager:warning:47 - BUY_BLOCKED reason=REAL_LTP_REAL symbol=NIFTY strike=24100 option_type=PE premium_source=REAL age_seconds=4.9 max_age_seconds=15
2026-08-19 10:41:45 | INFO     | core.logger_manager:info:44 - 📊 Outcome: PE 24100.0 → EXPIRED_WIN (0.6)
2026-08-19 10:41:45 | INFO     | core.logger_manager:info:44 - 📌 Signal saved: BUY NIFTY 24100 PE @ 24051.7
2026-08-19 10:43:17 | INFO     | core.logger_manager:info:44 - Angel LIVE chain ready: 31 strikes | PCR 0.86
2026-08-19 10:43:17 | INFO     | core.logger_manager:info:44 - Market Regime: TRENDING | ADX:30.4 RSI:35.3 ATR%:0.07
2026-08-19 10:43:17 | WARNING  | core.logger_manager:warning:47 - BUY_BLOCKED reason=REAL_LTP_REAL symbol=NIFTY strike=24100 option_type=PE premium_source=REAL age_seconds=5.2 max_age_seconds=15
2026-08-19 10:43:17 | INFO     | core.logger_manager:info:44 - 📊 Outcome: PE 24100.0 → EXPIRED_WIN (0.85)
2026-08-19 10:43:17 | INFO     | core.logger_manager:info:44 - 📌 Signal saved: BUY NIFTY 24100 PE @ 24050.15
2026-08-19 10:44:47 | INFO     | core.logger_manager:info:44 - Angel LIVE chain ready: 31 strikes | PCR 0.86
2026-08-19 10:44:47 | INFO     | core.logger_manager:info:44 - Market Regime: TRENDING | ADX:30.4 RSI:40.2 ATR%:0.07
2026-08-19 10:44:47 | WARNING  | core.logger_manager:warning:47 - BUY_BLOCKED reason=REAL_LTP_REAL symbol=NIFTY strike=24100 option_type=PE premium_source=REAL age_seconds=5.0 max_age_seconds=15
2026-08-19 10:44:47 | INFO     | core.logger_manager:info:44 - 📊 Outcome: PE 24100.0 → EXPIRED (-4.07)
2026-08-19 10:44:47 | INFO     | core.logger_manager:info:44 - 📌 Signal saved: BUY NIFTY 24100 PE @ 24057.55
2026-08-19 10:46:20 | INFO     | core.logger_manager:info:44 - Angel LIVE chain ready: 31 strikes | PCR 0.86
2026-08-19 10:46:20 | INFO     | core.logger_manager:info:44 - Market Regime: SIDEWAYS | ADX:24.8 RSI:35.6 ATR%:0.07
2026-08-19 10:46:20 | INFO     | core.logger_manager:info:44 - 📊 Outcome: PE 24100.0 → EXPIRED_WIN (1.49)
2026-08-19 10:47:47 | INFO     | core.logger_manager:info:44 - Angel LIVE chain ready: 31 strikes | PCR 0.85
2026-08-19 10:47:47 | INFO     | core.logger_manager:info:44 - Market Regime: SIDEWAYS | ADX:24.8 RSI:33.9 ATR%:0.07
2026-08-19 10:49:15 | INFO     | core.logger_manager:info:44 - Angel LIVE chain ready: 31 strikes | PCR 0.85
2026-08-19 10:49:15 | INFO     | core.logger_manager:info:44 - Market Regime: SIDEWAYS | ADX:24.8 RSI:33.0 ATR%:0.07
2026-08-19 10:50:48 | INFO     | core.logger_manager:info:44 - Angel LIVE chain ready: 31 strikes | PCR 0.85
2026-08-19 10:50:48 | INFO     | core.logger_manager:info:44 - Market Regime: SIDEWAYS | ADX:24.8 RSI:33.9 ATR%:0.07
2026-08-19 10:52:54 | INFO     | core.logger_manager:info:44 - Angel LIVE chain ready: 31 strikes | PCR 0.84
2026-08-19 10:52:54 | WARNING  | core.logger_manager:warning:47 - Stale data: ['Chain stale 19.2s'] - retrying fetch
2026-08-19 10:53:16 | WARNING  | core.logger_manager:warning:47 - NO_TRADE cycle (stale data): ['Chain stale 41.0s']
2026-08-19 10:54:48 | INFO     | core.logger_manager:info:44 - Angel LIVE chain ready: 31 strikes | PCR 0.83
2026-08-19 10:54:48 | INFO     | core.logger_manager:info:44 - Market Regime: SIDEWAYS | ADX:24.8 RSI:36.3 ATR%:0.07
2026-08-19 10:56:20 | INFO     | core.logger_manager:info:44 - Angel LIVE chain ready: 31 strikes | PCR 0.83
2026-08-19 10:56:20 | INFO     | core.logger_manager:info:44 - Market Regime: TRENDING | ADX:44.7 RSI:30.1 ATR%:0.06
2026-08-19 10:57:47 | INFO     | core.logger_manager:info:44 - Angel LIVE chain ready: 31 strikes | PCR 0.83
2026-08-19 10:57:47 | INFO     | core.logger_manager:info:44 - Market Regime: TRENDING | ADX:44.7 RSI:29.5 ATR%:0.06
2026-08-19 10:59:15 | INFO     | core.logger_manager:info:44 - Angel LIVE chain ready: 31 strikes | PCR 0.83
2026-08-19 10:59:15 | INFO     | core.logger_manager:info:44 - Market Regime: TRENDING | ADX:40.4 RSI:33.2 ATR%:0.06
2026-08-19 11:00:38 | INFO     | core.logger_manager:info:44 - Angel LIVE chain ready: 31 strikes | PCR 0.84
2026-08-19 11:00:38 | INFO     | core.logger_manager:info:44 - Market Regime: TRENDING | ADX:40.4 RSI:27.0 ATR%:0.06
2026-08-19 11:02:11 | INFO     | core.logger_manager:info:44 - Angel LIVE chain ready: 31 strikes | PCR 0.84
2026-08-19 11:02:11 | INFO     | core.logger_manager:info:44 - Market Regime: TRENDING_STRONG | ADX:67.4 RSI:24.0 ATR%:0.06
2026-08-19 11:03:38 | INFO     | core.logger_manager:info:44 - Angel LIVE chain ready: 31 strikes | PCR 0.83
2026-08-19 11:03:38 | INFO     | core.logger_manager:info:44 - Market Regime: TRENDING_STRONG | ADX:68.4 RSI:20.0 ATR%:0.06
2026-08-19 11:05:06 | INFO     | core.logger_manager:info:44 - Angel LIVE chain ready: 31 strikes | PCR 0.83
2026-08-19 11:05:06 | INFO     | core.logger_manager:info:44 - Market Regime: TRENDING_STRONG | ADX:69.4 RSI:19.5 ATR%:0.06
2026-08-19 11:06:37 | INFO     | core.logger_manager:info:44 - Angel LIVE chain ready: 31 strikes | PCR 0.83
2026-08-19 11:06:37 | INFO     | core.logger_manager:info:44 - Market Regime: TRENDING_STRONG | ADX:70.9 RSI:19.6 ATR%:0.06
2026-08-19 11:08:05 | INFO     | core.logger_manager:info:44 - Angel LIVE chain ready: 31 strikes | PCR 0.82
2026-08-19 11:08:05 | INFO     | core.logger_manager:info:44 - Market Regime: TRENDING_STRONG | ADX:73.8 RSI:17.5 ATR%:0.06
2026-08-19 11:09:33 | INFO     | core.logger_manager:info:44 - Angel LIVE chain ready: 31 strikes | PCR 0.81
2026-08-19 11:09:33 | INFO     | core.logger_manager:info:44 - Market Regime: TRENDING_STRONG | ADX:73.8 RSI:18.1 ATR%:0.06
2026-08-19 11:11:05 | INFO     | core.logger_manager:info:44 - Angel LIVE chain ready: 31 strikes | PCR 0.81
2026-08-19 11:11:05 | INFO     | core.logger_manager:info:44 - Market Regime: TRENDING_STRONG | ADX:81.3 RSI:20.5 ATR%:0.06
2026-08-19 11:12:32 | INFO     | core.logger_manager:info:44 - Angel LIVE chain ready: 31 strikes | PCR 0.81
2026-08-19 11:12:32 | INFO     | core.logger_manager:info:44 - Market Regime: TRENDING_STRONG | ADX:81.3 RSI:19.2 ATR%:0.06
2026-08-19 11:13:59 | INFO     | core.logger_manager:info:44 - Angel LIVE chain ready: 31 strikes | PCR 0.8
2026-08-19 11:13:59 | INFO     | core.logger_manager:info:44 - Market Regime: TRENDING_STRONG | ADX:81.3 RSI:16.8 ATR%:0.06
2026-08-19 11:15:27 | INFO     | core.logger_manager:info:44 - Angel LIVE chain ready: 31 strikes | PCR 0.8
2026-08-19 11:15:27 | INFO     | core.logger_manager:info:44 - Market Regime: TRENDING | ADX:78.0 RSI:25.6 ATR%:0.06
2026-08-19 11:16:49 | INFO     | core.logger_manager:info:44 - Angel LIVE chain ready: 31 strikes | PCR 0.8
2026-08-19 11:16:49 | INFO     | core.logger_manager:info:44 - Market Regime: TRENDING_STRONG | ADX:78.0 RSI:23.2 ATR%:0.06
2026-08-19 11:18:22 | INFO     | core.logger_manager:info:44 - Angel LIVE chain ready: 31 strikes | PCR 0.8
2026-08-19 11:18:22 | INFO     | core.logger_manager:info:44 - Market Regime: TRENDING_STRONG | ADX:78.0 RSI:21.9 ATR%:0.06
2026-08-19 11:19:53 | INFO     | core.logger_manager:info:44 - Angel LIVE chain ready: 31 strikes | PCR 0.8
2026-08-19 11:19:53 | INFO     | core.logger_manager:info:44 - Market Regime: TRENDING | ADX:72.1 RSI:26.2 ATR%:0.06
2026-08-19 11:21:25 | INFO     | core.logger_manager:info:44 - Angel LIVE chain ready: 31 strikes | PCR 0.8
2026-08-19 11:21:25 | INFO     | core.logger_manager:info:44 - Market Regime: TRENDING | ADX:72.1 RSI:28.0 ATR%:0.06
2026-08-19 11:22:56 | INFO     | core.logger_manager:info:44 - Angel LIVE chain ready: 31 strikes | PCR 0.8
2026-08-19 11:22:56 | INFO     | core.logger_manager:info:44 - Market Regime: TRENDING | ADX:63.4 RSI:32.8 ATR%:0.06
2026-08-19 11:24:27 | INFO     | core.logger_manager:info:44 - Angel LIVE chain ready: 31 strikes | PCR 0.8
2026-08-19 11:24:27 | INFO     | core.logger_manager:info:44 - Market Regime: TRENDING | ADX:63.4 RSI:30.7 ATR%:0.06
2026-08-19 11:25:57 | INFO     | core.logger_manager:info:44 - Angel LIVE chain ready: 31 strikes | PCR 0.81
2026-08-19 11:25:57 | INFO     | core.logger_manager:info:44 - Market Regime: TRENDING | ADX:49.4 RSI:34.5 ATR%:0.05
2026-08-19 11:27:25 | INFO     | core.logger_manager:info:44 - Angel LIVE chain ready: 31 strikes | PCR 0.81
2026-08-19 11:27:25 | INFO     | core.logger_manager:info:44 - Market Regime: TRENDING | ADX:49.4 RSI:37.6 ATR%:0.05
2026-08-19 11:28:52 | INFO     | core.logger_manager:info:44 - Angel LIVE chain ready: 31 strikes | PCR 0.81
2026-08-19 11:28:52 | INFO     | core.logger_manager:info:44 - Market Regime: TRENDING | ADX:49.4 RSI:39.0 ATR%:0.05
2026-08-19 11:30:20 | INFO     | core.logger_manager:info:44 - Angel LIVE chain ready: 31 strikes | PCR 0.81
2026-08-19 11:30:20 | INFO     | core.logger_manager:info:44 - Market Regime: TRENDING | ADX:49.4 RSI:38.1 ATR%:0.05
2026-08-19 11:31:57 | INFO     | core.logger_manager:info:44 - Angel LIVE chain ready: 31 strikes | PCR 0.81
2026-08-19 11:31:57 | INFO     | core.logger_manager:info:44 - Market Regime: TRENDING | ADX:42.7 RSI:44.4 ATR%:0.05
2026-08-19 11:33:28 | INFO     | core.logger_manager:info:44 - Angel LIVE chain ready: 31 strikes | PCR 0.81
2026-08-19 11:33:28 | INFO     | core.logger_manager:info:44 - Market Regime: TRENDING | ADX:42.7 RSI:42.0 ATR%:0.05
2026-08-19 11:36:05 | INFO     | core.logger_manager:info:44 - Angel LIVE chain ready: 31 strikes | PCR 0.81
2026-08-19 11:36:05 | WARNING  | core.logger_manager:warning:47 - Stale data: ['Spot stale 186.8s'] - retrying fetch
2026-08-19 11:36:13 | INFO     | core.logger_manager:info:44 - Market Regime: TRENDING | ADX:42.7 RSI:41.5 ATR%:0.05
2026-08-19 11:37:45 | INFO     | core.logger_manager:info:44 - Angel LIVE chain ready: 31 strikes | PCR 0.81
2026-08-19 11:37:45 | INFO     | core.logger_manager:info:44 - Market Regime: TRENDING | ADX:45.9 RSI:37.9 ATR%:0.05
2026-08-19 11:39:12 | INFO     | core.logger_manager:info:44 - Angel LIVE chain ready: 31 strikes | PCR 0.8
2026-08-19 11:39:12 | INFO     | core.logger_manager:info:44 - Market Regime: TRENDING | ADX:46.7 RSI:36.8 ATR%:0.05
2026-08-19 11:41:20 | INFO     | core.logger_manager:info:44 - Angel LIVE chain ready: 31 strikes | PCR 0.8
2026-08-19 11:41:20 | WARNING  | core.logger_manager:warning:47 - Stale data: ['Spot stale 154.3s'] - retrying fetch
2026-08-19 11:41:34 | WARNING  | core.logger_manager:warning:47 - NO_TRADE cycle (stale data): ['Chain stale 24.5s']
2026-08-19 11:42:50 | INFO     | core.logger_manager:info:44 - BLOCKORA_TRADE v1.0 starting...
2026-08-19 11:43:05 | WARNING  | core.logger_manager:warning:47 - Login attempt 0/3 failed: HTTPSConnectionPool(host='apiconnect.angelone.in', port=443): Read timed out. (read timeout=7)
2026-08-19 11:43:17 | WARNING  | core.logger_manager:warning:47 - Login attempt 1/3 failed: HTTPSConnectionPool(host='apiconnect.angelone.in', port=443): Read timed out. (read timeout=7)
2026-08-19 11:43:36 | WARNING  | core.logger_manager:warning:47 - Login attempt 2/3 failed: HTTPSConnectionPool(host='apiconnect.angelone.in', port=443): Read timed out. (read timeout=7)
2026-08-19 11:43:43 | WARNING  | core.logger_manager:warning:47 - Stale data: ['Chain timestamp missing/invalid'] - retrying fetch
2026-08-19 11:43:57 | WARNING  | core.logger_manager:warning:47 - Login attempt 3/3 failed: HTTPSConnectionPool(host='apiconnect.angelone.in', port=443): Read timed out. (read timeout=7)
2026-08-19 11:43:57 | ERROR    | core.logger_manager:error:50 - Market data init error: HTTPSConnectionPool(host='apiconnect.angelone.in', port=443): Read timed out. (read timeout=7)
2026-08-19 11:43:57 | ERROR    | core.logger_manager:error:50 - Initialization failed: HTTPSConnectionPool(host='apiconnect.angelone.in', port=443): Read timed out. (read timeout=7)
2026-08-19 11:44:01 | WARNING  | core.logger_manager:warning:47 - NO_TRADE cycle (stale data): ['Chain timestamp missing/invalid']
2026-08-19 11:44:38 | INFO     | core.logger_manager:info:44 - Starting graceful shutdown...
2026-08-19 11:44:54 | INFO     | core.logger_manager:info:44 - Market engine closed
2026-08-19 11:44:54 | INFO     | core.logger_manager:info:44 - Option Chain Engine shutdown
2026-08-19 11:44:54 | INFO     | core.logger_manager:info:44 - Option engine closed
2026-08-19 11:44:54 | INFO     | core.logger_manager:info:44 - Database saved and closed
2026-08-19 11:45:00 | WARNING  | core.logger_manager:warning:47 - Telegram timeout/blocked. Skipping to protect analysis loop.
2026-08-19 11:45:00 | INFO     | core.logger_manager:info:44 - Graceful shutdown complete
2026-08-19 11:56:45 | INFO     | core.logger_manager:info:44 - BLOCKORA_TRADE v1.0 starting...
2026-08-19 11:56:47 | INFO     | core.logger_manager:info:44 - Angel One SmartAPI connected successfully
2026-08-19 11:56:54 | INFO     | core.logger_manager:info:44 - Historical data loaded: 369 candles
2026-08-19 11:56:57 | INFO     | core.logger_manager:info:44 - Option Chain Engine initialized (Multi-Source)
2026-08-19 11:56:58 | INFO     | core.logger_manager:info:44 - Telegram Bot connected
2026-08-19 11:56:58 | INFO     | core.logger_manager:info:44 - Subscription Manager started (polling)
2026-08-19 11:56:58 | INFO     | core.logger_manager:info:44 - System initialization complete
2026-08-19 11:56:58 | INFO     | core.logger_manager:info:44 - BLOCKORA_TRADE started - entering main loop
2026-08-19 11:57:00 | INFO     | core.logger_manager:info:44 - Market OPENED - Starting analysis
2026-08-19 11:57:30 | INFO     | core.logger_manager:info:44 - Angel LIVE chain ready: 31 strikes | PCR 0.81
2026-08-19 11:57:30 | INFO     | core.logger_manager:info:44 - Market Regime: SIDEWAYS | ADX:11.2 RSI:65.2 ATR%:0.05
2026-08-19 11:58:43 | INFO     | core.logger_manager:info:44 - Starting graceful shutdown...
2026-08-19 11:58:43 | INFO     | core.logger_manager:info:44 - Market data connection closed
2026-08-19 11:58:43 | INFO     | core.logger_manager:info:44 - Market engine closed
2026-08-19 11:58:43 | INFO     | core.logger_manager:info:44 - Option Chain Engine shutdown
2026-08-19 11:58:43 | INFO     | core.logger_manager:info:44 - Option engine closed
2026-08-19 11:58:43 | INFO     | core.logger_manager:info:44 - Database saved and closed
2026-08-19 11:58:44 | INFO     | core.logger_manager:info:44 - Graceful shutdown complete
2026-08-19 12:00:49 | INFO     | core.logger_manager:info:44 - BLOCKORA_TRADE v1.0 starting...
2026-08-19 12:00:52 | INFO     | core.logger_manager:info:44 - Angel One SmartAPI connected successfully
2026-08-19 12:00:59 | INFO     | core.logger_manager:info:44 - Historical data loaded: 370 candles
2026-08-19 12:01:02 | INFO     | core.logger_manager:info:44 - Option Chain Engine initialized (Multi-Source)
2026-08-19 12:01:03 | INFO     | core.logger_manager:info:44 - Telegram Bot connected
2026-08-19 12:01:03 | INFO     | core.logger_manager:info:44 - Subscription Manager started (polling)
2026-08-19 12:01:03 | INFO     | core.logger_manager:info:44 - System initialization complete
2026-08-19 12:01:03 | INFO     | core.logger_manager:info:44 - BLOCKORA_TRADE started - entering main loop
2026-08-19 12:01:04 | INFO     | core.logger_manager:info:44 - Market OPENED - Starting analysis
2026-08-19 12:01:36 | INFO     | core.logger_manager:info:44 - Angel LIVE chain ready: 31 strikes | PCR 0.84
2026-08-19 12:01:36 | INFO     | core.logger_manager:info:44 - Market Regime: SIDEWAYS | ADX:3.6 RSI:57.1 ATR%:0.05
2026-08-19 12:03:04 | INFO     | core.logger_manager:info:44 - Angel LIVE chain ready: 31 strikes | PCR 0.84
2026-08-19 12:03:04 | INFO     | core.logger_manager:info:44 - Market Regime: SIDEWAYS | ADX:3.6 RSI:56.8 ATR%:0.05
2026-08-19 12:04:33 | INFO     | core.logger_manager:info:44 - Angel LIVE chain ready: 31 strikes | PCR 0.84
2026-08-19 12:04:33 | INFO     | core.logger_manager:info:44 - Market Regime: SIDEWAYS | ADX:2.9 RSI:52.0 ATR%:0.05
2026-08-19 12:06:05 | INFO     | core.logger_manager:info:44 - Angel LIVE chain ready: 31 strikes | PCR 0.84
2026-08-19 12:06:06 | INFO     | core.logger_manager:info:44 - Market Regime: SIDEWAYS | ADX:8.1 RSI:48.8 ATR%:0.05
2026-08-19 12:07:49 | INFO     | core.logger_manager:info:44 - Angel LIVE chain ready: 31 strikes | PCR 0.83
2026-08-19 12:07:49 | INFO     | core.logger_manager:info:44 - Market Regime: SIDEWAYS | ADX:8.1 RSI:51.1 ATR%:0.05
2026-08-19 12:09:29 | INFO     | core.logger_manager:info:44 - Angel LIVE chain ready: 31 strikes | PCR 0.83
2026-08-19 12:09:29 | INFO     | core.logger_manager:info:44 - Market Regime: SIDEWAYS | ADX:16.6 RSI:50.5 ATR%:0.05
2026-08-19 12:11:03 | INFO     | core.logger_manager:info:44 - Angel LIVE chain ready: 31 strikes | PCR 0.83
2026-08-19 12:11:03 | INFO     | core.logger_manager:info:44 - Market Regime: SIDEWAYS | ADX:18.8 RSI:49.0 ATR%:0.06
2026-08-19 12:12:28 | INFO     | core.logger_manager:info:44 - Angel LIVE chain ready: 31 strikes | PCR 0.83
2026-08-19 12:12:28 | INFO     | core.logger_manager:info:44 - Market Regime: SIDEWAYS | ADX:11.7 RSI:53.3 ATR%:0.06
2026-08-19 12:14:18 | INFO     | core.logger_manager:info:44 - Angel LIVE chain ready: 31 strikes | PCR 0.82
2026-08-19 12:14:18 | INFO     | core.logger_manager:info:44 - Market Regime: SIDEWAYS | ADX:11.7 RSI:52.8 ATR%:0.06
2026-08-19 12:16:08 | WARNING  | core.logger_manager:warning:47 - Stale data: ['Spot stale 159.0s', 'Chain timestamp missing/invalid'] - retrying fetch
2026-08-19 12:16:27 | WARNING  | core.logger_manager:warning:47 - NO_TRADE cycle (stale data): ['Chain timestamp missing/invalid']
2026-08-19 12:18:21 | WARNING  | core.logger_manager:warning:47 - Stale data: ['Spot stale 114.1s', 'Chain timestamp missing/invalid'] - retrying fetch
2026-08-19 12:18:21 | WARNING  | core.logger_manager:warning:47 - NO_TRADE cycle (stale data): ['Spot stale 114.1s', 'Chain timestamp missing/invalid']
2026-08-19 12:20:18 | WARNING  | core.logger_manager:warning:47 - Stale data: ['Spot stale 231.0s', 'Chain timestamp missing/invalid'] - retrying fetch
2026-08-19 12:20:32 | WARNING  | core.logger_manager:warning:47 - NO_TRADE cycle (stale data): ['Spot stale 244.9s', 'Chain timestamp missing/invalid']
2026-08-19 12:21:58 | INFO     | core.logger_manager:info:44 - Angel LIVE chain ready: 31 strikes | PCR 0.81
2026-08-19 12:21:58 | INFO     | core.logger_manager:info:44 - Market Regime: SIDEWAYS | ADX:11.7 RSI:57.0 ATR%:0.06
2026-08-19 12:23:21 | INFO     | core.logger_manager:info:44 - Angel LIVE chain ready: 31 strikes | PCR 0.81
2026-08-19 12:23:21 | INFO     | core.logger_manager:info:44 - Market Regime: SIDEWAYS | ADX:11.7 RSI:55.4 ATR%:0.06
2026-08-19 12:24:44 | INFO     | core.logger_manager:info:44 - Angel LIVE chain ready: 31 strikes | PCR 0.81
2026-08-19 12:24:44 | INFO     | core.logger_manager:info:44 - Market Regime: SIDEWAYS | ADX:11.6 RSI:58.7 ATR%:0.05
2026-08-19 12:26:17 | INFO     | core.logger_manager:info:44 - Angel LIVE chain ready: 31 strikes | PCR 0.81
2026-08-19 12:26:17 | INFO     | core.logger_manager:info:44 - Market Regime: SIDEWAYS | ADX:11.6 RSI:56.8 ATR%:0.05
2026-08-19 12:28:03 | WARNING  | core.logger_manager:warning:47 - Stale data: ['Chain timestamp missing/invalid'] - retrying fetch
2026-08-19 12:28:17 | WARNING  | core.logger_manager:warning:47 - NO_TRADE cycle (stale data): ['Chain timestamp missing/invalid']
2026-08-19 12:30:15 | WARNING  | core.logger_manager:warning:47 - Stale data: ['Chain timestamp missing/invalid'] - retrying fetch
2026-08-19 12:30:23 | WARNING  | core.logger_manager:warning:47 - NO_TRADE cycle (stale data): ['Chain timestamp missing/invalid']
2026-08-19 12:32:36 | WARNING  | core.logger_manager:warning:47 - Stale data: ['Spot stale 132.2s', 'Chain timestamp missing/invalid'] - retrying fetch
2026-08-19 12:32:42 | WARNING  | core.logger_manager:warning:47 - NO_TRADE cycle (stale data): ['Spot stale 138.3s', 'Chain timestamp missing/invalid']
2026-08-19 12:34:13 | INFO     | core.logger_manager:info:44 - Angel LIVE chain ready: 31 strikes | PCR 0.8
2026-08-19 12:34:13 | INFO     | core.logger_manager:info:44 - Market Regime: SIDEWAYS | ADX:11.6 RSI:52.3 ATR%:0.05
2026-08-19 12:34:15 | INFO     | core.logger_manager:info:44 - 🚀 NEW SIGNAL: WATCHLIST NIFTY 24100 PE | Conf: 78.0%
2026-08-19 12:35:38 | INFO     | core.logger_manager:info:44 - Angel LIVE chain ready: 31 strikes | PCR 0.8
2026-08-19 12:35:38 | INFO     | core.logger_manager:info:44 - Market Regime: SIDEWAYS | ADX:0.9 RSI:51.4 ATR%:0.05
2026-08-19 12:37:24 | WARNING  | core.logger_manager:warning:47 - Stale data: ['Chain timestamp missing/invalid'] - retrying fetch
2026-08-19 12:37:30 | WARNING  | core.logger_manager:warning:47 - NO_TRADE cycle (stale data): ['Chain timestamp missing/invalid']
2026-08-19 12:39:26 | INFO     | core.logger_manager:info:44 - Angel LIVE chain ready: 31 strikes | PCR 0.8
2026-08-19 12:39:26 | WARNING  | core.logger_manager:warning:47 - Stale data: ['Spot stale 160.3s'] - retrying fetch
2026-08-19 12:39:30 | INFO     | core.logger_manager:info:44 - Market Regime: SIDEWAYS | ADX:0.9 RSI:50.8 ATR%:0.05
2026-08-19 12:41:03 | INFO     | core.logger_manager:info:44 - Angel LIVE chain ready: 31 strikes | PCR 0.81
2026-08-19 12:41:03 | INFO     | core.logger_manager:info:44 - Market Regime: SIDEWAYS | ADX:0.9 RSI:51.3 ATR%:0.05
2026-08-19 12:42:47 | WARNING  | core.logger_manager:warning:47 - Stale data: ['Chain timestamp missing/invalid'] - retrying fetch
2026-08-19 12:42:53 | WARNING  | core.logger_manager:warning:47 - NO_TRADE cycle (stale data): ['Chain timestamp missing/invalid']
2026-08-19 12:44:24 | INFO     | core.logger_manager:info:44 - Angel LIVE chain ready: 31 strikes | PCR 0.81
2026-08-19 12:44:24 | INFO     | core.logger_manager:info:44 - Market Regime: SIDEWAYS | ADX:3.2 RSI:53.3 ATR%:0.05
2026-08-19 12:46:03 | INFO     | core.logger_manager:info:44 - Angel LIVE chain ready: 31 strikes | PCR 0.81
2026-08-19 12:46:03 | INFO     | core.logger_manager:info:44 - Market Regime: SIDEWAYS | ADX:6.8 RSI:51.9 ATR%:0.05
2026-08-19 12:47:32 | INFO     | core.logger_manager:info:44 - Angel LIVE chain ready: 31 strikes | PCR 0.81
2026-08-19 12:47:32 | INFO     | core.logger_manager:info:44 - Market Regime: SIDEWAYS | ADX:6.8 RSI:52.4 ATR%:0.05
2026-08-19 12:49:09 | INFO     | core.logger_manager:info:44 - Angel LIVE chain ready: 31 strikes | PCR 0.8
2026-08-19 12:49:09 | INFO     | core.logger_manager:info:44 - Market Regime: SIDEWAYS | ADX:6.1 RSI:50.8 ATR%:0.05
2026-08-19 12:50:39 | INFO     | core.logger_manager:info:44 - Angel LIVE chain ready: 31 strikes | PCR 0.8
2026-08-19 12:50:39 | INFO     | core.logger_manager:info:44 - Market Regime: SIDEWAYS | ADX:6.1 RSI:51.9 ATR%:0.05
2026-08-19 12:52:12 | INFO     | core.logger_manager:info:44 - Angel LIVE chain ready: 31 strikes | PCR 0.8
2026-08-19 12:52:12 | INFO     | core.logger_manager:info:44 - Market Regime: SIDEWAYS | ADX:2.5 RSI:50.6 ATR%:0.05
2026-08-19 12:53:39 | INFO     | core.logger_manager:info:44 - Angel LIVE chain ready: 31 strikes | PCR 0.8
2026-08-19 12:53:39 | INFO     | core.logger_manager:info:44 - Market Regime: SIDEWAYS | ADX:2.5 RSI:51.0 ATR%:0.05
2026-08-19 12:55:31 | INFO     | core.logger_manager:info:44 - Angel LIVE chain ready: 31 strikes | PCR 0.81
2026-08-19 12:55:31 | WARNING  | core.logger_manager:warning:47 - Stale data: ['Spot stale 138.0s'] - retrying fetch
2026-08-19 12:55:37 | INFO     | core.logger_manager:info:44 - Market Regime: SIDEWAYS | ADX:21.7 RSI:41.4 ATR%:0.05
2026-08-19 12:57:04 | INFO     | core.logger_manager:info:44 - Angel LIVE chain ready: 31 strikes | PCR 0.81
2026-08-19 12:57:04 | INFO     | core.logger_manager:info:44 - Market Regime: SIDEWAYS | ADX:21.7 RSI:38.9 ATR%:0.05
2026-08-19 12:58:35 | INFO     | core.logger_manager:info:44 - Angel LIVE chain ready: 31 strikes | PCR 0.8
2026-08-19 12:58:35 | INFO     | core.logger_manager:info:44 - Market Regime: SIDEWAYS | ADX:21.7 RSI:40.8 ATR%:0.05
2026-08-19 13:00:40 | WARNING  | core.logger_manager:warning:47 - Stale data: ['Chain timestamp missing/invalid'] - retrying fetch
2026-08-19 13:01:00 | WARNING  | core.logger_manager:warning:47 - NO_TRADE cycle (stale data): ['Chain timestamp missing/invalid']
2026-08-19 13:04:12 | WARNING  | core.logger_manager:warning:47 - Stale data: ['Chain timestamp missing/invalid'] - retrying fetch
2026-08-19 13:04:24 | WARNING  | core.logger_manager:warning:47 - NO_TRADE cycle (stale data): ['Chain timestamp missing/invalid']
2026-08-19 13:06:49 | INFO     | core.logger_manager:info:44 - Angel LIVE chain ready: 31 strikes | PCR 0.81
2026-08-19 13:06:49 | INFO     | core.logger_manager:info:44 - Market Regime: TRENDING | ADX:36.2 RSI:35.0 ATR%:0.05
2026-08-19 13:08:25 | WARNING  | core.logger_manager:warning:47 - Stale data: ['Spot stale 149.0s', 'Chain timestamp missing/invalid'] - retrying fetch
2026-08-19 13:08:31 | WARNING  | core.logger_manager:warning:47 - NO_TRADE cycle (stale data): ['Spot stale 155.0s', 'Chain timestamp missing/invalid']
2026-08-19 13:10:49 | WARNING  | core.logger_manager:warning:47 - Stale data: ['Spot stale 293.2s', 'Chain timestamp missing/invalid'] - retrying fetch
2026-08-19 13:11:06 | WARNING  | core.logger_manager:warning:47 - NO_TRADE cycle (stale data): ['Spot stale 309.9s', 'Chain timestamp missing/invalid']
2026-08-19 13:11:59 | INFO     | core.logger_manager:info:44 - Starting graceful shutdown...
2026-08-19 13:12:00 | INFO     | core.logger_manager:info:44 - Market data connection closed
2026-08-19 13:12:00 | INFO     | core.logger_manager:info:44 - Market engine closed
2026-08-19 13:12:00 | INFO     | core.logger_manager:info:44 - Option Chain Engine shutdown
2026-08-19 13:12:00 | INFO     | core.logger_manager:info:44 - Option engine closed
2026-08-19 13:12:00 | INFO     | core.logger_manager:info:44 - Database saved and closed
2026-08-19 13:12:04 | INFO     | core.logger_manager:info:44 - Graceful shutdown complete
2026-08-19 14:24:47 | WARNING  | core.logger_manager:warning:47 - Validator REJECT: ['rr_1.0<2.0']
2026-08-19 14:24:47 | WARNING  | core.logger_manager:warning:47 - Validator REJECT: ['rr_2.0<2.0']
2026-08-19 14:33:49 | WARNING  | core.logger_manager:warning:47 - Validator REJECT: ['rr_1.0<2.0']
2026-08-19 14:33:49 | WARNING  | core.logger_manager:warning:47 - Validator REJECT: ['rr_2.0<2.0']
2026-08-19 14:41:48 | WARNING  | core.logger_manager:warning:47 - Validator REJECT: ['rr_1.0<2.0']
2026-08-19 14:41:48 | WARNING  | core.logger_manager:warning:47 - Validator REJECT: ['rr_2.0<2.0']
2026-08-19 14:43:39 | INFO     | core.logger_manager:info:44 - BLOCKORA_TRADE v1.0 starting...
2026-08-19 14:43:55 | INFO     | core.logger_manager:info:44 - Angel One SmartAPI connected successfully
2026-08-19 14:44:15 | INFO     | core.logger_manager:info:44 - Historical data loaded: 369 candles
2026-08-19 14:44:27 | INFO     | core.logger_manager:info:44 - Option Chain Engine initialized (Multi-Source)
2026-08-19 14:44:52 | INFO     | core.logger_manager:info:44 - Telegram Bot connected
2026-08-19 14:44:52 | INFO     | core.logger_manager:info:44 - Subscription Manager started (polling)
2026-08-19 14:44:52 | INFO     | core.logger_manager:info:44 - System initialization complete
2026-08-19 14:44:52 | INFO     | core.logger_manager:info:44 - BLOCKORA_TRADE started - entering main loop
2026-08-19 14:44:52 | INFO     | core.logger_manager:info:44 - Market OPENED - Starting analysis
2026-08-19 14:46:24 | WARNING  | core.logger_manager:warning:47 - Stale data: ['Chain timestamp missing/invalid'] - retrying fetch
2026-08-19 14:46:43 | WARNING  | core.logger_manager:warning:47 - NO_TRADE cycle (stale data): ['Chain timestamp missing/invalid']
2026-08-19 14:48:22 | INFO     | core.logger_manager:info:44 - Angel LIVE chain ready: 31 strikes | PCR 0.83
2026-08-19 14:48:22 | INFO     | core.logger_manager:info:44 - Market Regime: TRENDING | ADX:28.3 RSI:48.3 ATR%:0.06
2026-08-19 14:50:00 | INFO     | core.logger_manager:info:44 - Angel LIVE chain ready: 31 strikes | PCR 0.82
2026-08-19 14:50:00 | INFO     | core.logger_manager:info:44 - Market Regime: TRENDING | ADX:28.3 RSI:48.0 ATR%:0.06
2026-08-19 14:52:00 | INFO     | core.logger_manager:info:44 - Angel LIVE chain ready: 31 strikes | PCR 0.83
2026-08-19 14:52:00 | INFO     | core.logger_manager:info:44 - Market Regime: TRENDING | ADX:27.0 RSI:52.3 ATR%:0.06
2026-08-19 14:53:56 | WARNING  | core.logger_manager:warning:47 - Stale data: ['Chain timestamp missing/invalid'] - retrying fetch
2026-08-19 14:54:10 | WARNING  | core.logger_manager:warning:47 - NO_TRADE cycle (stale data): ['Chain timestamp missing/invalid']
2026-08-19 14:55:59 | WARNING  | core.logger_manager:warning:47 - Stale data: ['Spot stale 172.0s', 'Chain timestamp missing/invalid'] - retrying fetch
2026-08-19 14:56:13 | WARNING  | core.logger_manager:warning:47 - NO_TRADE cycle (stale data): ['Spot stale 186.0s', 'Chain timestamp missing/invalid']
2026-08-19 14:57:57 | WARNING  | core.logger_manager:warning:47 - Stale data: ['Chain timestamp missing/invalid'] - retrying fetch
2026-08-19 14:57:57 | WARNING  | core.logger_manager:warning:47 - NO_TRADE cycle (stale data): ['Chain timestamp missing/invalid']
2026-08-19 14:59:43 | WARNING  | core.logger_manager:warning:47 - Stale data: ['Spot stale 131.6s', 'Chain timestamp missing/invalid'] - retrying fetch
2026-08-19 14:59:49 | WARNING  | core.logger_manager:warning:47 - NO_TRADE cycle (stale data): ['Spot stale 137.6s', 'Chain timestamp missing/invalid']
2026-08-19 15:01:55 | WARNING  | core.logger_manager:warning:47 - Stale data: ['Spot stale 263.5s', 'Chain timestamp missing/invalid'] - retrying fetch
2026-08-19 15:02:09 | WARNING  | core.logger_manager:warning:47 - NO_TRADE cycle (stale data): ['Spot stale 277.5s', 'Chain timestamp missing/invalid']
2026-08-19 15:04:10 | WARNING  | core.logger_manager:warning:47 - Stale data: ['Spot stale 398.7s', 'Chain timestamp missing/invalid'] - retrying fetch
2026-08-19 15:04:22 | WARNING  | core.logger_manager:warning:47 - NO_TRADE cycle (stale data): ['Spot stale 410.6s', 'Chain timestamp missing/invalid']
2026-08-19 15:06:09 | WARNING  | core.logger_manager:warning:47 - Stale data: ['Spot stale 517.8s', 'Chain timestamp missing/invalid'] - retrying fetch
2026-08-19 15:06:09 | WARNING  | core.logger_manager:warning:47 - NO_TRADE cycle (stale data): ['Spot stale 517.8s', 'Chain timestamp missing/invalid']
2026-08-19 15:08:02 | INFO     | core.logger_manager:info:44 - Starting graceful shutdown...
2026-08-19 15:08:08 | INFO     | core.logger_manager:info:44 - Market engine closed
2026-08-19 15:08:08 | INFO     | core.logger_manager:info:44 - Option Chain Engine shutdown
2026-08-19 15:08:08 | INFO     | core.logger_manager:info:44 - Option engine closed
2026-08-19 15:08:08 | INFO     | core.logger_manager:info:44 - Database saved and closed
2026-08-19 15:08:26 | WARNING  | core.logger_manager:warning:47 - Telegram timeout/blocked. Skipping to protect analysis loop.
2026-08-19 15:08:26 | INFO     | core.logger_manager:info:44 - Graceful shutdown complete
2026-08-19 20:08:03 | WARNING  | core.logger_manager:warning:47 - Validator REJECT: ['rr_1.0<2.0']
2026-08-19 20:08:03 | WARNING  | core.logger_manager:warning:47 - Validator REJECT: ['rr_2.0<2.0']
2026-08-19 20:11:53 | WARNING  | core.logger_manager:warning:47 - Validator REJECT: ['rr_1.0<2.0']
2026-08-19 20:11:53 | WARNING  | core.logger_manager:warning:47 - Validator REJECT: ['rr_2.0<2.0']
2026-08-19 20:22:47 | INFO     | core.logger_manager:info:44 - Option Chain Engine initialized (Multi-Source)
2026-08-19 23:42:57 | WARNING  | core.logger_manager:warning:47 - Validator REJECT: ['rr_1.0<2.0']
2026-08-19 23:42:57 | WARNING  | core.logger_manager:warning:47 - Validator REJECT: ['rr_2.0<2.0']
2026-08-19 23:50:25 | INFO     | core.logger_manager:info:44 - Option Chain Engine initialized (Multi-Source)
2026-08-20 09:49:43 | INFO     | core.logger_manager:info:44 - BLOCKORA_TRADE v1.0 starting...
2026-08-20 09:49:45 | INFO     | core.logger_manager:info:44 - Angel One SmartAPI connected successfully
2026-08-20 09:49:51 | WARNING  | core.logger_manager:warning:47 - Historical attempt 1 failed
2026-08-20 09:49:56 | INFO     | core.logger_manager:info:44 - Historical data loaded: 368 candles
2026-08-20 09:49:57 | INFO     | core.logger_manager:info:44 - Option Chain Engine initialized (Multi-Source)
2026-08-20 09:49:58 | INFO     | core.logger_manager:info:44 - Telegram Bot connected
2026-08-20 09:49:58 | INFO     | core.logger_manager:info:44 - Subscription Manager started (polling)
2026-08-20 09:49:58 | INFO     | core.logger_manager:info:44 - System initialization complete
2026-08-20 09:49:58 | INFO     | core.logger_manager:info:44 - BLOCKORA_TRADE started - entering main loop
2026-08-20 09:50:00 | INFO     | core.logger_manager:info:44 - Market OPENED - Starting analysis
2026-08-20 09:50:51 | INFO     | core.logger_manager:info:44 - Instrument master download (~30MB, once daily)...
2026-08-20 09:50:58 | INFO     | core.logger_manager:info:44 - Master downloaded: https://margincalculator.angelbroking.com/OpenAPI_File/files/OpenAPIScripMaster.json
2026-08-20 09:50:58 | INFO     | core.logger_manager:info:44 - Tokens saved: 243
2026-08-20 09:51:03 | INFO     | core.logger_manager:info:44 - Angel LIVE chain ready: 31 strikes | PCR 1.04
2026-08-20 09:51:03 | INFO     | core.logger_manager:info:44 - Market Regime: HIGH_VOLATILITY | ADX:79.4 RSI:82.1 ATR%:0.10
2026-08-20 09:51:04 | WARNING  | core.logger_manager:warning:47 - Validator REJECT: ['regime_HIGH_VOLATILITY']
2026-08-20 09:52:54 | INFO     | core.logger_manager:info:44 - Angel LIVE chain ready: 31 strikes | PCR 1.05
2026-08-20 09:52:54 | INFO     | core.logger_manager:info:44 - Market Regime: HIGH_VOLATILITY | ADX:78.4 RSI:81.7 ATR%:0.10
2026-08-20 09:52:54 | WARNING  | core.logger_manager:warning:47 - Validator REJECT: ['regime_HIGH_VOLATILITY']
2026-08-20 09:54:50 | INFO     | core.logger_manager:info:44 - Angel LIVE chain ready: 31 strikes | PCR 1.05
2026-08-20 09:54:50 | INFO     | core.logger_manager:info:44 - Market Regime: HIGH_VOLATILITY | ADX:76.9 RSI:81.1 ATR%:0.10
2026-08-20 09:54:50 | WARNING  | core.logger_manager:warning:47 - Validator REJECT: ['regime_HIGH_VOLATILITY']
2026-08-20 09:56:46 | INFO     | core.logger_manager:info:44 - Angel LIVE chain ready: 31 strikes | PCR 1.05
2026-08-20 09:56:46 | INFO     | core.logger_manager:info:44 - Market Regime: HIGH_VOLATILITY | ADX:76.9 RSI:83.3 ATR%:0.10
2026-08-20 09:56:46 | WARNING  | core.logger_manager:warning:47 - Validator REJECT: ['regime_HIGH_VOLATILITY']
2026-08-20 09:58:31 | INFO     | core.logger_manager:info:44 - Angel LIVE chain ready: 31 strikes | PCR 1.07
2026-08-20 09:58:31 | INFO     | core.logger_manager:info:44 - Market Regime: HIGH_VOLATILITY | ADX:77.1 RSI:85.9 ATR%:0.10
2026-08-20 09:58:31 | WARNING  | core.logger_manager:warning:47 - Validator REJECT: ['regime_HIGH_VOLATILITY']
2026-08-20 10:00:22 | INFO     | core.logger_manager:info:44 - Angel LIVE chain ready: 31 strikes | PCR 1.07
2026-08-20 10:00:22 | INFO     | core.logger_manager:info:44 - Market Regime: HIGH_VOLATILITY | ADX:77.1 RSI:85.4 ATR%:0.10
2026-08-20 10:00:22 | WARNING  | core.logger_manager:warning:47 - Validator REJECT: ['regime_HIGH_VOLATILITY']
2026-08-20 10:02:11 | INFO     | core.logger_manager:info:44 - Angel LIVE chain ready: 31 strikes | PCR 1.07
2026-08-20 10:02:11 | INFO     | core.logger_manager:info:44 - Market Regime: HIGH_VOLATILITY | ADX:77.1 RSI:85.7 ATR%:0.10
2026-08-20 10:02:11 | WARNING  | core.logger_manager:warning:47 - Validator REJECT: ['regime_HIGH_VOLATILITY']
2026-08-20 10:04:06 | INFO     | core.logger_manager:info:44 - Angel LIVE chain ready: 31 strikes | PCR 1.08
2026-08-20 10:04:06 | INFO     | core.logger_manager:info:44 - Market Regime: HIGH_VOLATILITY | ADX:77.1 RSI:84.7 ATR%:0.10
2026-08-20 10:04:06 | WARNING  | core.logger_manager:warning:47 - Validator REJECT: ['regime_HIGH_VOLATILITY']
2026-08-20 10:06:05 | INFO     | core.logger_manager:info:44 - Angel LIVE chain ready: 31 strikes | PCR 1.07
2026-08-20 10:06:05 | INFO     | core.logger_manager:info:44 - Market Regime: HIGH_VOLATILITY | ADX:75.1 RSI:84.6 ATR%:0.10
2026-08-20 10:06:05 | WARNING  | core.logger_manager:warning:47 - Validator REJECT: ['regime_HIGH_VOLATILITY']
2026-08-20 10:07:56 | INFO     | core.logger_manager:info:44 - Angel LIVE chain ready: 31 strikes | PCR 1.08
2026-08-20 10:07:56 | INFO     | core.logger_manager:info:44 - Market Regime: HIGH_VOLATILITY | ADX:75.1 RSI:84.9 ATR%:0.10
2026-08-20 10:07:56 | WARNING  | core.logger_manager:warning:47 - Validator REJECT: ['regime_HIGH_VOLATILITY']
2026-08-20 10:09:44 | INFO     | core.logger_manager:info:44 - Angel LIVE chain ready: 31 strikes | PCR 1.08
2026-08-20 10:09:44 | INFO     | core.logger_manager:info:44 - Market Regime: HIGH_VOLATILITY | ADX:75.1 RSI:84.9 ATR%:0.10
2026-08-20 10:09:44 | WARNING  | core.logger_manager:warning:47 - Validator REJECT: ['regime_HIGH_VOLATILITY']
2026-08-20 10:11:39 | INFO     | core.logger_manager:info:44 - Angel LIVE chain ready: 31 strikes | PCR 1.09
2026-08-20 10:11:39 | INFO     | core.logger_manager:info:44 - Market Regime: HIGH_VOLATILITY | ADX:74.8 RSI:84.9 ATR%:0.10
2026-08-20 10:11:39 | WARNING  | core.logger_manager:warning:47 - Validator REJECT: ['regime_HIGH_VOLATILITY']
2026-08-20 10:13:29 | INFO     | core.logger_manager:info:44 - Angel LIVE chain ready: 31 strikes | PCR 1.1
2026-08-20 10:13:29 | INFO     | core.logger_manager:info:44 - Market Regime: HIGH_VOLATILITY | ADX:75.2 RSI:85.3 ATR%:0.10
2026-08-20 10:13:29 | WARNING  | core.logger_manager:warning:47 - Validator REJECT: ['regime_HIGH_VOLATILITY']
2026-08-20 10:15:18 | INFO     | core.logger_manager:info:44 - Angel LIVE chain ready: 31 strikes | PCR 1.1
2026-08-20 10:15:18 | INFO     | core.logger_manager:info:44 - Market Regime: HIGH_VOLATILITY | ADX:75.2 RSI:85.3 ATR%:0.10
2026-08-20 10:15:18 | WARNING  | core.logger_manager:warning:47 - Validator REJECT: ['regime_HIGH_VOLATILITY']
2026-08-20 10:17:10 | INFO     | core.logger_manager:info:44 - Angel LIVE chain ready: 31 strikes | PCR 1.0
2026-08-20 10:17:10 | INFO     | core.logger_manager:info:44 - Market Regime: HIGH_VOLATILITY | ADX:86.9 RSI:92.5 ATR%:0.09
2026-08-20 10:17:10 | WARNING  | core.logger_manager:warning:47 - Validator REJECT: ['regime_HIGH_VOLATILITY']
2026-08-20 10:18:25 | INFO     | core.logger_manager:info:44 - Starting graceful shutdown...
2026-08-20 10:18:25 | INFO     | core.logger_manager:info:44 - Market data connection closed
2026-08-20 10:18:25 | INFO     | core.logger_manager:info:44 - Market engine closed
2026-08-20 10:18:25 | INFO     | core.logger_manager:info:44 - Option Chain Engine shutdown
2026-08-20 10:18:25 | INFO     | core.logger_manager:info:44 - Option engine closed
2026-08-20 10:18:25 | INFO     | core.logger_manager:info:44 - Database saved and closed
2026-08-20 10:18:26 | INFO     | core.logger_manager:info:44 - Graceful shutdown complete
2026-08-20 12:26:15 | WARNING  | core.logger_manager:warning:47 - Validator REJECT: ['regime_EXTREME_VOLATILITY', 'rr_1.6<2.0']
2026-08-20 12:26:15 | WARNING  | core.logger_manager:warning:47 - Validator REJECT: ['highvol_min_rr:rr_0.7<1.5', 'highvol_volume_filter:volume_history_warming', 'rr_0.7<1.5']
2026-08-20 12:26:15 | WARNING  | core.logger_manager:warning:47 - Validator REJECT: ['highvol_atm_range:strike_24450_outside_atm_2_range', 'highvol_volume_filter:vol_500000<=avg500000x1.5']
2026-08-20 12:26:15 | WARNING  | core.logger_manager:warning:47 - Validator REJECT: ['highvol_volume_filter:vol_500000<=avg500000x1.5']
2026-08-20 12:26:15 | WARNING  | core.logger_manager:warning:47 - Validator REJECT: ['highvol_oi_confirmation:oi_change_4%<10.0%', 'highvol_volume_filter:vol_500000<=avg500000x1.5']
2026-08-20 12:34:59 | WARNING  | core.logger_manager:warning:47 - Validator REJECT: ['regime_EXTREME_VOLATILITY', 'rr_1.6<2.0']
2026-08-20 12:34:59 | WARNING  | core.logger_manager:warning:47 - Validator REJECT: ['highvol_min_rr:rr_0.7<1.5', 'rr_0.7<1.5']
2026-08-20 12:34:59 | WARNING  | core.logger_manager:warning:47 - Validator REJECT: ['highvol_atm_range:strike_24450_outside_atm_2_range', 'highvol_volume_filter:vol_500000<=avg500000x1.5']
2026-08-20 12:34:59 | WARNING  | core.logger_manager:warning:47 - Validator REJECT: ['highvol_volume_filter:vol_500000<=avg500000x1.5']
2026-08-20 12:34:59 | WARNING  | core.logger_manager:warning:47 - Validator REJECT: ['highvol_oi_confirmation:oi_change_4%<10.0%', 'highvol_volume_filter:vol_500000<=avg500000x1.5']
2026-08-20 12:38:34 | WARNING  | core.logger_manager:warning:47 - Validator REJECT: ['regime_EXTREME_VOLATILITY', 'rr_1.6<2.0']
2026-08-20 12:38:34 | WARNING  | core.logger_manager:warning:47 - Validator REJECT: ['highvol_min_rr:rr_0.7<1.5', 'rr_0.7<1.5']
2026-08-20 12:38:34 | WARNING  | core.logger_manager:warning:47 - Validator REJECT: ['highvol_atm_range:strike_24450_outside_atm_2_range', 'highvol_volume_filter:vol_500000<=avg500000x1.5']
2026-08-20 12:38:34 | WARNING  | core.logger_manager:warning:47 - Validator REJECT: ['highvol_oi_confirmation:oi_change_4%<10.0%', 'highvol_volume_filter:vol_500000<=avg500000x1.5']
2026-08-20 12:39:40 | WARNING  | core.logger_manager:warning:47 - Validator REJECT: ['rr_1.0<2.0']
2026-08-20 12:39:40 | WARNING  | core.logger_manager:warning:47 - Validator REJECT: ['rr_2.0<2.0']
2026-08-20 12:39:41 | WARNING  | core.logger_manager:warning:47 - Validator REJECT: ['regime_EXTREME_VOLATILITY', 'rr_1.6<2.0']
2026-08-20 12:39:41 | WARNING  | core.logger_manager:warning:47 - Validator REJECT: ['highvol_min_rr:rr_0.7<1.5', 'highvol_volume_filter:vol_500000<=avg500000x1.5', 'rr_0.7<1.5']
2026-08-20 12:39:41 | WARNING  | core.logger_manager:warning:47 - Validator REJECT: ['highvol_atm_range:strike_24450_outside_atm_2_range', 'highvol_volume_filter:vol_500000<=avg500000x1.5']
2026-08-20 12:39:41 | WARNING  | core.logger_manager:warning:47 - Validator REJECT: ['highvol_oi_confirmation:oi_change_4%<10.0%', 'highvol_volume_filter:vol_500000<=avg500000x1.5']
2026-08-20 12:40:39 | WARNING  | core.logger_manager:warning:47 - Validator REJECT: ['regime_EXTREME_VOLATILITY', 'rr_1.2<2.0']
2026-08-20 12:40:39 | WARNING  | core.logger_manager:warning:47 - Validator REJECT: ['rr_1.2<2.0']
2026-08-20 12:41:48 | WARNING  | core.logger_manager:warning:47 - Validator REJECT: ['rr_1.0<2.0']
2026-08-20 12:41:48 | WARNING  | core.logger_manager:warning:47 - Validator REJECT: ['rr_2.0<2.0']
2026-08-20 12:41:50 | WARNING  | core.logger_manager:warning:47 - Validator REJECT: ['regime_EXTREME_VOLATILITY', 'rr_1.6<2.0']
2026-08-20 12:41:50 | WARNING  | core.logger_manager:warning:47 - Validator REJECT: ['highvol_min_rr:rr_0.7<1.5', 'highvol_volume_filter:vol_500000<=avg500000x1.5', 'rr_0.7<1.5']
2026-08-20 12:41:50 | WARNING  | core.logger_manager:warning:47 - Validator REJECT: ['highvol_atm_range:strike_24450_outside_atm_2_range', 'highvol_volume_filter:vol_500000<=avg500000x1.5']
2026-08-20 12:41:50 | WARNING  | core.logger_manager:warning:47 - Validator REJECT: ['highvol_oi_confirmation:oi_change_4%<10.0%', 'highvol_volume_filter:vol_500000<=avg500000x1.5']
2026-08-20 13:55:52 | INFO     | core.logger_manager:info:44 - BLOCKORA_TRADE v1.0 starting...
2026-08-20 13:55:53 | INFO     | core.logger_manager:info:44 - Angel One SmartAPI connected successfully
2026-08-20 13:55:59 | WARNING  | core.logger_manager:warning:47 - Historical attempt 1 failed
2026-08-20 13:56:04 | INFO     | core.logger_manager:info:44 - Historical data loaded: 369 candles
2026-08-20 13:56:05 | INFO     | core.logger_manager:info:44 - Option Chain Engine initialized (Multi-Source)
2026-08-20 13:56:06 | INFO     | core.logger_manager:info:44 - Telegram Bot connected
2026-08-20 13:56:06 | INFO     | core.logger_manager:info:44 - Subscription Manager started (polling)
2026-08-20 13:56:06 | INFO     | core.logger_manager:info:44 - System initialization complete
2026-08-20 13:56:06 | INFO     | core.logger_manager:info:44 - BLOCKORA_TRADE started - entering main loop
2026-08-20 13:56:06 | INFO     | core.logger_manager:info:44 - Market OPENED - Starting analysis
2026-08-20 13:56:59 | INFO     | core.logger_manager:info:44 - Angel LIVE chain ready: 31 strikes | PCR 1.21
2026-08-20 13:56:59 | INFO     | core.logger_manager:info:44 - Market Regime: SIDEWAYS | ADX:12.9 RSI:44.5 ATR%:0.05
2026-08-20 13:58:50 | INFO     | core.logger_manager:info:44 - Angel LIVE chain ready: 31 strikes | PCR 1.21
2026-08-20 13:58:50 | INFO     | core.logger_manager:info:44 - Market Regime: SIDEWAYS | ADX:12.9 RSI:44.5 ATR%:0.05
2026-08-20 14:00:40 | INFO     | core.logger_manager:info:44 - Angel LIVE chain ready: 31 strikes | PCR 1.21
2026-08-20 14:00:40 | INFO     | core.logger_manager:info:44 - Market Regime: SIDEWAYS | ADX:12.9 RSI:42.9 ATR%:0.05
2026-08-20 14:02:35 | INFO     | core.logger_manager:info:44 - Angel LIVE chain ready: 31 strikes | PCR 1.21
2026-08-20 14:02:35 | INFO     | core.logger_manager:info:44 - Market Regime: HIGH_VOLATILITY | ADX:79.1 RSI:34.5 ATR%:0.05
2026-08-20 14:02:35 | WARNING  | core.logger_manager:warning:47 - Validator REJECT: ['highvol_oi_confirmation:oi_change_0%<10.0%', 'highvol_option_type_zone:option_type_PE_rsi_34_out_of_zone']
2026-08-20 14:04:27 | INFO     | core.logger_manager:info:44 - Angel LIVE chain ready: 31 strikes | PCR 1.2
2026-08-20 14:04:27 | INFO     | core.logger_manager:info:44 - Market Regime: HIGH_VOLATILITY | ADX:79.1 RSI:37.9 ATR%:0.05
2026-08-20 14:04:27 | WARNING  | core.logger_manager:warning:47 - Validator REJECT: ['highvol_oi_confirmation:oi_change_0%<10.0%', 'highvol_volume_filter:vol_71360380<=avg70926895x1.5', 'highvol_direction_with_trend:counter_trend_signal', 'highvol_option_type_zone:option_type_PE_rsi_38_out_of_zone']
2026-08-20 14:06:26 | INFO     | core.logger_manager:info:44 - Angel LIVE chain ready: 31 strikes | PCR 1.2
2026-08-20 14:06:26 | INFO     | core.logger_manager:info:44 - Market Regime: HIGH_VOLATILITY | ADX:79.1 RSI:37.9 ATR%:0.05
2026-08-20 14:06:26 | WARNING  | core.logger_manager:warning:47 - Validator REJECT: ['highvol_oi_confirmation:oi_change_1%<10.0%', 'highvol_volume_filter:vol_71800755<=avg71143638x1.5', 'highvol_direction_with_trend:counter_trend_signal', 'highvol_option_type_zone:option_type_PE_rsi_38_out_of_zone']
2026-08-20 14:08:22 | INFO     | core.logger_manager:info:44 - Angel LIVE chain ready: 31 strikes | PCR 1.2
2026-08-20 14:08:22 | INFO     | core.logger_manager:info:44 - Market Regime: HIGH_VOLATILITY | ADX:76.2 RSI:37.9 ATR%:0.05
2026-08-20 14:08:22 | WARNING  | core.logger_manager:warning:47 - Validator REJECT: ['highvol_oi_confirmation:oi_change_0%<10.0%', 'highvol_volume_filter:vol_72244640<=avg71362677x1.5', 'highvol_direction_with_trend:counter_trend_signal', 'highvol_option_type_zone:option_type_PE_rsi_38_out_of_zone']
2026-08-20 14:10:11 | INFO     | core.logger_manager:info:44 - Angel LIVE chain ready: 31 strikes | PCR 1.19
2026-08-20 14:10:12 | INFO     | core.logger_manager:info:44 - Market Regime: HIGH_VOLATILITY | ADX:74.5 RSI:43.3 ATR%:0.05
2026-08-20 14:10:12 | WARNING  | core.logger_manager:warning:47 - Validator REJECT: ['highvol_oi_confirmation:oi_change_0%<10.0%', 'highvol_volume_filter:vol_72572760<=avg71583168x1.5', 'highvol_direction_with_trend:counter_trend_signal', 'highvol_option_type_zone:option_type_PE_rsi_43_out_of_zone']
2026-08-20 14:12:08 | INFO     | core.logger_manager:info:44 - Angel LIVE chain ready: 31 strikes | PCR 1.19
2026-08-20 14:12:08 | INFO     | core.logger_manager:info:44 - Market Regime: HIGH_VOLATILITY | ADX:74.0 RSI:43.4 ATR%:0.05
2026-08-20 14:12:08 | WARNING  | core.logger_manager:warning:47 - Validator REJECT: ['highvol_oi_confirmation:oi_change_0%<10.0%', 'highvol_volume_filter:vol_72878520<=avg71781086x1.5', 'highvol_direction_with_trend:counter_trend_signal', 'highvol_option_type_zone:option_type_PE_rsi_43_out_of_zone']
2026-08-20 14:14:02 | INFO     | core.logger_manager:info:44 - Angel LIVE chain ready: 31 strikes | PCR 1.19
2026-08-20 14:14:02 | INFO     | core.logger_manager:info:44 - Market Regime: HIGH_VOLATILITY | ADX:69.1 RSI:44.4 ATR%:0.05
2026-08-20 14:14:03 | WARNING  | core.logger_manager:warning:47 - Validator REJECT: ['highvol_oi_confirmation:oi_change_0%<10.0%', 'highvol_volume_filter:vol_73049470<=avg72171411x1.5', 'highvol_direction_with_trend:counter_trend_signal', 'highvol_option_type_zone:option_type_PE_rsi_44_out_of_zone']
2026-08-20 14:15:57 | INFO     | core.logger_manager:info:44 - Angel LIVE chain ready: 31 strikes | PCR 1.19
2026-08-20 14:15:57 | INFO     | core.logger_manager:info:44 - Market Regime: HIGH_VOLATILITY | ADX:63.7 RSI:40.8 ATR%:0.05
2026-08-20 14:15:57 | WARNING  | core.logger_manager:warning:47 - Validator REJECT: ['highvol_oi_confirmation:oi_change_2%<10.0%', 'highvol_volume_filter:vol_87039225<=avg72509229x1.5', 'highvol_direction_with_trend:counter_trend_signal', 'highvol_option_type_zone:option_type_CE_rsi_41_out_of_zone']
2026-08-20 14:17:48 | INFO     | core.logger_manager:info:44 - Angel LIVE chain ready: 31 strikes | PCR 1.31
2026-08-20 14:17:48 | INFO     | core.logger_manager:info:44 - Market Regime: HIGH_VOLATILITY | ADX:70.2 RSI:30.8 ATR%:0.05
2026-08-20 14:17:48 | WARNING  | core.logger_manager:warning:47 - Validator REJECT: ['highvol_oi_confirmation:oi_change_2%<10.0%', 'highvol_volume_filter:vol_74319570<=avg75556923x1.5', 'highvol_option_type_zone:option_type_PE_rsi_31_out_of_zone']
2026-08-20 14:19:34 | INFO     | core.logger_manager:info:44 - Angel LIVE chain ready: 31 strikes | PCR 1.18
2026-08-20 14:19:34 | INFO     | core.logger_manager:info:44 - Market Regime: HIGH_VOLATILITY | ADX:70.2 RSI:38.2 ATR%:0.05
2026-08-20 14:19:34 | WARNING  | core.logger_manager:warning:47 - Validator REJECT: ['highvol_oi_confirmation:oi_change_0%<10.0%', 'highvol_volume_filter:vol_74802260<=avg75971909x1.5', 'highvol_direction_with_trend:counter_trend_signal', 'highvol_option_type_zone:option_type_PE_rsi_38_out_of_zone']
2026-08-20 14:20:54 | INFO     | core.logger_manager:info:44 - Starting graceful shutdown...
2026-08-20 14:20:54 | INFO     | core.logger_manager:info:44 - Market data connection closed
2026-08-20 14:20:54 | INFO     | core.logger_manager:info:44 - Market engine closed
2026-08-20 14:20:54 | INFO     | core.logger_manager:info:44 - Option Chain Engine shutdown
2026-08-20 14:20:54 | INFO     | core.logger_manager:info:44 - Option engine closed
2026-08-20 14:20:54 | INFO     | core.logger_manager:info:44 - Database saved and closed
2026-08-20 14:20:58 | INFO     | core.logger_manager:info:44 - Graceful shutdown complete
2026-08-20 14:45:06 | INFO     | core.logger_manager:info:44 - BLOCKORA_TRADE v1.0 starting...
2026-08-20 14:45:08 | INFO     | core.logger_manager:info:44 - Angel One SmartAPI connected successfully
2026-08-20 14:45:14 | WARNING  | core.logger_manager:warning:47 - Historical attempt 1 failed
2026-08-20 14:45:19 | INFO     | core.logger_manager:info:44 - Historical data loaded: 370 candles
2026-08-20 14:45:20 | INFO     | core.logger_manager:info:44 - Option Chain Engine initialized (Multi-Source)
2026-08-20 14:45:21 | INFO     | core.logger_manager:info:44 - Telegram Bot connected
2026-08-20 14:45:21 | INFO     | core.logger_manager:info:44 - Subscription Manager started (polling)
2026-08-20 14:45:21 | INFO     | core.logger_manager:info:44 - System initialization complete
2026-08-20 14:45:21 | INFO     | core.logger_manager:info:44 - BLOCKORA_TRADE started - entering main loop
2026-08-20 14:45:22 | INFO     | core.logger_manager:info:44 - Market OPENED - Starting analysis
2026-08-20 14:46:12 | INFO     | core.logger_manager:info:44 - Angel LIVE chain ready: 31 strikes | PCR 1.19
2026-08-20 14:46:12 | INFO     | core.logger_manager:info:44 - Market Regime: TRENDING | ADX:36.0 RSI:40.5 ATR%:0.04
2026-08-20 14:48:02 | INFO     | core.logger_manager:info:44 - Angel LIVE chain ready: 31 strikes | PCR 1.19
2026-08-20 14:48:02 | INFO     | core.logger_manager:info:44 - Market Regime: TRENDING | ADX:36.0 RSI:42.2 ATR%:0.04
2026-08-20 14:49:52 | INFO     | core.logger_manager:info:44 - Angel LIVE chain ready: 31 strikes | PCR 1.18
2026-08-20 14:49:52 | INFO     | core.logger_manager:info:44 - Market Regime: TRENDING | ADX:36.0 RSI:41.2 ATR%:0.04
2026-08-20 14:50:18 | INFO     | core.logger_manager:info:44 - Starting graceful shutdown...
2026-08-20 14:50:18 | INFO     | core.logger_manager:info:44 - Market data connection closed
2026-08-20 14:50:18 | INFO     | core.logger_manager:info:44 - Market engine closed
2026-08-20 14:50:18 | INFO     | core.logger_manager:info:44 - Option Chain Engine shutdown
2026-08-20 14:50:18 | INFO     | core.logger_manager:info:44 - Option engine closed
2026-08-20 14:50:18 | INFO     | core.logger_manager:info:44 - Database saved and closed
2026-08-20 14:52:56 | INFO     | core.logger_manager:info:44 - BLOCKORA_TRADE v1.0 starting...
2026-08-20 14:52:58 | INFO     | core.logger_manager:info:44 - Angel One SmartAPI connected successfully
2026-08-20 14:53:04 | INFO     | core.logger_manager:info:44 - Historical data loaded: 369 candles
2026-08-20 14:53:04 | INFO     | core.logger_manager:info:44 - Option Chain Engine initialized (Multi-Source)
2026-08-20 14:53:05 | INFO     | core.logger_manager:info:44 - Telegram Bot connected
2026-08-20 14:53:05 | INFO     | core.logger_manager:info:44 - Subscription Manager started (polling)
2026-08-20 14:53:05 | INFO     | core.logger_manager:info:44 - System initialization complete
2026-08-20 14:53:05 | INFO     | core.logger_manager:info:44 - BLOCKORA_TRADE started - entering main loop
2026-08-20 14:53:07 | INFO     | core.logger_manager:info:44 - Market OPENED - Starting analysis
2026-08-20 14:53:59 | INFO     | core.logger_manager:info:44 - Angel LIVE chain ready: 31 strikes | PCR 1.18
2026-08-20 14:53:59 | INFO     | core.logger_manager:info:44 - Market Regime: TRENDING | ADX:33.6 RSI:34.4 ATR%:0.04
2026-08-20 14:55:47 | INFO     | core.logger_manager:info:44 - Angel LIVE chain ready: 31 strikes | PCR 1.18
2026-08-20 14:55:47 | INFO     | core.logger_manager:info:44 - Market Regime: TRENDING | ADX:33.6 RSI:35.9 ATR%:0.04
2026-08-20 14:57:41 | INFO     | core.logger_manager:info:44 - Angel LIVE chain ready: 31 strikes | PCR 1.18
2026-08-20 14:57:41 | INFO     | core.logger_manager:info:44 - Market Regime: TRENDING | ADX:30.1 RSI:37.5 ATR%:0.04
2026-08-20 14:59:31 | INFO     | core.logger_manager:info:44 - Angel LIVE chain ready: 31 strikes | PCR 1.17
2026-08-20 14:59:31 | INFO     | core.logger_manager:info:44 - Market Regime: TRENDING | ADX:30.1 RSI:36.4 ATR%:0.04
2026-08-20 15:01:26 | INFO     | core.logger_manager:info:44 - Angel LIVE chain ready: 31 strikes | PCR 1.17
2026-08-20 15:01:26 | INFO     | core.logger_manager:info:44 - Market Regime: TRENDING | ADX:30.1 RSI:34.3 ATR%:0.04
2026-08-20 15:02:16 | INFO     | core.logger_manager:info:44 - Angel One SmartAPI connected successfully
2026-08-20 15:02:22 | WARNING  | core.logger_manager:warning:47 - Historical attempt 1 failed
2026-08-20 15:02:27 | WARNING  | core.logger_manager:warning:47 - Historical attempt 2 failed
2026-08-20 15:02:32 | INFO     | core.logger_manager:info:44 - Historical data loaded: 369 candles
2026-08-20 15:02:37 | INFO     | core.logger_manager:info:44 - Market data connection closed
2026-08-20 15:03:19 | INFO     | core.logger_manager:info:44 - Angel LIVE chain ready: 31 strikes | PCR 1.16
2026-08-20 15:03:19 | INFO     | core.logger_manager:info:44 - Market Regime: TRENDING | ADX:30.1 RSI:31.1 ATR%:0.04
2026-08-20 15:05:16 | INFO     | core.logger_manager:info:44 - Angel LIVE chain ready: 31 strikes | PCR 1.16
2026-08-20 15:05:16 | INFO     | core.logger_manager:info:44 - Market Regime: TRENDING | ADX:33.7 RSI:36.5 ATR%:0.04
2026-08-20 15:07:08 | INFO     | core.logger_manager:info:44 - Angel One SmartAPI connected successfully
2026-08-20 15:07:10 | INFO     | core.logger_manager:info:44 - Angel LIVE chain ready: 31 strikes | PCR 1.28
2026-08-20 15:07:10 | INFO     | core.logger_manager:info:44 - Market Regime: TRENDING | ADX:38.4 RSI:31.2 ATR%:0.04
2026-08-20 15:07:15 | INFO     | core.logger_manager:info:44 - Historical data loaded: 369 candles
2026-08-20 15:07:20 | INFO     | core.logger_manager:info:44 - Market data connection closed
2026-08-20 15:09:02 | INFO     | core.logger_manager:info:44 - Angel LIVE chain ready: 31 strikes | PCR 1.27
2026-08-20 15:09:02 | INFO     | core.logger_manager:info:44 - Market Regime: TRENDING | ADX:42.1 RSI:29.2 ATR%:0.04
2026-08-20 15:10:56 | INFO     | core.logger_manager:info:44 - Angel LIVE chain ready: 31 strikes | PCR 1.26
2026-08-20 15:10:56 | INFO     | core.logger_manager:info:44 - Market Regime: TRENDING | ADX:43.3 RSI:28.5 ATR%:0.04
2026-08-20 15:12:50 | INFO     | core.logger_manager:info:44 - Angel LIVE chain ready: 31 strikes | PCR 1.25
2026-08-20 15:12:50 | INFO     | core.logger_manager:info:44 - Market Regime: TRENDING | ADX:42.6 RSI:28.1 ATR%:0.05
2026-08-20 15:14:40 | INFO     | core.logger_manager:info:44 - Angel LIVE chain ready: 31 strikes | PCR 1.24
2026-08-20 15:14:40 | INFO     | core.logger_manager:info:44 - Market Regime: TRENDING | ADX:42.6 RSI:36.3 ATR%:0.05
2026-08-20 15:16:35 | INFO     | core.logger_manager:info:44 - Angel LIVE chain ready: 31 strikes | PCR 1.24
2026-08-20 15:16:35 | INFO     | core.logger_manager:info:44 - Market Regime: TRENDING | ADX:43.6 RSI:29.3 ATR%:0.05
2026-08-20 15:18:25 | INFO     | core.logger_manager:info:44 - Angel LIVE chain ready: 31 strikes | PCR 1.24
2026-08-20 15:18:25 | INFO     | core.logger_manager:info:44 - Market Regime: TRENDING | ADX:43.6 RSI:28.9 ATR%:0.05
2026-08-20 15:19:25 | INFO     | core.logger_manager:info:44 - Starting graceful shutdown...
2026-08-20 15:19:25 | INFO     | core.logger_manager:info:44 - Market data connection closed
2026-08-20 15:19:25 | INFO     | core.logger_manager:info:44 - Market engine closed
2026-08-20 15:19:25 | INFO     | core.logger_manager:info:44 - Option Chain Engine shutdown
2026-08-20 15:19:25 | INFO     | core.logger_manager:info:44 - Option engine closed
2026-08-20 15:19:25 | INFO     | core.logger_manager:info:44 - Database saved and closed
2026-08-20 15:19:30 | INFO     | core.logger_manager:info:44 - Graceful shutdown complete
2026-08-20 15:22:52 | INFO     | core.logger_manager:info:44 - Angel One SmartAPI connected successfully
2026-08-20 15:22:58 | INFO     | core.logger_manager:info:44 - Historical data loaded: 369 candles
2026-08-20 15:23:03 | INFO     | core.logger_manager:info:44 - Market data connection closed
2026-08-20 17:30:43 | WARNING  | core.logger_manager:warning:47 - Validator REJECT: ['rr_1.0<2.0']
2026-08-20 17:30:43 | WARNING  | core.logger_manager:warning:47 - Validator REJECT: ['rr_2.0<2.0']
2026-08-20 17:30:45 | WARNING  | core.logger_manager:warning:47 - Validator REJECT: ['regime_EXTREME_VOLATILITY', 'rr_1.6<2.0']
2026-08-20 17:30:45 | WARNING  | core.logger_manager:warning:47 - Validator REJECT: ['highvol_min_rr:rr_0.7<1.5', 'highvol_volume_filter:vol_500000<=avg500000x1.5', 'rr_0.7<1.5']
2026-08-20 17:30:45 | WARNING  | core.logger_manager:warning:47 - Validator REJECT: ['highvol_atm_range:strike_24450_outside_atm_2_range', 'highvol_volume_filter:vol_500000<=avg500000x1.5']
2026-08-20 17:30:45 | WARNING  | core.logger_manager:warning:47 - Validator REJECT: ['highvol_oi_confirmation:oi_change_4%<10.0%', 'highvol_volume_filter:vol_500000<=avg500000x1.5']
2026-08-20 17:38:04 | WARNING  | core.logger_manager:warning:47 - Validator REJECT: ['rr_1.0<2.0']
2026-08-20 17:38:04 | WARNING  | core.logger_manager:warning:47 - Validator REJECT: ['rr_2.0<2.0']
2026-08-20 17:38:06 | WARNING  | core.logger_manager:warning:47 - Validator REJECT: ['regime_EXTREME_VOLATILITY', 'rr_1.6<2.0']
2026-08-20 17:38:06 | WARNING  | core.logger_manager:warning:47 - Validator REJECT: ['highvol_min_rr:rr_0.7<1.5', 'highvol_volume_filter:vol_500000<=avg500000x1.5', 'rr_0.7<1.5']
2026-08-20 17:38:06 | WARNING  | core.logger_manager:warning:47 - Validator REJECT: ['highvol_atm_range:strike_24450_outside_atm_2_range', 'highvol_volume_filter:vol_500000<=avg500000x1.5']
2026-08-20 17:38:06 | WARNING  | core.logger_manager:warning:47 - Validator REJECT: ['highvol_oi_confirmation:oi_change_4%<10.0%', 'highvol_volume_filter:vol_500000<=avg500000x1.5']
2026-08-20 17:39:25 | INFO     | core.logger_manager:info:44 - BLOCKORA_TRADE v1.0 starting...
2026-08-20 17:39:26 | INFO     | core.logger_manager:info:44 - Angel One SmartAPI connected successfully
2026-08-20 17:39:33 | INFO     | core.logger_manager:info:44 - Historical data loaded: 369 candles
2026-08-20 17:39:33 | INFO     | core.logger_manager:info:44 - Option Chain Engine initialized (Multi-Source)
2026-08-20 17:39:34 | INFO     | core.logger_manager:info:44 - Telegram Bot connected
2026-08-20 17:39:34 | INFO     | core.logger_manager:info:44 - Subscription Manager started (polling)
2026-08-20 17:39:34 | INFO     | core.logger_manager:info:44 - System initialization complete
2026-08-20 17:39:34 | INFO     | core.logger_manager:info:44 - BLOCKORA_TRADE started - entering main loop
2026-08-20 17:40:54 | INFO     | core.logger_manager:info:44 - Starting graceful shutdown...
2026-08-20 17:40:54 | INFO     | core.logger_manager:info:44 - Market data connection closed
2026-08-20 17:40:54 | INFO     | core.logger_manager:info:44 - Market engine closed
2026-08-20 17:40:54 | INFO     | core.logger_manager:info:44 - Option Chain Engine shutdown
2026-08-20 17:40:54 | INFO     | core.logger_manager:info:44 - Option engine closed
2026-08-20 17:40:54 | INFO     | core.logger_manager:info:44 - Database saved and closed
2026-08-20 17:40:58 | INFO     | core.logger_manager:info:44 - Graceful shutdown complete
2026-08-20 17:45:54 | WARNING  | core.logger_manager:warning:47 - Validator REJECT: ['rr_1.0<2.0']
2026-08-20 17:45:54 | WARNING  | core.logger_manager:warning:47 - Validator REJECT: ['rr_2.0<2.0']
2026-08-20 17:45:56 | WARNING  | core.logger_manager:warning:47 - Validator REJECT: ['regime_EXTREME_VOLATILITY', 'rr_1.6<2.0']
2026-08-20 17:45:56 | WARNING  | core.logger_manager:warning:47 - Validator REJECT: ['highvol_min_rr:rr_0.7<1.5', 'highvol_volume_filter:vol_500000<=avg500000x1.5', 'rr_0.7<1.5']
2026-08-20 17:45:56 | WARNING  | core.logger_manager:warning:47 - Validator REJECT: ['highvol_atm_range:strike_24450_outside_atm_2_range', 'highvol_volume_filter:vol_500000<=avg500000x1.5']
2026-08-20 17:45:56 | WARNING  | core.logger_manager:warning:47 - Validator REJECT: ['highvol_oi_confirmation:oi_change_4%<10.0%', 'highvol_volume_filter:vol_500000<=avg500000x1.5']
2026-08-21 02:02:17 | WARNING  | core.logger_manager:warning:47 - Validator REJECT: ['rr_1.0<2.0']
2026-08-21 02:02:17 | WARNING  | core.logger_manager:warning:47 - Validator REJECT: ['rr_2.0<2.0']
2026-08-21 02:02:18 | WARNING  | core.logger_manager:warning:47 - Validator REJECT: ['regime_EXTREME_VOLATILITY', 'rr_1.6<2.0']
2026-08-21 02:02:19 | WARNING  | core.logger_manager:warning:47 - Validator REJECT: ['highvol_min_rr:rr_0.7<1.5', 'highvol_volume_filter:vol_500000<=avg500000x1.5', 'rr_0.7<1.5']
2026-08-21 02:02:19 | WARNING  | core.logger_manager:warning:47 - Validator REJECT: ['highvol_atm_range:strike_24450_outside_atm_2_range', 'highvol_volume_filter:vol_500000<=avg500000x1.5']
2026-08-21 02:02:19 | WARNING  | core.logger_manager:warning:47 - Validator REJECT: ['highvol_oi_confirmation:oi_change_4%<10.0%', 'highvol_volume_filter:vol_500000<=avg500000x1.5']
2026-08-21 02:03:11 | INFO     | core.logger_manager:info:44 - BLOCKORA_TRADE v1.0 starting...
2026-08-21 02:03:12 | INFO     | core.logger_manager:info:44 - Angel One SmartAPI connected successfully
2026-08-21 02:03:18 | INFO     | core.logger_manager:info:44 - Historical data loaded: 367 candles
2026-08-21 02:03:19 | INFO     | core.logger_manager:info:44 - Option Chain Engine initialized (Multi-Source)
2026-08-21 02:03:20 | INFO     | core.logger_manager:info:44 - Telegram Bot connected
2026-08-21 02:03:24 | INFO     | core.logger_manager:info:44 - JugaadIVFetcher expiry auto-set: 25-Aug-2026
2026-08-21 02:03:24 | INFO     | core.logger_manager:info:44 - Subscription Manager started (polling)
2026-08-21 02:03:24 | INFO     | core.logger_manager:info:44 - System initialization complete
2026-08-21 02:03:24 | INFO     | core.logger_manager:info:44 - BLOCKORA_TRADE started - entering main loop
2026-08-21 02:04:14 | INFO     | core.logger_manager:info:44 - Starting graceful shutdown...
2026-08-21 02:04:14 | INFO     | core.logger_manager:info:44 - Market data connection closed
2026-08-21 02:04:14 | INFO     | core.logger_manager:info:44 - Market engine closed
2026-08-21 02:04:14 | INFO     | core.logger_manager:info:44 - Option Chain Engine shutdown
2026-08-21 02:04:14 | INFO     | core.logger_manager:info:44 - Option engine closed
2026-08-21 02:04:14 | INFO     | core.logger_manager:info:44 - Database saved and closed
2026-08-21 02:04:15 | INFO     | core.logger_manager:info:44 - Graceful shutdown complete
2026-08-21 02:08:11 | WARNING  | core.logger_manager:warning:47 - Validator REJECT: ['rr_1.0<2.0']
2026-08-21 02:08:11 | WARNING  | core.logger_manager:warning:47 - Validator REJECT: ['rr_2.0<2.0']
2026-08-21 02:08:13 | WARNING  | core.logger_manager:warning:47 - Validator REJECT: ['regime_EXTREME_VOLATILITY', 'rr_1.6<2.0']
2026-08-21 02:08:13 | WARNING  | core.logger_manager:warning:47 - Validator REJECT: ['highvol_min_rr:rr_0.7<1.5', 'highvol_volume_filter:vol_500000<=avg500000x1.5', 'rr_0.7<1.5']
2026-08-21 02:08:13 | WARNING  | core.logger_manager:warning:47 - Validator REJECT: ['highvol_atm_range:strike_24450_outside_atm_2_range', 'highvol_volume_filter:vol_500000<=avg500000x1.5']
2026-08-21 02:08:13 | WARNING  | core.logger_manager:warning:47 - Validator REJECT: ['highvol_oi_confirmation:oi_change_4%<10.0%', 'highvol_volume_filter:vol_500000<=avg500000x1.5']
2026-08-21 09:07:41 | INFO     | core.logger_manager:info:44 - BLOCKORA_TRADE v1.0 starting...
2026-08-21 09:07:42 | INFO     | core.logger_manager:info:44 - Angel One SmartAPI connected successfully
2026-08-21 09:07:49 | INFO     | core.logger_manager:info:44 - Historical data loaded: 367 candles
2026-08-21 09:07:49 | INFO     | core.logger_manager:info:44 - Option Chain Engine initialized (Multi-Source)
2026-08-21 09:07:50 | INFO     | core.logger_manager:info:44 - Telegram Bot connected
2026-08-21 09:07:53 | INFO     | core.logger_manager:info:44 - JugaadIVFetcher expiry auto-set: 25-Aug-2026
2026-08-21 09:07:53 | INFO     | core.logger_manager:info:44 - Subscription Manager started (polling)
2026-08-21 09:07:53 | INFO     | core.logger_manager:info:44 - System initialization complete
2026-08-21 09:07:53 | INFO     | core.logger_manager:info:44 - BLOCKORA_TRADE started - entering main loop
2026-08-21 09:10:53 | INFO     | core.logger_manager:info:44 - Starting graceful shutdown...
2026-08-21 09:10:54 | INFO     | core.logger_manager:info:44 - Market data connection closed
2026-08-21 09:10:54 | INFO     | core.logger_manager:info:44 - Market engine closed
2026-08-21 09:10:54 | INFO     | core.logger_manager:info:44 - Option Chain Engine shutdown
2026-08-21 09:10:54 | INFO     | core.logger_manager:info:44 - Option engine closed
2026-08-21 09:10:54 | INFO     | core.logger_manager:info:44 - Database saved and closed
2026-08-21 09:10:54 | INFO     | core.logger_manager:info:44 - Graceful shutdown complete
2026-08-21 09:18:22 | INFO     | core.logger_manager:info:44 - BLOCKORA_TRADE v1.0 starting...
2026-08-21 09:18:23 | INFO     | core.logger_manager:info:44 - Angel One SmartAPI connected successfully
2026-08-21 09:18:29 | WARNING  | core.logger_manager:warning:47 - Historical attempt 1 failed
2026-08-21 09:18:35 | INFO     | core.logger_manager:info:44 - Historical data loaded: 367 candles
2026-08-21 09:18:36 | INFO     | core.logger_manager:info:44 - Option Chain Engine initialized (Multi-Source)
2026-08-21 09:18:36 | INFO     | core.logger_manager:info:44 - Telegram Bot connected
2026-08-21 09:18:39 | INFO     | core.logger_manager:info:44 - JugaadIVFetcher expiry auto-set: 25-Aug-2026
2026-08-21 09:18:39 | INFO     | core.logger_manager:info:44 - Subscription Manager started (polling)
2026-08-21 09:18:39 | INFO     | core.logger_manager:info:44 - System initialization complete
2026-08-21 09:18:39 | INFO     | core.logger_manager:info:44 - BLOCKORA_TRADE started - entering main loop
2026-08-21 09:18:40 | INFO     | core.logger_manager:info:44 - Market OPENED - Starting analysis
2026-08-21 09:19:29 | INFO     | core.logger_manager:info:44 - Instrument master download (~30MB, once daily)...
2026-08-21 09:22:03 | WARNING  | core.logger_manager:warning:47 - Token load failed (fallback active): All URLs failed. Last: ''
2026-08-21 09:22:03 | WARNING  | core.logger_manager:warning:47 - Stale data: ['Spot stale 201.5s', 'Chain timestamp missing/invalid'] - retrying fetch
2026-08-21 09:22:07 | WARNING  | core.logger_manager:warning:47 - NO_TRADE cycle (stale data): ['Chain timestamp missing/invalid']
2026-08-21 09:24:07 | INFO     | core.logger_manager:info:44 - Expiry changed:  → 25AUG2026, refreshing tokens
2026-08-21 09:24:07 | INFO     | core.logger_manager:info:44 - Instrument master download (~30MB, once daily)...
2026-08-21 09:27:04 | WARNING  | core.logger_manager:warning:47 - Token load failed (fallback active): All URLs failed. Last: ''
2026-08-21 09:27:04 | WARNING  | core.logger_manager:warning:47 - Stale data: ['Spot stale 237.4s', 'Chain timestamp missing/invalid'] - retrying fetch
2026-08-21 09:27:09 | WARNING  | core.logger_manager:warning:47 - NO_TRADE cycle (stale data): ['Chain timestamp missing/invalid']
2026-08-21 09:27:18 | INFO     | core.logger_manager:info:44 - Starting graceful shutdown...
2026-08-21 09:27:18 | INFO     | core.logger_manager:info:44 - Market data connection closed
2026-08-21 09:27:18 | INFO     | core.logger_manager:info:44 - Market engine closed
2026-08-21 09:27:18 | INFO     | core.logger_manager:info:44 - Option Chain Engine shutdown
2026-08-21 09:27:18 | INFO     | core.logger_manager:info:44 - Option engine closed
2026-08-21 09:27:18 | INFO     | core.logger_manager:info:44 - Database saved and closed
2026-08-21 09:27:19 | INFO     | core.logger_manager:info:44 - Graceful shutdown complete
2026-08-21 10:56:11 | INFO     | core.logger_manager:info:44 - BLOCKORA_TRADE v1.0 starting...
2026-08-21 10:56:27 | WARNING  | core.logger_manager:warning:47 - Login attempt 0/3 failed: ('Connection aborted.', ConnectionResetError(104, 'Connection reset by peer'))
2026-08-21 10:56:37 | INFO     | core.logger_manager:info:44 - Angel One SmartAPI connected successfully
2026-08-21 10:56:44 | WARNING  | core.logger_manager:warning:47 - Historical attempt 1 failed
2026-08-21 10:56:50 | INFO     | core.logger_manager:info:44 - Historical data loaded: 368 candles
2026-08-21 10:56:53 | INFO     | core.logger_manager:info:44 - Option Chain Engine initialized (Multi-Source)
2026-08-21 10:56:55 | INFO     | core.logger_manager:info:44 - Telegram Bot connected
2026-08-21 10:57:04 | INFO     | core.logger_manager:info:44 - JugaadIVFetcher expiry auto-set: 25-Aug-2026
2026-08-21 10:57:04 | INFO     | core.logger_manager:info:44 - Subscription Manager started (polling)
2026-08-21 10:57:04 | INFO     | core.logger_manager:info:44 - System initialization complete
2026-08-21 10:57:04 | INFO     | core.logger_manager:info:44 - BLOCKORA_TRADE started - entering main loop
2026-08-21 10:57:05 | INFO     | core.logger_manager:info:44 - Market OPENED - Starting analysis
2026-08-21 10:58:30 | INFO     | core.logger_manager:info:44 - Instrument master download (~30MB, once daily)...
2026-08-21 11:03:06 | WARNING  | core.logger_manager:warning:47 - Token load failed (fallback active): All URLs failed. Last: ''
2026-08-21 11:03:06 | WARNING  | core.logger_manager:warning:47 - Stale data: ['Spot stale 347.6s', 'Chain timestamp missing/invalid'] - retrying fetch
2026-08-21 11:03:24 | WARNING  | core.logger_manager:warning:47 - NO_TRADE cycle (stale data): ['Chain timestamp missing/invalid']
2026-08-21 11:05:31 | INFO     | core.logger_manager:info:44 - Expiry changed:  → 25AUG2026, refreshing tokens
2026-08-21 11:05:31 | INFO     | core.logger_manager:info:44 - Instrument master download (~30MB, once daily)...
2026-08-21 11:08:36 | WARNING  | core.logger_manager:warning:47 - Token load failed (fallback active): All URLs failed. Last: ''
2026-08-21 11:08:36 | WARNING  | core.logger_manager:warning:47 - Stale data: ['Spot stale 312.9s', 'Chain timestamp missing/invalid'] - retrying fetch
2026-08-21 11:08:43 | WARNING  | core.logger_manager:warning:47 - NO_TRADE cycle (stale data): ['Chain timestamp missing/invalid']
2026-08-21 11:10:35 | INFO     | core.logger_manager:info:44 - Expiry changed:  → 25AUG2026, refreshing tokens
2026-08-21 11:10:35 | INFO     | core.logger_manager:info:44 - Instrument master download (~30MB, once daily)...
2026-08-21 11:12:50 | WARNING  | core.logger_manager:warning:47 - Token load failed (fallback active): All URLs failed. Last: ''
2026-08-21 11:12:50 | WARNING  | core.logger_manager:warning:47 - Stale data: ['Spot stale 186.9s', 'Chain timestamp missing/invalid'] - retrying fetch
2026-08-21 11:12:55 | WARNING  | core.logger_manager:warning:47 - NO_TRADE cycle (stale data): ['Chain timestamp missing/invalid']
2026-08-21 11:14:21 | INFO     | core.logger_manager:info:44 - BLOCKORA_TRADE v1.0 starting...
2026-08-21 11:14:25 | INFO     | core.logger_manager:info:44 - Angel One SmartAPI connected successfully
2026-08-21 11:14:35 | INFO     | core.logger_manager:info:44 - Historical data loaded: 368 candles
2026-08-21 11:14:38 | INFO     | core.logger_manager:info:44 - Option Chain Engine initialized (Multi-Source)
2026-08-21 11:14:42 | INFO     | core.logger_manager:info:44 - Telegram Bot connected
2026-08-21 11:14:52 | INFO     | core.logger_manager:info:44 - JugaadIVFetcher expiry auto-set: 25-Aug-2026
2026-08-21 11:14:52 | INFO     | core.logger_manager:info:44 - Subscription Manager started (polling)
2026-08-21 11:14:52 | INFO     | core.logger_manager:info:44 - System initialization complete
2026-08-21 11:14:52 | INFO     | core.logger_manager:info:44 - BLOCKORA_TRADE started - entering main loop
2026-08-21 11:14:53 | INFO     | core.logger_manager:info:44 - Market OPENED - Starting analysis
2026-08-21 11:14:59 | INFO     | core.logger_manager:info:44 - Expiry changed:  → 25AUG2026, refreshing tokens
2026-08-21 11:14:59 | INFO     | core.logger_manager:info:44 - Instrument master download (~30MB, once daily)...
2026-08-21 11:16:04 | INFO     | core.logger_manager:info:44 - Instrument master download (~30MB, once daily)...
2026-08-21 11:17:55 | WARNING  | core.logger_manager:warning:47 - Token load failed (fallback active): All URLs failed. Last: ''
2026-08-21 11:17:55 | WARNING  | core.logger_manager:warning:47 - Stale data: ['Spot stale 232.7s', 'Chain timestamp missing/invalid'] - retrying fetch
2026-08-21 11:18:01 | WARNING  | core.logger_manager:warning:47 - NO_TRADE cycle (stale data): ['Chain timestamp missing/invalid']
2026-08-21 11:18:41 | WARNING  | core.logger_manager:warning:47 - Token load failed (fallback active): All URLs failed. Last: ''
2026-08-21 11:18:41 | WARNING  | core.logger_manager:warning:47 - Stale data: ['Spot stale 224.4s', 'Chain timestamp missing/invalid'] - retrying fetch
2026-08-21 11:18:51 | WARNING  | core.logger_manager:warning:47 - NO_TRADE cycle (stale data): ['Chain timestamp missing/invalid']
2026-08-21 11:19:58 | INFO     | core.logger_manager:info:44 - Expiry changed:  → 25AUG2026, refreshing tokens
2026-08-21 11:19:58 | INFO     | core.logger_manager:info:44 - Instrument master download (~30MB, once daily)...
2026-08-21 11:20:46 | INFO     | core.logger_manager:info:44 - Expiry changed:  → 25AUG2026, refreshing tokens
2026-08-21 11:20:46 | INFO     | core.logger_manager:info:44 - Instrument master download (~30MB, once daily)...
2026-08-21 11:22:21 | WARNING  | core.logger_manager:warning:47 - Token load failed (fallback active): All URLs failed. Last: ''
2026-08-21 11:22:21 | WARNING  | core.logger_manager:warning:47 - Stale data: ['Spot stale 194.7s', 'Chain timestamp missing/invalid'] - retrying fetch
2026-08-21 11:22:25 | WARNING  | core.logger_manager:warning:47 - NO_TRADE cycle (stale data): ['Chain timestamp missing/invalid']
2026-08-21 11:23:17 | WARNING  | core.logger_manager:warning:47 - Token load failed (fallback active): All URLs failed. Last: ''
2026-08-21 11:23:17 | WARNING  | core.logger_manager:warning:47 - Stale data: ['Spot stale 205.7s', 'Chain timestamp missing/invalid'] - retrying fetch
2026-08-21 11:23:22 | WARNING  | core.logger_manager:warning:47 - NO_TRADE cycle (stale data): ['Chain timestamp missing/invalid']
2026-08-21 11:24:23 | INFO     | core.logger_manager:info:44 - Expiry changed:  → 25AUG2026, refreshing tokens
2026-08-21 11:24:23 | INFO     | core.logger_manager:info:44 - Instrument master download (~30MB, once daily)...
2026-08-21 11:25:15 | INFO     | core.logger_manager:info:44 - Expiry changed:  → 25AUG2026, refreshing tokens
2026-08-21 11:25:15 | INFO     | core.logger_manager:info:44 - Instrument master download (~30MB, once daily)...
2026-08-21 11:27:11 | WARNING  | core.logger_manager:warning:47 - Token load failed (fallback active): All URLs failed. Last: ''
2026-08-21 11:27:11 | WARNING  | core.logger_manager:warning:47 - Stale data: ['Spot stale 219.4s', 'Chain timestamp missing/invalid'] - retrying fetch
2026-08-21 11:27:16 | WARNING  | core.logger_manager:warning:47 - NO_TRADE cycle (stale data): ['Chain timestamp missing/invalid']
2026-08-21 11:29:25 | INFO     | core.logger_manager:info:44 - Expiry changed:  → 25AUG2026, refreshing tokens
2026-08-21 11:29:25 | INFO     | core.logger_manager:info:44 - Instrument master download (~30MB, once daily)...
2026-08-21 11:29:31 | WARNING  | core.logger_manager:warning:47 - Token load failed (fallback active): All URLs failed. Last: ''
2026-08-21 11:29:31 | WARNING  | core.logger_manager:warning:47 - Stale data: ['Spot stale 308.0s', 'Chain timestamp missing/invalid'] - retrying fetch
2026-08-21 11:29:37 | WARNING  | core.logger_manager:warning:47 - NO_TRADE cycle (stale data): ['Chain timestamp missing/invalid']
2026-08-21 11:31:41 | INFO     | core.logger_manager:info:44 - Expiry changed:  → 25AUG2026, refreshing tokens
2026-08-21 11:31:41 | INFO     | core.logger_manager:info:44 - Instrument master download (~30MB, once daily)...
2026-08-21 11:32:24 | WARNING  | core.logger_manager:warning:47 - Token load failed (fallback active): All URLs failed. Last: ''
2026-08-21 11:32:24 | WARNING  | core.logger_manager:warning:47 - Stale data: ['Spot stale 243.1s', 'Chain timestamp missing/invalid'] - retrying fetch
2026-08-21 11:32:30 | WARNING  | core.logger_manager:warning:47 - NO_TRADE cycle (stale data): ['Chain timestamp missing/invalid']
2026-08-21 11:34:22 | WARNING  | core.logger_manager:warning:47 - Token load failed (fallback active): All URLs failed. Last: ''
2026-08-21 11:34:22 | WARNING  | core.logger_manager:warning:47 - Stale data: ['Spot stale 216.4s', 'Chain timestamp missing/invalid'] - retrying fetch
2026-08-21 11:34:23 | WARNING  | core.logger_manager:warning:47 - NO_TRADE cycle (stale data): ['Chain timestamp missing/invalid']
2026-08-21 11:34:28 | INFO     | core.logger_manager:info:44 - Expiry changed:  → 25AUG2026, refreshing tokens
2026-08-21 11:34:28 | INFO     | core.logger_manager:info:44 - Instrument master download (~30MB, once daily)...
2026-08-21 11:36:21 | INFO     | core.logger_manager:info:44 - Expiry changed:  → 25AUG2026, refreshing tokens
2026-08-21 11:36:21 | INFO     | core.logger_manager:info:44 - Instrument master download (~30MB, once daily)...
2026-08-21 11:38:06 | WARNING  | core.logger_manager:warning:47 - Token load failed (fallback active): All URLs failed. Last: ''
2026-08-21 11:38:06 | WARNING  | core.logger_manager:warning:47 - Stale data: ['Spot stale 271.9s', 'Chain timestamp missing/invalid'] - retrying fetch
2026-08-21 11:38:12 | WARNING  | core.logger_manager:warning:47 - NO_TRADE cycle (stale data): ['Chain timestamp missing/invalid']
2026-08-21 11:39:04 | INFO     | core.logger_manager:info:44 - BLOCKORA_TRADE v1.0 starting...
2026-08-21 11:39:10 | INFO     | core.logger_manager:info:44 - Angel One SmartAPI connected successfully
2026-08-21 11:39:17 | INFO     | core.logger_manager:info:44 - Historical data loaded: 368 candles
2026-08-21 11:39:20 | INFO     | core.logger_manager:info:44 - Option Chain Engine initialized (Multi-Source)
2026-08-21 11:39:21 | WARNING  | core.logger_manager:warning:47 - Token load failed (fallback active): All URLs failed. Last: ''
2026-08-21 11:39:21 | WARNING  | core.logger_manager:warning:47 - Stale data: ['Spot stale 229.3s', 'Chain timestamp missing/invalid'] - retrying fetch
2026-08-21 11:39:22 | INFO     | core.logger_manager:info:44 - Telegram Bot connected
2026-08-21 11:39:22 | WARNING  | core.logger_manager:warning:47 - NO_TRADE cycle (stale data): ['Chain timestamp missing/invalid']
2026-08-21 11:39:29 | INFO     | core.logger_manager:info:44 - JugaadIVFetcher expiry auto-set: 25-Aug-2026
2026-08-21 11:39:29 | INFO     | core.logger_manager:info:44 - Subscription Manager started (polling)
2026-08-21 11:39:29 | INFO     | core.logger_manager:info:44 - System initialization complete
2026-08-21 11:39:29 | INFO     | core.logger_manager:info:44 - BLOCKORA_TRADE started - entering main loop
2026-08-21 11:39:31 | INFO     | core.logger_manager:info:44 - Market OPENED - Starting analysis
2026-08-21 11:40:17 | INFO     | core.logger_manager:info:44 - Expiry changed:  → 25AUG2026, refreshing tokens
2026-08-21 11:40:17 | INFO     | core.logger_manager:info:44 - Instrument master download (~30MB, once daily)...
2026-08-21 11:40:36 | INFO     | core.logger_manager:info:44 - Instrument master download (~30MB, once daily)...
2026-08-21 11:41:42 | INFO     | core.logger_manager:info:44 - Expiry changed:  → 25AUG2026, refreshing tokens
2026-08-21 11:41:42 | INFO     | core.logger_manager:info:44 - Instrument master download (~30MB, once daily)...
2026-08-21 11:42:36 | WARNING  | core.logger_manager:warning:47 - Token load failed (fallback active): All URLs failed. Last: ''
2026-08-21 11:42:36 | WARNING  | core.logger_manager:warning:47 - Stale data: ['Spot stale 198.9s', 'Chain timestamp missing/invalid'] - retrying fetch
2026-08-21 11:42:41 | WARNING  | core.logger_manager:warning:47 - NO_TRADE cycle (stale data): ['Chain timestamp missing/invalid']
2026-08-21 11:44:09 | WARNING  | core.logger_manager:warning:47 - Token load failed (fallback active): All URLs failed. Last: ''
2026-08-21 11:44:09 | WARNING  | core.logger_manager:warning:47 - Stale data: ['Spot stale 219.4s', 'Chain timestamp missing/invalid'] - retrying fetch
2026-08-21 11:44:10 | WARNING  | core.logger_manager:warning:47 - NO_TRADE cycle (stale data): ['Chain timestamp missing/invalid']
2026-08-21 11:44:14 | WARNING  | core.logger_manager:warning:47 - Token load failed (fallback active): All URLs failed. Last: ''
2026-08-21 11:44:14 | WARNING  | core.logger_manager:warning:47 - Stale data: ['Spot stale 274.0s', 'Chain timestamp missing/invalid'] - retrying fetch
2026-08-21 11:44:27 | WARNING  | core.logger_manager:warning:47 - NO_TRADE cycle (stale data): ['Chain timestamp missing/invalid']
2026-08-21 11:44:37 | INFO     | core.logger_manager:info:44 - Expiry changed:  → 25AUG2026, refreshing tokens
2026-08-21 11:44:37 | INFO     | core.logger_manager:info:44 - Instrument master download (~30MB, once daily)...
2026-08-21 11:46:15 | INFO     | core.logger_manager:info:44 - Expiry changed:  → 25AUG2026, refreshing tokens
2026-08-21 11:46:15 | INFO     | core.logger_manager:info:44 - Instrument master download (~30MB, once daily)...
2026-08-21 11:46:39 | INFO     | core.logger_manager:info:44 - Expiry changed:  → 25AUG2026, refreshing tokens
2026-08-21 11:46:39 | INFO     | core.logger_manager:info:44 - Instrument master download (~30MB, once daily)...
2026-08-21 11:47:47 | WARNING  | core.logger_manager:warning:47 - Token load failed (fallback active): All URLs failed. Last: ''
2026-08-21 11:47:47 | WARNING  | core.logger_manager:warning:47 - Stale data: ['Spot stale 241.3s', 'Chain timestamp missing/invalid'] - retrying fetch
2026-08-21 11:47:54 | WARNING  | core.logger_manager:warning:47 - NO_TRADE cycle (stale data): ['Chain timestamp missing/invalid']
2026-08-21 11:49:52 | WARNING  | core.logger_manager:warning:47 - Token load failed (fallback active): All URLs failed. Last: ''
2026-08-21 11:49:52 | WARNING  | core.logger_manager:warning:47 - Stale data: ['Spot stale 256.7s', 'Chain timestamp missing/invalid'] - retrying fetch
2026-08-21 11:49:53 | INFO     | core.logger_manager:info:44 - Expiry changed:  → 25AUG2026, refreshing tokens
2026-08-21 11:49:53 | INFO     | core.logger_manager:info:44 - Instrument master download (~30MB, once daily)...
2026-08-21 11:50:01 | WARNING  | core.logger_manager:warning:47 - Token load failed (fallback active): All URLs failed. Last: ''
2026-08-21 11:50:01 | WARNING  | core.logger_manager:warning:47 - Stale data: ['Spot stale 283.3s', 'Chain timestamp missing/invalid'] - retrying fetch
2026-08-21 11:50:06 | WARNING  | core.logger_manager:warning:47 - NO_TRADE cycle (stale data): ['Chain timestamp missing/invalid']
2026-08-21 11:50:09 | WARNING  | core.logger_manager:warning:47 - NO_TRADE cycle (stale data): ['Chain timestamp missing/invalid']
2026-08-21 11:52:20 | INFO     | core.logger_manager:info:44 - Expiry changed:  → 25AUG2026, refreshing tokens
2026-08-21 11:52:20 | INFO     | core.logger_manager:info:44 - Instrument master download (~30MB, once daily)...
2026-08-21 11:52:23 | INFO     | core.logger_manager:info:44 - Expiry changed:  → 25AUG2026, refreshing tokens
2026-08-21 11:52:23 | INFO     | core.logger_manager:info:44 - Instrument master download (~30MB, once daily)...
2026-08-21 11:53:04 | WARNING  | core.logger_manager:warning:47 - Token load failed (fallback active): All URLs failed. Last: ''
2026-08-21 11:53:04 | WARNING  | core.logger_manager:warning:47 - Stale data: ['Spot stale 249.0s', 'Chain timestamp missing/invalid'] - retrying fetch
2026-08-21 11:53:09 | WARNING  | core.logger_manager:warning:47 - NO_TRADE cycle (stale data): ['Chain timestamp missing/invalid']
2026-08-21 11:55:02 | INFO     | core.logger_manager:info:44 - Expiry changed:  → 25AUG2026, refreshing tokens
2026-08-21 11:55:02 | INFO     | core.logger_manager:info:44 - Instrument master download (~30MB, once daily)...
2026-08-21 11:55:05 | WARNING  | core.logger_manager:warning:47 - Token load failed (fallback active): All URLs failed. Last: ''
2026-08-21 11:55:05 | WARNING  | core.logger_manager:warning:47 - Stale data: ['Spot stale 231.2s', 'Chain timestamp missing/invalid'] - retrying fetch
2026-08-21 11:55:11 | WARNING  | core.logger_manager:warning:47 - NO_TRADE cycle (stale data): ['Chain timestamp missing/invalid']
2026-08-21 11:56:30 | WARNING  | core.logger_manager:warning:47 - Token load failed (fallback active): All URLs failed. Last: ''
2026-08-21 11:56:30 | WARNING  | core.logger_manager:warning:47 - Stale data: ['Spot stale 312.6s', 'Chain timestamp missing/invalid'] - retrying fetch
2026-08-21 11:56:35 | WARNING  | core.logger_manager:warning:47 - NO_TRADE cycle (stale data): ['Chain timestamp missing/invalid']
2026-08-21 11:57:09 | INFO     | core.logger_manager:info:44 - Expiry changed:  → 25AUG2026, refreshing tokens
2026-08-21 11:57:09 | INFO     | core.logger_manager:info:44 - Instrument master download (~30MB, once daily)...
2026-08-21 11:57:44 | WARNING  | core.logger_manager:warning:47 - Token load failed (fallback active): All URLs failed. Last: ''
2026-08-21 11:57:44 | WARNING  | core.logger_manager:warning:47 - Stale data: ['Spot stale 214.4s', 'Chain timestamp missing/invalid'] - retrying fetch
2026-08-21 11:57:59 | WARNING  | core.logger_manager:warning:47 - NO_TRADE cycle (stale data): ['Chain timestamp missing/invalid']
2026-08-21 11:59:58 | INFO     | core.logger_manager:info:44 - Expiry changed:  → 25AUG2026, refreshing tokens
2026-08-21 11:59:58 | INFO     | core.logger_manager:info:44 - Instrument master download (~30MB, once daily)...
2026-08-21 12:00:38 | INFO     | core.logger_manager:info:44 - Expiry changed:  → 25AUG2026, refreshing tokens
2026-08-21 12:00:38 | INFO     | core.logger_manager:info:44 - Instrument master download (~30MB, once daily)...
2026-08-21 12:01:48 | WARNING  | core.logger_manager:warning:47 - Token load failed (fallback active): All URLs failed. Last: ''
2026-08-21 12:01:48 | WARNING  | core.logger_manager:warning:47 - Stale data: ['Spot stale 336.1s', 'Chain timestamp missing/invalid'] - retrying fetch
2026-08-21 12:02:01 | WARNING  | core.logger_manager:warning:47 - NO_TRADE cycle (stale data): ['Chain timestamp missing/invalid']
2026-08-21 12:03:34 | WARNING  | core.logger_manager:warning:47 - Token load failed (fallback active): All URLs failed. Last: ''
2026-08-21 12:03:34 | WARNING  | core.logger_manager:warning:47 - Stale data: ['Spot stale 347.8s', 'Chain timestamp missing/invalid'] - retrying fetch
2026-08-21 12:03:52 | WARNING  | core.logger_manager:warning:47 - NO_TRADE cycle (stale data): ['Chain timestamp missing/invalid']
2026-08-21 12:04:14 | INFO     | core.logger_manager:info:44 - Expiry changed:  → 25AUG2026, refreshing tokens
2026-08-21 12:04:14 | INFO     | core.logger_manager:info:44 - Instrument master download (~30MB, once daily)...
2026-08-21 12:04:59 | WARNING  | core.logger_manager:warning:47 - Token load failed (fallback active): All URLs failed. Last: ''
2026-08-21 12:04:59 | WARNING  | core.logger_manager:warning:47 - Stale data: ['Spot stale 420.3s', 'Chain timestamp missing/invalid'] - retrying fetch
2026-08-21 12:05:06 | WARNING  | core.logger_manager:warning:47 - NO_TRADE cycle (stale data): ['Chain timestamp missing/invalid']
2026-08-21 12:05:34 | WARNING  | core.logger_manager:warning:47 - Validator REJECT: ['rr_1.0<2.0']
2026-08-21 12:05:34 | WARNING  | core.logger_manager:warning:47 - Validator REJECT: ['rr_2.0<2.0']
2026-08-21 12:05:35 | WARNING  | core.logger_manager:warning:47 - Validator REJECT: ['regime_EXTREME_VOLATILITY', 'rr_1.6<2.0']
2026-08-21 12:05:35 | WARNING  | core.logger_manager:warning:47 - Validator REJECT: ['highvol_min_rr:rr_0.7<1.5', 'highvol_volume_filter:vol_500000<=avg500000x1.5', 'rr_0.7<1.5']
2026-08-21 12:05:35 | WARNING  | core.logger_manager:warning:47 - Validator REJECT: ['highvol_atm_range:strike_24450_outside_atm_2_range', 'highvol_volume_filter:vol_500000<=avg500000x1.5']
2026-08-21 12:05:35 | WARNING  | core.logger_manager:warning:47 - Validator REJECT: ['highvol_oi_confirmation:oi_change_4%<10.0%', 'highvol_volume_filter:vol_500000<=avg500000x1.5']
2026-08-21 12:05:49 | INFO     | core.logger_manager:info:44 - Expiry changed:  → 25AUG2026, refreshing tokens
2026-08-21 12:05:49 | INFO     | core.logger_manager:info:44 - Instrument master download (~30MB, once daily)...
2026-08-21 12:06:27 | WARNING  | core.logger_manager:warning:47 - Token load failed (fallback active): All URLs failed. Last: ''
2026-08-21 12:06:27 | WARNING  | core.logger_manager:warning:47 - Stale data: ['Spot stale 198.5s', 'Chain timestamp missing/invalid'] - retrying fetch
2026-08-21 12:06:32 | WARNING  | core.logger_manager:warning:47 - NO_TRADE cycle (stale data): ['Chain timestamp missing/invalid']
2026-08-21 12:07:06 | INFO     | core.logger_manager:info:44 - Expiry changed:  → 25AUG2026, refreshing tokens
2026-08-21 12:07:06 | INFO     | core.logger_manager:info:44 - Instrument master download (~30MB, once daily)...
2026-08-21 12:08:44 | INFO     | core.logger_manager:info:44 - Expiry changed:  → 25AUG2026, refreshing tokens
2026-08-21 12:08:44 | INFO     | core.logger_manager:info:44 - Instrument master download (~30MB, once daily)...
2026-08-21 12:09:07 | WARNING  | core.logger_manager:warning:47 - Token load failed (fallback active): All URLs failed. Last: ''
2026-08-21 12:09:07 | WARNING  | core.logger_manager:warning:47 - Stale data: ['Spot stale 254.4s', 'Chain timestamp missing/invalid'] - retrying fetch
2026-08-21 12:09:17 | WARNING  | core.logger_manager:warning:47 - NO_TRADE cycle (stale data): ['Chain timestamp missing/invalid']
2026-08-21 12:09:50 | WARNING  | core.logger_manager:warning:47 - Token load failed (fallback active): All URLs failed. Last: ''
2026-08-21 12:09:50 | WARNING  | core.logger_manager:warning:47 - Stale data: ['Spot stale 221.6s', 'Chain timestamp missing/invalid'] - retrying fetch
2026-08-21 12:10:00 | WARNING  | core.logger_manager:warning:47 - NO_TRADE cycle (stale data): ['Spot stale 231.7s', 'Chain timestamp missing/invalid']
2026-08-21 12:11:23 | INFO     | core.logger_manager:info:44 - Expiry changed:  → 25AUG2026, refreshing tokens
2026-08-21 12:11:23 | INFO     | core.logger_manager:info:44 - Instrument master download (~30MB, once daily)...
2026-08-21 12:11:26 | INFO     | core.logger_manager:info:44 - BLOCKORA_TRADE v1.0 starting...
2026-08-21 12:11:30 | INFO     | core.logger_manager:info:44 - Angel One SmartAPI connected successfully
2026-08-21 12:11:37 | INFO     | core.logger_manager:info:44 - Historical data loaded: 368 candles
2026-08-21 12:11:40 | INFO     | core.logger_manager:info:44 - Option Chain Engine initialized (Multi-Source)
2026-08-21 12:11:41 | INFO     | core.logger_manager:info:44 - Telegram Bot connected
2026-08-21 12:11:48 | INFO     | core.logger_manager:info:44 - JugaadIVFetcher expiry auto-set: 25-Aug-2026
2026-08-21 12:11:48 | INFO     | core.logger_manager:info:44 - Subscription Manager started (polling)
2026-08-21 12:11:48 | INFO     | core.logger_manager:info:44 - System initialization complete
2026-08-21 12:11:48 | INFO     | core.logger_manager:info:44 - BLOCKORA_TRADE started - entering main loop
2026-08-21 12:11:49 | INFO     | core.logger_manager:info:44 - Market OPENED - Starting analysis
2026-08-21 12:11:51 | WARNING  | core.logger_manager:warning:47 - Token load failed (fallback active): All URLs failed. Last: ''
2026-08-21 12:11:51 | WARNING  | core.logger_manager:warning:47 - Stale data: ['Spot stale 256.3s', 'Chain timestamp missing/invalid'] - retrying fetch
2026-08-21 12:11:57 | WARNING  | core.logger_manager:warning:47 - NO_TRADE cycle (stale data): ['Chain timestamp missing/invalid']
2026-08-21 12:11:59 | INFO     | core.logger_manager:info:44 - Expiry changed:  → 25AUG2026, refreshing tokens
2026-08-21 12:11:59 | INFO     | core.logger_manager:info:44 - Instrument master download (~30MB, once daily)...
2026-08-21 12:12:44 | INFO     | core.logger_manager:info:44 - Instrument master download (~30MB, once daily)...
2026-08-21 12:14:09 | INFO     | core.logger_manager:info:44 - Expiry changed:  → 25AUG2026, refreshing tokens
2026-08-21 12:14:09 | INFO     | core.logger_manager:info:44 - Instrument master download (~30MB, once daily)...
2026-08-21 12:16:44 | WARNING  | core.logger_manager:warning:47 - Token load failed (fallback active): All URLs failed. Last: ''
2026-08-21 12:16:44 | WARNING  | core.logger_manager:warning:47 - Stale data: ['Spot stale 381.8s', 'Chain timestamp missing/invalid'] - retrying fetch
2026-08-21 12:16:46 | WARNING  | core.logger_manager:warning:47 - Token load failed (fallback active): All URLs failed. Last: ''
2026-08-21 12:16:46 | WARNING  | core.logger_manager:warning:47 - Stale data: ['Spot stale 340.5s', 'Chain timestamp missing/invalid'] - retrying fetch
2026-08-21 12:16:49 | WARNING  | core.logger_manager:warning:47 - NO_TRADE cycle (stale data): ['Chain timestamp missing/invalid']
2026-08-21 12:16:52 | WARNING  | core.logger_manager:warning:47 - NO_TRADE cycle (stale data): ['Chain timestamp missing/invalid']
2026-08-21 12:18:00 | WARNING  | core.logger_manager:warning:47 - Token load failed (fallback active): All URLs failed. Last: ''
2026-08-21 12:18:00 | WARNING  | core.logger_manager:warning:47 - Stale data: ['Spot stale 301.4s', 'Chain timestamp missing/invalid'] - retrying fetch
2026-08-21 12:18:05 | WARNING  | core.logger_manager:warning:47 - NO_TRADE cycle (stale data): ['Chain timestamp missing/invalid']
2026-08-21 12:18:08 | WARNING  | core.logger_manager:warning:47 - Token load failed (fallback active): All URLs failed. Last: ''
2026-08-21 12:18:08 | WARNING  | core.logger_manager:warning:47 - Stale data: ['Spot stale 376.2s', 'Chain timestamp missing/invalid'] - retrying fetch
2026-08-21 12:18:14 | WARNING  | core.logger_manager:warning:47 - NO_TRADE cycle (stale data): ['Chain timestamp missing/invalid']
2026-08-21 12:18:35 | INFO     | core.logger_manager:info:44 - Expiry changed:  → 25AUG2026, refreshing tokens
2026-08-21 12:18:35 | INFO     | core.logger_manager:info:44 - Instrument master download (~30MB, once daily)...
2026-08-21 12:18:50 | INFO     | core.logger_manager:info:44 - Expiry changed:  → 25AUG2026, refreshing tokens
2026-08-21 12:18:50 | INFO     | core.logger_manager:info:44 - Instrument master download (~30MB, once daily)...
2026-08-21 12:20:03 | INFO     | core.logger_manager:info:44 - Expiry changed:  → 25AUG2026, refreshing tokens
2026-08-21 12:20:03 | INFO     | core.logger_manager:info:44 - Instrument master download (~30MB, once daily)...
2026-08-21 12:20:11 | INFO     | core.logger_manager:info:44 - Expiry changed:  → 25AUG2026, refreshing tokens
2026-08-21 12:20:11 | INFO     | core.logger_manager:info:44 - Instrument master download (~30MB, once daily)...
2026-08-21 12:20:49 | WARNING  | core.logger_manager:warning:47 - Token load failed (fallback active): All URLs failed. Last: ''
2026-08-21 12:20:49 | WARNING  | core.logger_manager:warning:47 - Stale data: ['Spot stale 171.8s', 'Chain timestamp missing/invalid'] - retrying fetch
2026-08-21 12:20:55 | WARNING  | core.logger_manager:warning:47 - NO_TRADE cycle (stale data): ['Chain timestamp missing/invalid']
2026-08-21 12:21:33 | WARNING  | core.logger_manager:warning:47 - Token load failed (fallback active): All URLs failed. Last: ''
2026-08-21 12:21:33 | WARNING  | core.logger_manager:warning:47 - Stale data: ['Spot stale 218.5s', 'Chain timestamp missing/invalid'] - retrying fetch
2026-08-21 12:21:39 | WARNING  | core.logger_manager:warning:47 - NO_TRADE cycle (stale data): ['Chain timestamp missing/invalid']
2026-08-21 12:22:49 | WARNING  | core.logger_manager:warning:47 - Token load failed (fallback active): All URLs failed. Last: ''
2026-08-21 12:22:49 | WARNING  | core.logger_manager:warning:47 - Stale data: ['Spot stale 211.9s', 'Chain timestamp missing/invalid'] - retrying fetch
2026-08-21 12:22:59 | WARNING  | core.logger_manager:warning:47 - NO_TRADE cycle (stale data): ['Spot stale 222.1s', 'Chain timestamp missing/invalid']
2026-08-21 12:23:05 | INFO     | core.logger_manager:info:44 - Expiry changed:  → 25AUG2026, refreshing tokens
2026-08-21 12:23:05 | INFO     | core.logger_manager:info:44 - Instrument master download (~30MB, once daily)...
2026-08-21 12:23:21 | INFO     | core.logger_manager:info:44 - BLOCKORA_TRADE v1.0 starting...
2026-08-21 12:23:24 | INFO     | core.logger_manager:info:44 - Angel One SmartAPI connected successfully
2026-08-21 12:23:31 | WARNING  | core.logger_manager:warning:47 - Historical attempt 1 failed
2026-08-21 12:23:38 | WARNING  | core.logger_manager:warning:47 - Historical attempt 2 failed
2026-08-21 12:23:42 | INFO     | core.logger_manager:info:44 - Expiry changed:  → 25AUG2026, refreshing tokens
2026-08-21 12:23:42 | INFO     | core.logger_manager:info:44 - Instrument master download (~30MB, once daily)...
2026-08-21 12:23:45 | INFO     | core.logger_manager:info:44 - Historical data loaded: 368 candles
2026-08-21 12:23:51 | INFO     | core.logger_manager:info:44 - Option Chain Engine initialized (Multi-Source)
2026-08-21 12:23:52 | INFO     | core.logger_manager:info:44 - Telegram Bot connected
2026-08-21 12:23:58 | INFO     | core.logger_manager:info:44 - JugaadIVFetcher expiry auto-set: 25-Aug-2026
2026-08-21 12:23:58 | INFO     | core.logger_manager:info:44 - Subscription Manager started (polling)
2026-08-21 12:23:58 | INFO     | core.logger_manager:info:44 - System initialization complete
2026-08-21 12:23:58 | INFO     | core.logger_manager:info:44 - BLOCKORA_TRADE started - entering main loop
2026-08-21 12:23:58 | INFO     | core.logger_manager:info:44 - Market OPENED - Starting analysis
2026-08-21 12:24:05 | WARNING  | core.logger_manager:warning:47 - Token load failed (fallback active): All URLs failed. Last: ''
2026-08-21 12:24:05 | WARNING  | core.logger_manager:warning:47 - Stale data: ['Spot stale 285.2s', 'Chain timestamp missing/invalid'] - retrying fetch
2026-08-21 12:24:12 | WARNING  | core.logger_manager:warning:47 - NO_TRADE cycle (stale data): ['Chain timestamp missing/invalid']
2026-08-21 12:24:47 | INFO     | core.logger_manager:info:44 - Expiry changed:  → 25AUG2026, refreshing tokens
2026-08-21 12:24:47 | INFO     | core.logger_manager:info:44 - Instrument master download (~30MB, once daily)...
2026-08-21 12:24:58 | INFO     | core.logger_manager:info:44 - Instrument master download (~30MB, once daily)...
2026-08-21 12:26:17 | WARNING  | core.logger_manager:warning:47 - Token load failed (fallback active): All URLs failed. Last: ''
2026-08-21 12:26:17 | WARNING  | core.logger_manager:warning:47 - Stale data: ['Spot stale 214.5s', 'Chain timestamp missing/invalid'] - retrying fetch
2026-08-21 12:26:19 | WARNING  | core.logger_manager:warning:47 - Token load failed (fallback active): All URLs failed. Last: ''
2026-08-21 12:26:19 | WARNING  | core.logger_manager:warning:47 - Stale data: ['Spot stale 255.4s', 'Chain timestamp missing/invalid'] - retrying fetch
2026-08-21 12:26:25 | WARNING  | core.logger_manager:warning:47 - NO_TRADE cycle (stale data): ['Chain timestamp missing/invalid']
2026-08-21 12:26:32 | WARNING  | core.logger_manager:warning:47 - NO_TRADE cycle (stale data): ['Chain timestamp missing/invalid']
2026-08-21 12:26:33 | INFO     | core.logger_manager:info:44 - Expiry changed:  → 25AUG2026, refreshing tokens
2026-08-21 12:26:33 | INFO     | core.logger_manager:info:44 - Instrument master download (~30MB, once daily)...
2026-08-21 12:27:40 | WARNING  | core.logger_manager:warning:47 - Token load failed (fallback active): All URLs failed. Last: ''
2026-08-21 12:27:40 | WARNING  | core.logger_manager:warning:47 - Stale data: ['Spot stale 213.5s', 'Chain timestamp missing/invalid'] - retrying fetch
2026-08-21 12:27:50 | WARNING  | core.logger_manager:warning:47 - NO_TRADE cycle (stale data): ['Spot stale 223.9s', 'Chain timestamp missing/invalid']
2026-08-21 12:28:32 | WARNING  | core.logger_manager:warning:47 - Token load failed (fallback active): All URLs failed. Last: ''
2026-08-21 12:28:32 | WARNING  | core.logger_manager:warning:47 - Stale data: ['Spot stale 266.9s', 'Chain timestamp missing/invalid'] - retrying fetch
2026-08-21 12:28:37 | WARNING  | core.logger_manager:warning:47 - NO_TRADE cycle (stale data): ['Chain timestamp missing/invalid']
2026-08-21 12:28:41 | INFO     | core.logger_manager:info:44 - Expiry changed:  → 25AUG2026, refreshing tokens
2026-08-21 12:28:41 | INFO     | core.logger_manager:info:44 - Instrument master download (~30MB, once daily)...
2026-08-21 12:28:45 | INFO     | core.logger_manager:info:44 - Expiry changed:  → 25AUG2026, refreshing tokens
2026-08-21 12:28:45 | INFO     | core.logger_manager:info:44 - Instrument master download (~30MB, once daily)...
2026-08-21 12:28:55 | INFO     | core.logger_manager:info:44 - Starting graceful shutdown...
2026-08-21 12:28:56 | INFO     | core.logger_manager:info:44 - Market data connection closed
2026-08-21 12:28:56 | INFO     | core.logger_manager:info:44 - Market engine closed
2026-08-21 12:28:56 | INFO     | core.logger_manager:info:44 - Option Chain Engine shutdown
2026-08-21 12:28:56 | INFO     | core.logger_manager:info:44 - Option engine closed
2026-08-21 12:28:56 | INFO     | core.logger_manager:info:44 - Database saved and closed
2026-08-21 12:29:00 | WARNING  | core.logger_manager:warning:47 - Telegram timeout/blocked. Skipping to protect analysis loop.
2026-08-21 12:29:00 | INFO     | core.logger_manager:info:44 - Graceful shutdown complete
2026-08-21 12:30:08 | INFO     | core.logger_manager:info:44 - Expiry changed:  → 25AUG2026, refreshing tokens
2026-08-21 12:30:08 | INFO     | core.logger_manager:info:44 - Instrument master download (~30MB, once daily)...
2026-08-21 12:31:04 | WARNING  | core.logger_manager:warning:47 - Token load failed (fallback active): All URLs failed. Last: ''
2026-08-21 12:31:04 | WARNING  | core.logger_manager:warning:47 - Stale data: ['Spot stale 344.8s', 'Chain timestamp missing/invalid'] - retrying fetch
2026-08-21 12:31:04 | WARNING  | core.logger_manager:warning:47 - NO_TRADE cycle (stale data): ['Spot stale 345.1s', 'Chain timestamp missing/invalid']
2026-08-21 12:31:04 | WARNING  | core.logger_manager:warning:47 - Token load failed (fallback active): All URLs failed. Last: ''
2026-08-21 12:31:04 | WARNING  | core.logger_manager:warning:47 - Stale data: ['Spot stale 199.9s', 'Chain timestamp missing/invalid'] - retrying fetch
2026-08-21 12:31:04 | WARNING  | core.logger_manager:warning:47 - Token load failed (fallback active): All URLs failed. Last: ''
2026-08-21 12:31:04 | WARNING  | core.logger_manager:warning:47 - Stale data: ['Spot stale 213.0s', 'Candle stale 21min', 'Chain timestamp missing/invalid'] - retrying fetch
2026-08-21 12:31:04 | WARNING  | core.logger_manager:warning:47 - Token load failed (fallback active): All URLs failed. Last: ''
2026-08-21 12:31:04 | WARNING  | core.logger_manager:warning:47 - Stale data: ['Spot stale 127.8s', 'Candle stale 21min', 'Chain timestamp missing/invalid'] - retrying fetch
2026-08-21 12:31:04 | WARNING  | core.logger_manager:warning:47 - NO_TRADE cycle (stale data): ['Spot stale 200.0s', 'Chain timestamp missing/invalid']
2026-08-21 12:31:04 | WARNING  | core.logger_manager:warning:47 - NO_TRADE cycle (stale data): ['Spot stale 213.1s', 'Candle stale 21min', 'Chain timestamp missing/invalid']
2026-08-21 12:31:04 | WARNING  | core.logger_manager:warning:47 - NO_TRADE cycle (stale data): ['Spot stale 127.9s', 'Candle stale 21min', 'Chain timestamp missing/invalid']
2026-08-21 12:33:04 | INFO     | core.logger_manager:info:44 - Expiry changed:  → 25AUG2026, refreshing tokens
2026-08-21 12:33:04 | INFO     | core.logger_manager:info:44 - Instrument master download (~30MB, once daily)...
2026-08-21 12:33:06 | INFO     | core.logger_manager:info:44 - Expiry changed:  → 25AUG2026, refreshing tokens
2026-08-21 12:33:06 | INFO     | core.logger_manager:info:44 - Instrument master download (~30MB, once daily)...
2026-08-21 12:33:09 | INFO     | core.logger_manager:info:44 - Expiry changed:  → 25AUG2026, refreshing tokens
2026-08-21 12:33:09 | INFO     | core.logger_manager:info:44 - Instrument master download (~30MB, once daily)...
2026-08-21 12:33:26 | INFO     | core.logger_manager:info:44 - Expiry changed:  → 25AUG2026, refreshing tokens
2026-08-21 12:33:26 | INFO     | core.logger_manager:info:44 - Instrument master download (~30MB, once daily)...
2026-08-21 12:35:10 | WARNING  | core.logger_manager:warning:47 - Token load failed (fallback active): All URLs failed. Last: ''
2026-08-21 12:35:10 | WARNING  | core.logger_manager:warning:47 - Stale data: ['Spot stale 176.5s', 'Chain timestamp missing/invalid'] - retrying fetch
2026-08-21 12:35:15 | WARNING  | core.logger_manager:warning:47 - NO_TRADE cycle (stale data): ['Chain timestamp missing/invalid']
2026-08-21 12:35:27 | WARNING  | core.logger_manager:warning:47 - Token load failed (fallback active): All URLs failed. Last: ''
2026-08-21 12:35:27 | WARNING  | core.logger_manager:warning:47 - Stale data: ['Spot stale 194.7s', 'Chain timestamp missing/invalid'] - retrying fetch
2026-08-21 12:35:42 | WARNING  | core.logger_manager:warning:47 - Token load failed (fallback active): All URLs failed. Last: ''
2026-08-21 12:35:42 | WARNING  | core.logger_manager:warning:47 - Stale data: ['Spot stale 208.5s', 'Candle stale 26min', 'Chain timestamp missing/invalid'] - retrying fetch
2026-08-21 12:35:46 | WARNING  | core.logger_manager:warning:47 - Token load failed (fallback active): All URLs failed. Last: ''
2026-08-21 12:35:46 | WARNING  | core.logger_manager:warning:47 - Stale data: ['Spot stale 210.6s', 'Candle stale 26min', 'Chain timestamp missing/invalid'] - retrying fetch
2026-08-21 12:35:46 | WARNING  | core.logger_manager:warning:47 - NO_TRADE cycle (stale data): ['Chain timestamp missing/invalid']
2026-08-21 12:35:47 | WARNING  | core.logger_manager:warning:47 - NO_TRADE cycle (stale data): ['Candle stale 26min', 'Chain timestamp missing/invalid']
2026-08-21 12:35:52 | WARNING  | core.logger_manager:warning:47 - NO_TRADE cycle (stale data): ['Chain timestamp missing/invalid']
2026-08-21 12:37:12 | INFO     | core.logger_manager:info:44 - Expiry changed:  → 25AUG2026, refreshing tokens
2026-08-21 12:37:12 | INFO     | core.logger_manager:info:44 - Instrument master download (~30MB, once daily)...
2026-08-21 12:37:33 | INFO     | core.logger_manager:info:44 - Expiry changed:  → 25AUG2026, refreshing tokens
2026-08-21 12:37:33 | INFO     | core.logger_manager:info:44 - Instrument master download (~30MB, once daily)...
2026-08-21 12:37:40 | INFO     | core.logger_manager:info:44 - Expiry changed:  → 25AUG2026, refreshing tokens
2026-08-21 12:37:40 | INFO     | core.logger_manager:info:44 - Instrument master download (~30MB, once daily)...
2026-08-21 12:37:43 | INFO     | core.logger_manager:info:44 - Expiry changed:  → 25AUG2026, refreshing tokens
2026-08-21 12:37:43 | INFO     | core.logger_manager:info:44 - Instrument master download (~30MB, once daily)...
2026-08-21 12:39:15 | WARNING  | core.logger_manager:warning:47 - Token load failed (fallback active): All URLs failed. Last: ''
2026-08-21 12:39:15 | WARNING  | core.logger_manager:warning:47 - Stale data: ['Spot stale 177.0s', 'Chain timestamp missing/invalid'] - retrying fetch
2026-08-21 12:39:16 | WARNING  | core.logger_manager:warning:47 - NO_TRADE cycle (stale data): ['Chain timestamp missing/invalid']
2026-08-21 12:39:58 | WARNING  | core.logger_manager:warning:47 - Token load failed (fallback active): All URLs failed. Last: ''
2026-08-21 12:39:58 | WARNING  | core.logger_manager:warning:47 - Stale data: ['Spot stale 190.3s', 'Chain timestamp missing/invalid'] - retrying fetch
2026-08-21 12:39:59 | WARNING  | core.logger_manager:warning:47 - NO_TRADE cycle (stale data): ['Chain timestamp missing/invalid']
2026-08-21 12:40:18 | WARNING  | core.logger_manager:warning:47 - Token load failed (fallback active): All URLs failed. Last: ''
2026-08-21 12:40:18 | WARNING  | core.logger_manager:warning:47 - Stale data: ['Spot stale 205.5s', 'Chain timestamp missing/invalid'] - retrying fetch
2026-08-21 12:40:22 | WARNING  | core.logger_manager:warning:47 - Token load failed (fallback active): All URLs failed. Last: ''
2026-08-21 12:40:22 | WARNING  | core.logger_manager:warning:47 - Stale data: ['Spot stale 210.1s', 'Candle stale 30min', 'Chain timestamp missing/invalid'] - retrying fetch
2026-08-21 12:40:22 | WARNING  | core.logger_manager:warning:47 - NO_TRADE cycle (stale data): ['Chain timestamp missing/invalid']
2026-08-21 12:40:27 | WARNING  | core.logger_manager:warning:47 - NO_TRADE cycle (stale data): ['Chain timestamp missing/invalid']
2026-08-21 12:41:11 | INFO     | core.logger_manager:info:44 - Expiry changed:  → 25AUG2026, refreshing tokens
2026-08-21 12:41:11 | INFO     | core.logger_manager:info:44 - Instrument master download (~30MB, once daily)...
2026-08-21 12:41:58 | INFO     | core.logger_manager:info:44 - Expiry changed:  → 25AUG2026, refreshing tokens
2026-08-21 12:41:58 | INFO     | core.logger_manager:info:44 - Instrument master download (~30MB, once daily)...
2026-08-21 12:42:17 | INFO     | core.logger_manager:info:44 - Expiry changed:  → 25AUG2026, refreshing tokens
2026-08-21 12:42:17 | INFO     | core.logger_manager:info:44 - Instrument master download (~30MB, once daily)...
2026-08-21 12:42:19 | INFO     | core.logger_manager:info:44 - Expiry changed:  → 25AUG2026, refreshing tokens
2026-08-21 12:42:19 | INFO     | core.logger_manager:info:44 - Instrument master download (~30MB, once daily)...
2026-08-21 12:44:05 | WARNING  | core.logger_manager:warning:47 - Token load failed (fallback active): All URLs failed. Last: ''
2026-08-21 12:44:05 | WARNING  | core.logger_manager:warning:47 - Stale data: ['Spot stale 179.0s', 'Chain timestamp missing/invalid'] - retrying fetch
2026-08-21 12:44:05 | WARNING  | core.logger_manager:warning:47 - NO_TRADE cycle (stale data): ['Chain timestamp missing/invalid']
2026-08-21 12:44:26 | WARNING  | core.logger_manager:warning:47 - Token load failed (fallback active): All URLs failed. Last: ''
2026-08-21 12:44:26 | WARNING  | core.logger_manager:warning:47 - Stale data: ['Spot stale 178.4s', 'Chain timestamp missing/invalid'] - retrying fetch
2026-08-21 12:44:27 | WARNING  | core.logger_manager:warning:47 - NO_TRADE cycle (stale data): ['Chain timestamp missing/invalid']
2026-08-21 12:44:39 | WARNING  | core.logger_manager:warning:47 - Token load failed (fallback active): All URLs failed. Last: ''
2026-08-21 12:44:39 | WARNING  | core.logger_manager:warning:47 - Stale data: ['Spot stale 257.1s', 'Chain timestamp missing/invalid'] - retrying fetch
2026-08-21 12:44:39 | WARNING  | core.logger_manager:warning:47 - NO_TRADE cycle (stale data): ['Chain timestamp missing/invalid']
2026-08-21 12:45:07 | WARNING  | core.logger_manager:warning:47 - Token load failed (fallback active): All URLs failed. Last: ''
2026-08-21 12:45:07 | WARNING  | core.logger_manager:warning:47 - Stale data: ['Spot stale 223.4s', 'Chain timestamp missing/invalid'] - retrying fetch
2026-08-21 12:45:18 | WARNING  | core.logger_manager:warning:47 - NO_TRADE cycle (stale data): ['Spot stale 233.9s', 'Chain timestamp missing/invalid']
2026-08-21 12:46:00 | INFO     | core.logger_manager:info:44 - Expiry changed:  → 25AUG2026, refreshing tokens
2026-08-21 12:46:00 | INFO     | core.logger_manager:info:44 - Instrument master download (~30MB, once daily)...
2026-08-21 12:46:27 | INFO     | core.logger_manager:info:44 - Expiry changed:  → 25AUG2026, refreshing tokens
2026-08-21 12:46:27 | INFO     | core.logger_manager:info:44 - Instrument master download (~30MB, once daily)...
2026-08-21 12:46:39 | INFO     | core.logger_manager:info:44 - Expiry changed:  → 25AUG2026, refreshing tokens
2026-08-21 12:46:39 | INFO     | core.logger_manager:info:44 - Instrument master download (~30MB, once daily)...
2026-08-21 12:47:27 | INFO     | core.logger_manager:info:44 - Expiry changed:  → 25AUG2026, refreshing tokens
2026-08-21 12:47:27 | INFO     | core.logger_manager:info:44 - Instrument master download (~30MB, once daily)...
2026-08-21 12:49:02 | WARNING  | core.logger_manager:warning:47 - Token load failed (fallback active): All URLs failed. Last: ''
2026-08-21 12:49:02 | WARNING  | core.logger_manager:warning:47 - Stale data: ['Spot stale 197.6s', 'Chain timestamp missing/invalid'] - retrying fetch
2026-08-21 12:49:02 | WARNING  | core.logger_manager:warning:47 - NO_TRADE cycle (stale data): ['Chain timestamp missing/invalid']
2026-08-21 12:49:46 | WARNING  | core.logger_manager:warning:47 - Token load failed (fallback active): All URLs failed. Last: ''
2026-08-21 12:49:46 | WARNING  | core.logger_manager:warning:47 - Stale data: ['Spot stale 202.0s', 'Chain timestamp missing/invalid'] - retrying fetch
2026-08-21 12:49:46 | WARNING  | core.logger_manager:warning:47 - Token load failed (fallback active): All URLs failed. Last: ''
2026-08-21 12:49:46 | WARNING  | core.logger_manager:warning:47 - Stale data: ['Spot stale 341.1s', 'Chain timestamp missing/invalid'] - retrying fetch
2026-08-21 12:49:47 | WARNING  | core.logger_manager:warning:47 - NO_TRADE cycle (stale data): ['Chain timestamp missing/invalid']
2026-08-21 12:49:51 | WARNING  | core.logger_manager:warning:47 - NO_TRADE cycle (stale data): ['Chain timestamp missing/invalid']
2026-08-21 12:49:52 | WARNING  | core.logger_manager:warning:47 - Token load failed (fallback active): All URLs failed. Last: ''
2026-08-21 12:49:52 | WARNING  | core.logger_manager:warning:47 - Stale data: ['Spot stale 254.1s', 'Chain timestamp missing/invalid'] - retrying fetch
2026-08-21 12:49:53 | WARNING  | core.logger_manager:warning:47 - NO_TRADE cycle (stale data): ['Chain timestamp missing/invalid']
2026-08-21 12:51:27 | INFO     | core.logger_manager:info:44 - Expiry changed:  → 25AUG2026, refreshing tokens
2026-08-21 12:51:27 | INFO     | core.logger_manager:info:44 - Instrument master download (~30MB, once daily)...
2026-08-21 12:52:59 | INFO     | core.logger_manager:info:44 - Expiry changed:  → 25AUG2026, refreshing tokens
2026-08-21 12:52:59 | INFO     | core.logger_manager:info:44 - Instrument master download (~30MB, once daily)...
2026-08-21 12:53:07 | INFO     | core.logger_manager:info:44 - Expiry changed:  → 25AUG2026, refreshing tokens
2026-08-21 12:53:07 | INFO     | core.logger_manager:info:44 - Instrument master download (~30MB, once daily)...
2026-08-21 12:53:14 | INFO     | core.logger_manager:info:44 - Expiry changed:  → 25AUG2026, refreshing tokens
2026-08-21 12:53:14 | INFO     | core.logger_manager:info:44 - Instrument master download (~30MB, once daily)...
2026-08-21 12:55:41 | WARNING  | core.logger_manager:warning:47 - Token load failed (fallback active): All URLs failed. Last: ''
2026-08-21 12:55:41 | WARNING  | core.logger_manager:warning:47 - Stale data: ['Spot stale 263.8s', 'Chain timestamp missing/invalid'] - retrying fetch
2026-08-21 12:55:55 | WARNING  | core.logger_manager:warning:47 - NO_TRADE cycle (stale data): ['Chain timestamp missing/invalid']
2026-08-21 12:57:15 | WARNING  | core.logger_manager:warning:47 - Token load failed (fallback active): All URLs failed. Last: ''
2026-08-21 12:57:15 | WARNING  | core.logger_manager:warning:47 - Stale data: ['Spot stale 362.2s', 'Chain timestamp missing/invalid'] - retrying fetch
2026-08-21 12:57:26 | WARNING  | core.logger_manager:warning:47 - NO_TRADE cycle (stale data): ['Spot stale 373.1s', 'Chain timestamp missing/invalid']
2026-08-21 12:57:27 | WARNING  | core.logger_manager:warning:47 - Token load failed (fallback active): All URLs failed. Last: ''
2026-08-21 12:57:27 | WARNING  | core.logger_manager:warning:47 - Stale data: ['Spot stale 440.0s', 'Chain timestamp missing/invalid'] - retrying fetch
2026-08-21 12:57:32 | WARNING  | core.logger_manager:warning:47 - Token load failed (fallback active): All URLs failed. Last: ''
2026-08-21 12:57:32 | WARNING  | core.logger_manager:warning:47 - Stale data: ['Spot stale 459.1s', 'Chain timestamp missing/invalid'] - retrying fetch
2026-08-21 12:57:42 | WARNING  | core.logger_manager:warning:47 - NO_TRADE cycle (stale data): ['Chain timestamp missing/invalid']
2026-08-21 12:57:42 | WARNING  | core.logger_manager:warning:47 - NO_TRADE cycle (stale data): ['Spot stale 469.5s', 'Chain timestamp missing/invalid']
2026-08-21 12:58:49 | INFO     | core.logger_manager:info:44 - Expiry changed:  → 25AUG2026, refreshing tokens
2026-08-21 12:58:49 | INFO     | core.logger_manager:info:44 - Instrument master download (~30MB, once daily)...
2026-08-21 13:00:51 | INFO     | core.logger_manager:info:44 - Expiry changed:  → 25AUG2026, refreshing tokens
2026-08-21 13:00:51 | INFO     | core.logger_manager:info:44 - Instrument master download (~30MB, once daily)...
2026-08-21 13:01:00 | INFO     | core.logger_manager:info:44 - Expiry changed:  → 25AUG2026, refreshing tokens
2026-08-21 13:01:00 | INFO     | core.logger_manager:info:44 - Instrument master download (~30MB, once daily)...
2026-08-21 13:01:02 | INFO     | core.logger_manager:info:44 - Expiry changed:  → 25AUG2026, refreshing tokens
2026-08-21 13:01:02 | INFO     | core.logger_manager:info:44 - Instrument master download (~30MB, once daily)...
2026-08-21 13:03:43 | INFO     | core.logger_manager:info:44 - BLOCKORA_TRADE v1.0 starting...
2026-08-21 13:04:02 | WARNING  | core.logger_manager:warning:47 - Login attempt 0/3 failed: HTTPSConnectionPool(host='apiconnect.angelone.in', port=443): Read timed out. (read timeout=7)
2026-08-21 13:04:12 | WARNING  | core.logger_manager:warning:47 - Token load failed (fallback active): All URLs failed. Last: ''
2026-08-21 13:04:12 | WARNING  | core.logger_manager:warning:47 - Stale data: ['Spot stale 323.1s', 'Chain timestamp missing/invalid'] - retrying fetch
2026-08-21 13:04:14 | WARNING  | core.logger_manager:warning:47 - Login attempt 1/3 failed: HTTPSConnectionPool(host='apiconnect.angelone.in', port=443): Max retries exceeded with url: /rest/auth/angelbroking/user/v1/loginByPassword (Caused by ConnectTimeoutError(<HTTPSConnection(host='apiconnect.angelone.in', port=443) at 0x73ac78a490>, 'Connection to apiconnect.angelone.in timed out. (connect timeout=7)'))
2026-08-21 13:04:23 | WARNING  | core.logger_manager:warning:47 - NO_TRADE cycle (stale data): ['Spot stale 333.7s', 'Chain timestamp missing/invalid']
2026-08-21 13:04:26 | WARNING  | core.logger_manager:warning:47 - Login attempt 2/3 failed: HTTPSConnectionPool(host='apiconnect.angelone.in', port=443): Read timed out. (read timeout=7)
2026-08-21 13:04:39 | WARNING  | core.logger_manager:warning:47 - Login attempt 3/3 failed: HTTPSConnectionPool(host='apiconnect.angelone.in', port=443): Read timed out. (read timeout=7)
2026-08-21 13:04:39 | ERROR    | core.logger_manager:error:50 - Market data init error: HTTPSConnectionPool(host='apiconnect.angelone.in', port=443): Read timed out. (read timeout=7)
2026-08-21 13:04:39 | ERROR    | core.logger_manager:error:50 - Initialization failed: HTTPSConnectionPool(host='apiconnect.angelone.in', port=443): Read timed out. (read timeout=7)
2026-08-21 13:05:00 | WARNING  | core.logger_manager:warning:47 - Token load failed (fallback active): All URLs failed. Last: ''
2026-08-21 13:05:00 | WARNING  | core.logger_manager:warning:47 - Stale data: ['Spot stale 438.3s', 'Chain timestamp missing/invalid'] - retrying fetch
2026-08-21 13:05:00 | WARNING  | core.logger_manager:warning:47 - Token load failed (fallback active): All URLs failed. Last: ''
2026-08-21 13:05:00 | WARNING  | core.logger_manager:warning:47 - Stale data: ['Spot stale 468.7s', 'Chain timestamp missing/invalid'] - retrying fetch
2026-08-21 13:05:00 | WARNING  | core.logger_manager:warning:47 - Token load failed (fallback active): All URLs failed. Last: ''
2026-08-21 13:05:00 | WARNING  | core.logger_manager:warning:47 - Stale data: ['Spot stale 907.8s', 'Candle stale 20min', 'Chain timestamp missing/invalid'] - retrying fetch
2026-08-21 13:05:00 | WARNING  | core.logger_manager:warning:47 - NO_TRADE cycle (stale data): ['Spot stale 438.4s', 'Chain timestamp missing/invalid']
2026-08-21 13:05:01 | WARNING  | core.logger_manager:warning:47 - NO_TRADE cycle (stale data): ['Spot stale 468.8s', 'Chain timestamp missing/invalid']
2026-08-21 13:05:01 | WARNING  | core.logger_manager:warning:47 - NO_TRADE cycle (stale data): ['Spot stale 907.9s', 'Candle stale 20min', 'Chain timestamp missing/invalid']
2026-08-21 13:07:07 | INFO     | core.logger_manager:info:44 - Expiry changed:  → 25AUG2026, refreshing tokens
2026-08-21 13:07:07 | INFO     | core.logger_manager:info:44 - Instrument master download (~30MB, once daily)...
2026-08-21 13:07:31 | INFO     | core.logger_manager:info:44 - Expiry changed:  → 25AUG2026, refreshing tokens
2026-08-21 13:07:31 | INFO     | core.logger_manager:info:44 - Instrument master download (~30MB, once daily)...
2026-08-21 13:07:44 | INFO     | core.logger_manager:info:44 - Expiry changed:  → 25AUG2026, refreshing tokens
2026-08-21 13:07:44 | INFO     | core.logger_manager:info:44 - Instrument master download (~30MB, once daily)...
2026-08-21 13:07:47 | INFO     | core.logger_manager:info:44 - Expiry changed:  → 25AUG2026, refreshing tokens
2026-08-21 13:07:47 | INFO     | core.logger_manager:info:44 - Instrument master download (~30MB, once daily)...
2026-08-21 13:12:01 | WARNING  | core.logger_manager:warning:47 - Token load failed (fallback active): All URLs failed. Last: ''
2026-08-21 13:12:01 | WARNING  | core.logger_manager:warning:47 - Stale data: ['Spot stale 791.8s', 'Candle stale 27min', 'Chain timestamp missing/invalid'] - retrying fetch
2026-08-21 13:12:01 | WARNING  | core.logger_manager:warning:47 - Token load failed (fallback active): All URLs failed. Last: ''
2026-08-21 13:12:01 | WARNING  | core.logger_manager:warning:47 - Stale data: ['Spot stale 339.2s', 'Chain timestamp missing/invalid'] - retrying fetch
2026-08-21 13:12:01 | WARNING  | core.logger_manager:warning:47 - Token load failed (fallback active): All URLs failed. Last: ''
2026-08-21 13:12:01 | WARNING  | core.logger_manager:warning:47 - Stale data: ['Spot stale 334.3s', 'Chain timestamp missing/invalid'] - retrying fetch
2026-08-21 13:12:01 | WARNING  | core.logger_manager:warning:47 - NO_TRADE cycle (stale data): ['Spot stale 791.9s', 'Candle stale 27min', 'Chain timestamp missing/invalid']
2026-08-21 13:12:01 | WARNING  | core.logger_manager:warning:47 - Token load failed (fallback active): All URLs failed. Last: ''
2026-08-21 13:12:01 | WARNING  | core.logger_manager:warning:47 - NO_TRADE cycle (stale data): ['Spot stale 339.2s', 'Chain timestamp missing/invalid']
2026-08-21 13:12:01 | WARNING  | core.logger_manager:warning:47 - Stale data: ['Spot stale 338.6s', 'Candle stale 27min', 'Chain timestamp missing/invalid'] - retrying fetch
2026-08-21 13:12:01 | WARNING  | core.logger_manager:warning:47 - NO_TRADE cycle (stale data): ['Spot stale 338.6s', 'Candle stale 27min', 'Chain timestamp missing/invalid']
2026-08-21 13:12:01 | WARNING  | core.logger_manager:warning:47 - NO_TRADE cycle (stale data): ['Spot stale 334.3s', 'Chain timestamp missing/invalid']
2026-08-21 13:15:00 | INFO     | core.logger_manager:info:44 - Expiry changed:  → 25AUG2026, refreshing tokens
2026-08-21 13:15:00 | INFO     | core.logger_manager:info:44 - Instrument master download (~30MB, once daily)...
2026-08-21 13:15:03 | INFO     | core.logger_manager:info:44 - Expiry changed:  → 25AUG2026, refreshing tokens
2026-08-21 13:15:03 | INFO     | core.logger_manager:info:44 - Instrument master download (~30MB, once daily)...
2026-08-21 13:15:04 | INFO     | core.logger_manager:info:44 - Expiry changed:  → 25AUG2026, refreshing tokens
2026-08-21 13:15:04 | INFO     | core.logger_manager:info:44 - Instrument master download (~30MB, once daily)...
2026-08-21 13:15:29 | INFO     | core.logger_manager:info:44 - Expiry changed:  → 25AUG2026, refreshing tokens
2026-08-21 13:15:29 | INFO     | core.logger_manager:info:44 - Instrument master download (~30MB, once daily)...
2026-08-21 13:18:47 | WARNING  | core.logger_manager:warning:47 - Token load failed (fallback active): All URLs failed. Last: ''
2026-08-21 13:18:47 | WARNING  | core.logger_manager:warning:47 - Stale data: ['Spot stale 1197.9s', 'Candle stale 34min', 'Chain timestamp missing/invalid'] - retrying fetch
2026-08-21 13:18:47 | WARNING  | core.logger_manager:warning:47 - Token load failed (fallback active): All URLs failed. Last: ''
2026-08-21 13:18:47 | WARNING  | core.logger_manager:warning:47 - Token load failed (fallback active): All URLs failed. Last: ''
2026-08-21 13:18:47 | WARNING  | core.logger_manager:warning:47 - Stale data: ['Spot stale 744.8s', 'Candle stale 34min', 'Chain timestamp missing/invalid'] - retrying fetch
2026-08-21 13:18:47 | WARNING  | core.logger_manager:warning:47 - Token load failed (fallback active): All URLs failed. Last: ''
2026-08-21 13:18:47 | WARNING  | core.logger_manager:warning:47 - Stale data: ['Spot stale 740.4s', 'Chain timestamp missing/invalid'] - retrying fetch
2026-08-21 13:18:47 | WARNING  | core.logger_manager:warning:47 - Stale data: ['Spot stale 745.5s', 'Chain timestamp missing/invalid'] - retrying fetch
2026-08-21 13:18:47 | WARNING  | core.logger_manager:warning:47 - NO_TRADE cycle (stale data): ['Spot stale 1198.1s', 'Candle stale 34min', 'Chain timestamp missing/invalid']
2026-08-21 13:18:47 | WARNING  | core.logger_manager:warning:47 - NO_TRADE cycle (stale data): ['Spot stale 744.9s', 'Candle stale 34min', 'Chain timestamp missing/invalid']
2026-08-21 13:18:47 | WARNING  | core.logger_manager:warning:47 - NO_TRADE cycle (stale data): ['Spot stale 745.5s', 'Chain timestamp missing/invalid']
2026-08-21 13:18:47 | WARNING  | core.logger_manager:warning:47 - NO_TRADE cycle (stale data): ['Spot stale 740.6s', 'Chain timestamp missing/invalid']
2026-08-21 13:20:34 | INFO     | core.logger_manager:info:44 - Expiry changed:  → 25AUG2026, refreshing tokens
2026-08-21 13:20:34 | INFO     | core.logger_manager:info:44 - Instrument master download (~30MB, once daily)...
2026-08-21 13:20:34 | INFO     | core.logger_manager:info:44 - Expiry changed:  → 25AUG2026, refreshing tokens
2026-08-21 13:20:34 | INFO     | core.logger_manager:info:44 - Instrument master download (~30MB, once daily)...
2026-08-21 13:20:38 | INFO     | core.logger_manager:info:44 - Expiry changed:  → 25AUG2026, refreshing tokens
2026-08-21 13:20:38 | INFO     | core.logger_manager:info:44 - Instrument master download (~30MB, once daily)...
2026-08-21 13:20:43 | INFO     | core.logger_manager:info:44 - Expiry changed:  → 25AUG2026, refreshing tokens
2026-08-21 13:20:43 | INFO     | core.logger_manager:info:44 - Instrument master download (~30MB, once daily)...
2026-08-21 13:21:16 | INFO     | core.logger_manager:info:44 - BLOCKORA_TRADE v1.0 starting...
2026-08-21 13:21:17 | INFO     | core.logger_manager:info:44 - Angel One SmartAPI connected successfully
2026-08-21 13:21:23 | INFO     | core.logger_manager:info:44 - Historical data loaded: 368 candles
2026-08-21 13:21:33 | INFO     | core.logger_manager:info:44 - Option Chain Engine initialized (Multi-Source)
2026-08-21 13:21:33 | INFO     | core.logger_manager:info:44 - Telegram Bot connected
2026-08-21 13:21:39 | INFO     | core.logger_manager:info:44 - JugaadIVFetcher expiry auto-set: 25-Aug-2026
2026-08-21 13:21:39 | INFO     | core.logger_manager:info:44 - Subscription Manager started (polling)
2026-08-21 13:21:39 | INFO     | core.logger_manager:info:44 - System initialization complete
2026-08-21 13:21:39 | INFO     | core.logger_manager:info:44 - BLOCKORA_TRADE started - entering main loop
2026-08-21 13:21:40 | INFO     | core.logger_manager:info:44 - Market OPENED - Starting analysis
2026-08-21 13:22:32 | INFO     | core.logger_manager:info:44 - Instrument master download (~30MB, once daily)...
2026-08-21 13:22:32 | WARNING  | core.logger_manager:warning:47 - Token load failed (fallback active): All URLs failed. Last: b'<html><head><title>Request Rejected</title></head><body>The requested URL was re'
2026-08-21 13:22:32 | WARNING  | core.logger_manager:warning:47 - Stale data: ['Chain timestamp missing/invalid'] - retrying fetch
2026-08-21 13:22:33 | WARNING  | core.logger_manager:warning:47 - NO_TRADE cycle (stale data): ['Chain timestamp missing/invalid']
2026-08-21 13:23:03 | WARNING  | core.logger_manager:warning:47 - Token load failed (fallback active): All URLs failed. Last: ''
2026-08-21 13:23:03 | WARNING  | core.logger_manager:warning:47 - Stale data: ['Spot stale 185.4s', 'Candle stale 38min', 'Chain timestamp missing/invalid'] - retrying fetch
2026-08-21 13:23:08 | WARNING  | core.logger_manager:warning:47 - NO_TRADE cycle (stale data): ['Chain timestamp missing/invalid']
2026-08-21 13:23:15 | WARNING  | core.logger_manager:warning:47 - Token load failed (fallback active): All URLs failed. Last: ''
2026-08-21 13:23:15 | WARNING  | core.logger_manager:warning:47 - Stale data: ['Spot stale 196.7s', 'Chain timestamp missing/invalid'] - retrying fetch
2026-08-21 13:23:19 | WARNING  | core.logger_manager:warning:47 - NO_TRADE cycle (stale data): ['Chain timestamp missing/invalid']
2026-08-21 13:23:30 | WARNING  | core.logger_manager:warning:47 - Token load failed (fallback active): All URLs failed. Last: ''
2026-08-21 13:23:30 | WARNING  | core.logger_manager:warning:47 - Stale data: ['Spot stale 211.9s', 'Chain timestamp missing/invalid'] - retrying fetch
2026-08-21 13:23:30 | WARNING  | core.logger_manager:warning:47 - Token load failed (fallback active): All URLs failed. Last: ''
2026-08-21 13:23:30 | WARNING  | core.logger_manager:warning:47 - Stale data: ['Spot stale 212.3s', 'Chain timestamp missing/invalid'] - retrying fetch
2026-08-21 13:23:35 | WARNING  | core.logger_manager:warning:47 - NO_TRADE cycle (stale data): ['Chain timestamp missing/invalid']
2026-08-21 13:23:35 | WARNING  | core.logger_manager:warning:47 - NO_TRADE cycle (stale data): ['Chain timestamp missing/invalid']
2026-08-21 13:24:19 | INFO     | core.logger_manager:info:44 - Expiry changed:  → 25AUG2026, refreshing tokens
2026-08-21 13:24:19 | INFO     | core.logger_manager:info:44 - Instrument master download (~30MB, once daily)...
2026-08-21 13:24:19 | WARNING  | core.logger_manager:warning:47 - Token load failed (fallback active): All URLs failed. Last: b'<html><head><title>Request Rejected</title></head><body>The requested URL was re'
2026-08-21 13:24:19 | WARNING  | core.logger_manager:warning:47 - Stale data: ['Chain timestamp missing/invalid'] - retrying fetch
2026-08-21 13:24:19 | WARNING  | core.logger_manager:warning:47 - NO_TRADE cycle (stale data): ['Chain timestamp missing/invalid']
2026-08-21 13:24:59 | INFO     | core.logger_manager:info:44 - Expiry changed:  → 25AUG2026, refreshing tokens
2026-08-21 13:24:59 | INFO     | core.logger_manager:info:44 - Instrument master download (~30MB, once daily)...
2026-08-21 13:25:05 | INFO     | core.logger_manager:info:44 - Expiry changed:  → 25AUG2026, refreshing tokens
2026-08-21 13:25:05 | INFO     | core.logger_manager:info:44 - Instrument master download (~30MB, once daily)...
2026-08-21 13:25:24 | INFO     | core.logger_manager:info:44 - Expiry changed:  → 25AUG2026, refreshing tokens
2026-08-21 13:25:24 | INFO     | core.logger_manager:info:44 - Instrument master download (~30MB, once daily)...
2026-08-21 13:25:24 | INFO     | core.logger_manager:info:44 - Expiry changed:  → 25AUG2026, refreshing tokens
2026-08-21 13:25:24 | INFO     | core.logger_manager:info:44 - Instrument master download (~30MB, once daily)...
2026-08-21 13:26:02 | INFO     | core.logger_manager:info:44 - Expiry changed:  → 25AUG2026, refreshing tokens
2026-08-21 13:26:02 | INFO     | core.logger_manager:info:44 - Instrument master download (~30MB, once daily)...
2026-08-21 13:26:02 | WARNING  | core.logger_manager:warning:47 - Token load failed (fallback active): All URLs failed. Last: b'<html><head><title>Request Rejected</title></head><body>The requested URL was re'
2026-08-21 13:26:02 | WARNING  | core.logger_manager:warning:47 - Stale data: ['Chain timestamp missing/invalid'] - retrying fetch
2026-08-21 13:26:02 | WARNING  | core.logger_manager:warning:47 - NO_TRADE cycle (stale data): ['Chain timestamp missing/invalid']
2026-08-21 13:26:23 | INFO     | core.logger_manager:info:44 - Master downloaded: https://margincalculator.angelone.in/OpenAPI_File/files/OpenAPIScripMaster.json
2026-08-21 13:26:23 | INFO     | core.logger_manager:info:44 - Tokens saved: 243
2026-08-21 13:26:28 | INFO     | core.logger_manager:info:44 - Angel LIVE chain ready: 31 strikes | PCR 1.06
2026-08-21 13:26:28 | WARNING  | core.logger_manager:warning:47 - Stale data: ['Spot stale 128.9s'] - retrying fetch
2026-08-21 13:26:36 | INFO     | core.logger_manager:info:44 - Market Regime: SIDEWAYS | ADX:17.2 RSI:49.5 ATR%:0.04
2026-08-21 13:27:29 | INFO     | core.logger_manager:info:44 - Master downloaded: https://margincalculator.angelone.in/OpenAPI_File/files/OpenAPIScripMaster.json
2026-08-21 13:27:30 | INFO     | core.logger_manager:info:44 - Tokens saved: 243
2026-08-21 13:27:35 | INFO     | core.logger_manager:info:44 - Angel LIVE chain ready: 31 strikes | PCR 1.06
2026-08-21 13:27:35 | WARNING  | core.logger_manager:warning:47 - Stale data: ['Spot stale 176.1s'] - retrying fetch
2026-08-21 13:27:43 | INFO     | core.logger_manager:info:44 - Market Regime: SIDEWAYS | ADX:17.2 RSI:51.6 ATR%:0.04
2026-08-21 13:27:45 | INFO     | core.logger_manager:info:44 - Expiry changed:  → 25AUG2026, refreshing tokens
2026-08-21 13:27:50 | INFO     | core.logger_manager:info:44 - Angel LIVE chain ready: 31 strikes | PCR 1.06
2026-08-21 13:27:50 | INFO     | core.logger_manager:info:44 - Market Regime: SIDEWAYS | ADX:17.2 RSI:50.6 ATR%:0.04
2026-08-21 13:28:20 | INFO     | core.logger_manager:info:44 - Master downloaded: https://margincalculator.angelone.in/OpenAPI_File/files/OpenAPIScripMaster.json
2026-08-21 13:28:20 | INFO     | core.logger_manager:info:44 - Tokens saved: 243
2026-08-21 13:28:25 | INFO     | core.logger_manager:info:44 - Master downloaded: https://margincalculator.angelone.in/OpenAPI_File/files/OpenAPIScripMaster.json
2026-08-21 13:28:25 | INFO     | core.logger_manager:info:44 - Tokens saved: 243
2026-08-21 13:28:26 | INFO     | core.logger_manager:info:44 - Angel LIVE chain ready: 31 strikes | PCR 1.06
2026-08-21 13:28:26 | WARNING  | core.logger_manager:warning:47 - Stale data: ['Spot stale 230.4s'] - retrying fetch
2026-08-21 13:28:27 | INFO     | core.logger_manager:info:44 - Angel LIVE chain ready: 31 strikes | PCR 1.06
2026-08-21 13:28:27 | INFO     | core.logger_manager:info:44 - Market Regime: SIDEWAYS | ADX:17.2 RSI:51.1 ATR%:0.04
2026-08-21 13:28:30 | INFO     | core.logger_manager:info:44 - Angel LIVE chain ready: 31 strikes | PCR 1.06
2026-08-21 13:28:30 | WARNING  | core.logger_manager:warning:47 - Stale data: ['Spot stale 261.8s'] - retrying fetch
2026-08-21 13:28:34 | INFO     | core.logger_manager:info:44 - Market Regime: SIDEWAYS | ADX:17.2 RSI:52.6 ATR%:0.04
2026-08-21 13:28:38 | INFO     | core.logger_manager:info:44 - Market Regime: SIDEWAYS | ADX:17.2 RSI:51.9 ATR%:0.04
2026-08-21 13:29:33 | INFO     | core.logger_manager:info:44 - Angel LIVE chain ready: 31 strikes | PCR 1.06
2026-08-21 13:29:33 | INFO     | core.logger_manager:info:44 - Market Regime: SIDEWAYS | ADX:17.2 RSI:51.0 ATR%:0.04
2026-08-21 13:29:35 | INFO     | core.logger_manager:info:44 - Angel LIVE chain ready: 31 strikes | PCR 1.06
2026-08-21 13:29:35 | INFO     | core.logger_manager:info:44 - Market Regime: SIDEWAYS | ADX:17.2 RSI:51.0 ATR%:0.04
2026-08-21 13:30:14 | INFO     | core.logger_manager:info:44 - Angel LIVE chain ready: 31 strikes | PCR 1.06
2026-08-21 13:30:14 | INFO     | core.logger_manager:info:44 - Market Regime: SIDEWAYS | ADX:17.2 RSI:55.5 ATR%:0.04
2026-08-21 13:30:14 | INFO     | core.logger_manager:info:44 - Angel LIVE chain ready: 31 strikes | PCR 1.06
2026-08-21 13:30:14 | INFO     | core.logger_manager:info:44 - Market Regime: SIDEWAYS | ADX:17.2 RSI:55.1 ATR%:0.04
2026-08-21 13:30:29 | INFO     | core.logger_manager:info:44 - Angel LIVE chain ready: 31 strikes | PCR 1.06
2026-08-21 13:30:29 | INFO     | core.logger_manager:info:44 - Market Regime: SIDEWAYS | ADX:17.2 RSI:55.4 ATR%:0.04
2026-08-21 13:31:27 | INFO     | core.logger_manager:info:44 - Angel LIVE chain ready: 31 strikes | PCR 1.06
2026-08-21 13:31:27 | INFO     | core.logger_manager:info:44 - Market Regime: SIDEWAYS | ADX:17.2 RSI:56.4 ATR%:0.04
2026-08-21 13:31:29 | INFO     | core.logger_manager:info:44 - Angel LIVE chain ready: 31 strikes | PCR 1.06
2026-08-21 13:31:29 | INFO     | core.logger_manager:info:44 - Market Regime: SIDEWAYS | ADX:15.0 RSI:53.9 ATR%:0.04
2026-08-21 13:31:57 | INFO     | core.logger_manager:info:44 - BLOCKORA_TRADE v1.0 starting...
2026-08-21 13:31:59 | INFO     | core.logger_manager:info:44 - Angel LIVE chain ready: 31 strikes | PCR 1.06
2026-08-21 13:31:59 | INFO     | core.logger_manager:info:44 - Market Regime: SIDEWAYS | ADX:15.0 RSI:52.9 ATR%:0.04
2026-08-21 13:31:59 | INFO     | core.logger_manager:info:44 - Angel One SmartAPI connected successfully
2026-08-21 13:32:00 | INFO     | core.logger_manager:info:44 - Option Chain Engine initialized (Multi-Source)
2026-08-21 13:32:01 | INFO     | core.logger_manager:info:44 - Telegram Bot connected
2026-08-21 13:32:07 | INFO     | core.logger_manager:info:44 - JugaadIVFetcher expiry auto-set: 25-Aug-2026
2026-08-21 13:32:07 | INFO     | core.logger_manager:info:44 - Subscription Manager started (polling)
2026-08-21 13:32:07 | INFO     | core.logger_manager:info:44 - System initialization complete
2026-08-21 13:32:07 | INFO     | core.logger_manager:info:44 - BLOCKORA_TRADE started - entering main loop
2026-08-21 13:32:09 | INFO     | core.logger_manager:info:44 - Angel LIVE chain ready: 31 strikes | PCR 1.06
2026-08-21 13:32:09 | INFO     | core.logger_manager:info:44 - Market Regime: SIDEWAYS | ADX:15.0 RSI:52.9 ATR%:0.04
2026-08-21 13:32:09 | INFO     | core.logger_manager:info:44 - Market OPENED - Starting analysis
2026-08-21 13:32:24 | INFO     | core.logger_manager:info:44 - Angel LIVE chain ready: 31 strikes | PCR 1.06
2026-08-21 13:32:24 | INFO     | core.logger_manager:info:44 - Market Regime: SIDEWAYS | ADX:17.2 RSI:55.2 ATR%:0.04
2026-08-21 13:32:25 | INFO     | core.logger_manager:info:44 - Starting graceful shutdown...
2026-08-21 13:32:25 | INFO     | core.logger_manager:info:44 - Market data connection closed
2026-08-21 13:32:25 | INFO     | core.logger_manager:info:44 - Market engine closed
2026-08-21 13:32:25 | INFO     | core.logger_manager:info:44 - Option Chain Engine shutdown
2026-08-21 13:32:25 | INFO     | core.logger_manager:info:44 - Option engine closed
2026-08-21 13:32:25 | INFO     | core.logger_manager:info:44 - Database saved and closed
2026-08-21 13:32:26 | INFO     | core.logger_manager:info:44 - Graceful shutdown complete
2026-08-21 13:33:20 | INFO     | core.logger_manager:info:44 - Angel LIVE chain ready: 31 strikes | PCR 1.06
2026-08-21 13:33:20 | INFO     | core.logger_manager:info:44 - Market Regime: SIDEWAYS | ADX:15.0 RSI:49.2 ATR%:0.04
2026-08-21 13:33:21 | INFO     | core.logger_manager:info:44 - Angel LIVE chain ready: 31 strikes | PCR 1.06
2026-08-21 13:33:21 | INFO     | core.logger_manager:info:44 - Market Regime: SIDEWAYS | ADX:17.2 RSI:51.9 ATR%:0.04
2026-08-21 13:33:42 | INFO     | core.logger_manager:info:44 - Angel LIVE chain ready: 31 strikes | PCR 1.06
2026-08-21 13:33:42 | INFO     | core.logger_manager:info:44 - Market Regime: SIDEWAYS | ADX:15.0 RSI:48.7 ATR%:0.04
2026-08-21 13:33:59 | INFO     | core.logger_manager:info:44 - Angel LIVE chain ready: 31 strikes | PCR 1.06
2026-08-21 13:33:59 | INFO     | core.logger_manager:info:44 - Market Regime: SIDEWAYS | ADX:15.0 RSI:48.7 ATR%:0.04
2026-08-21 13:34:16 | INFO     | core.logger_manager:info:44 - Angel LIVE chain ready: 31 strikes | PCR 1.06
2026-08-21 13:34:16 | INFO     | core.logger_manager:info:44 - Market Regime: SIDEWAYS | ADX:17.2 RSI:50.6 ATR%:0.04
2026-08-21 13:35:11 | INFO     | core.logger_manager:info:44 - Angel LIVE chain ready: 31 strikes | PCR 1.06
2026-08-21 13:35:11 | INFO     | core.logger_manager:info:44 - Market Regime: SIDEWAYS | ADX:15.0 RSI:50.0 ATR%:0.04
2026-08-21 13:35:17 | INFO     | core.logger_manager:info:44 - Angel LIVE chain ready: 31 strikes | PCR 1.06
2026-08-21 13:35:17 | INFO     | core.logger_manager:info:44 - Market Regime: SIDEWAYS | ADX:15.0 RSI:50.1 ATR%:0.04
2026-08-21 13:35:33 | INFO     | core.logger_manager:info:44 - Angel LIVE chain ready: 31 strikes | PCR 1.06
2026-08-21 13:35:33 | INFO     | core.logger_manager:info:44 - Market Regime: SIDEWAYS | ADX:15.0 RSI:50.4 ATR%:0.04
2026-08-21 13:35:50 | INFO     | core.logger_manager:info:44 - Angel LIVE chain ready: 31 strikes | PCR 1.06
2026-08-21 13:35:50 | INFO     | core.logger_manager:info:44 - Market Regime: SIDEWAYS | ADX:15.0 RSI:49.3 ATR%:0.04
2026-08-21 13:36:10 | INFO     | core.logger_manager:info:44 - Angel LIVE chain ready: 31 strikes | PCR 1.06
2026-08-21 13:36:10 | INFO     | core.logger_manager:info:44 - Market Regime: SIDEWAYS | ADX:17.2 RSI:51.6 ATR%:0.04
2026-08-21 13:37:06 | INFO     | core.logger_manager:info:44 - Angel LIVE chain ready: 31 strikes | PCR 1.06
2026-08-21 13:37:06 | INFO     | core.logger_manager:info:44 - Market Regime: SIDEWAYS | ADX:15.0 RSI:46.9 ATR%:0.04
2026-08-21 13:37:11 | INFO     | core.logger_manager:info:44 - Angel LIVE chain ready: 31 strikes | PCR 1.06
2026-08-21 13:37:11 | INFO     | core.logger_manager:info:44 - Market Regime: SIDEWAYS | ADX:15.0 RSI:45.7 ATR%:0.04
2026-08-21 13:37:36 | INFO     | core.logger_manager:info:44 - Angel LIVE chain ready: 31 strikes | PCR 1.05
2026-08-21 13:37:36 | INFO     | core.logger_manager:info:44 - Market Regime: SIDEWAYS | ADX:1.5 RSI:45.7 ATR%:0.04
2026-08-21 13:37:45 | INFO     | core.logger_manager:info:44 - Angel LIVE chain ready: 31 strikes | PCR 1.05
2026-08-21 13:37:45 | INFO     | core.logger_manager:info:44 - Market Regime: SIDEWAYS | ADX:0.1 RSI:44.5 ATR%:0.04
2026-08-21 13:38:05 | INFO     | core.logger_manager:info:44 - Angel LIVE chain ready: 31 strikes | PCR 1.05
2026-08-21 13:38:05 | INFO     | core.logger_manager:info:44 - Market Regime: SIDEWAYS | ADX:17.2 RSI:47.6 ATR%:0.04
2026-08-21 13:39:00 | INFO     | core.logger_manager:info:44 - Angel LIVE chain ready: 31 strikes | PCR 1.05
2026-08-21 13:39:00 | INFO     | core.logger_manager:info:44 - Market Regime: SIDEWAYS | ADX:0.9 RSI:47.8 ATR%:0.04
2026-08-21 13:39:05 | INFO     | core.logger_manager:info:44 - Angel LIVE chain ready: 31 strikes | PCR 1.05
2026-08-21 13:39:05 | INFO     | core.logger_manager:info:44 - Market Regime: SIDEWAYS | ADX:0.9 RSI:47.4 ATR%:0.04
2026-08-21 13:39:26 | INFO     | core.logger_manager:info:44 - Angel LIVE chain ready: 31 strikes | PCR 1.04
2026-08-21 13:39:26 | INFO     | core.logger_manager:info:44 - Market Regime: SIDEWAYS | ADX:1.5 RSI:47.0 ATR%:0.04
2026-08-21 13:39:40 | INFO     | core.logger_manager:info:44 - Angel LIVE chain ready: 31 strikes | PCR 1.04
2026-08-21 13:39:40 | INFO     | core.logger_manager:info:44 - Market Regime: SIDEWAYS | ADX:0.9 RSI:46.7 ATR%:0.04
2026-08-21 13:40:00 | INFO     | core.logger_manager:info:44 - Angel LIVE chain ready: 31 strikes | PCR 1.04
2026-08-21 13:40:00 | INFO     | core.logger_manager:info:44 - Market Regime: SIDEWAYS | ADX:0.9 RSI:47.8 ATR%:0.04
2026-08-21 13:40:46 | INFO     | core.logger_manager:info:44 - Angel LIVE chain ready: 31 strikes | PCR 1.05
2026-08-21 13:40:46 | INFO     | core.logger_manager:info:44 - Market Regime: SIDEWAYS | ADX:0.9 RSI:48.1 ATR%:0.04
2026-08-21 13:41:00 | INFO     | core.logger_manager:info:44 - Angel LIVE chain ready: 31 strikes | PCR 1.05
2026-08-21 13:41:00 | INFO     | core.logger_manager:info:44 - Market Regime: SIDEWAYS | ADX:0.9 RSI:47.7 ATR%:0.04
2026-08-21 13:41:10 | INFO     | core.logger_manager:info:44 - Angel LIVE chain ready: 31 strikes | PCR 1.05
2026-08-21 13:41:10 | INFO     | core.logger_manager:info:44 - Market Regime: SIDEWAYS | ADX:1.5 RSI:47.6 ATR%:0.04
2026-08-21 13:41:24 | INFO     | core.logger_manager:info:44 - Angel LIVE chain ready: 31 strikes | PCR 1.04
2026-08-21 13:41:24 | INFO     | core.logger_manager:info:44 - Market Regime: SIDEWAYS | ADX:5.8 RSI:45.5 ATR%:0.04
2026-08-21 13:41:51 | INFO     | core.logger_manager:info:44 - Angel LIVE chain ready: 31 strikes | PCR 1.04
2026-08-21 13:41:51 | INFO     | core.logger_manager:info:44 - Market Regime: SIDEWAYS | ADX:0.9 RSI:48.8 ATR%:0.04
2026-08-21 13:42:39 | INFO     | core.logger_manager:info:44 - Angel LIVE chain ready: 31 strikes | PCR 1.05
2026-08-21 13:42:39 | INFO     | core.logger_manager:info:44 - Market Regime: SIDEWAYS | ADX:5.8 RSI:41.9 ATR%:0.04
2026-08-21 13:42:53 | INFO     | core.logger_manager:info:44 - Angel LIVE chain ready: 31 strikes | PCR 1.05
2026-08-21 13:42:53 | INFO     | core.logger_manager:info:44 - Market Regime: SIDEWAYS | ADX:6.1 RSI:41.1 ATR%:0.04
2026-08-21 13:43:04 | INFO     | core.logger_manager:info:44 - Angel LIVE chain ready: 31 strikes | PCR 1.05
2026-08-21 13:43:04 | INFO     | core.logger_manager:info:44 - Market Regime: SIDEWAYS | ADX:1.5 RSI:46.6 ATR%:0.04
2026-08-21 13:43:17 | INFO     | core.logger_manager:info:44 - Angel LIVE chain ready: 31 strikes | PCR 1.05
2026-08-21 13:43:17 | INFO     | core.logger_manager:info:44 - Market Regime: SIDEWAYS | ADX:5.8 RSI:42.9 ATR%:0.04
2026-08-21 13:43:45 | INFO     | core.logger_manager:info:44 - Angel LIVE chain ready: 31 strikes | PCR 1.05
2026-08-21 13:43:45 | INFO     | core.logger_manager:info:44 - Market Regime: SIDEWAYS | ADX:0.9 RSI:46.4 ATR%:0.04
2026-08-21 13:44:30 | INFO     | core.logger_manager:info:44 - Angel LIVE chain ready: 31 strikes | PCR 1.04
2026-08-21 13:44:30 | INFO     | core.logger_manager:info:44 - Market Regime: SIDEWAYS | ADX:5.8 RSI:44.9 ATR%:0.04
2026-08-21 13:44:43 | INFO     | core.logger_manager:info:44 - Angel LIVE chain ready: 31 strikes | PCR 1.04
2026-08-21 13:44:43 | INFO     | core.logger_manager:info:44 - Market Regime: SIDEWAYS | ADX:6.1 RSI:45.8 ATR%:0.04
2026-08-21 13:44:59 | INFO     | core.logger_manager:info:44 - Angel LIVE chain ready: 31 strikes | PCR 1.04
2026-08-21 13:44:59 | INFO     | core.logger_manager:info:44 - Market Regime: SIDEWAYS | ADX:6.1 RSI:44.8 ATR%:0.04
2026-08-21 13:45:08 | INFO     | core.logger_manager:info:44 - Angel LIVE chain ready: 31 strikes | PCR 1.04
2026-08-21 13:45:08 | INFO     | core.logger_manager:info:44 - Market Regime: SIDEWAYS | ADX:5.8 RSI:44.3 ATR%:0.04
2026-08-21 13:45:35 | INFO     | core.logger_manager:info:44 - Angel LIVE chain ready: 31 strikes | PCR 1.04
2026-08-21 13:45:35 | INFO     | core.logger_manager:info:44 - Market Regime: SIDEWAYS | ADX:6.1 RSI:44.2 ATR%:0.04
2026-08-21 13:46:25 | INFO     | core.logger_manager:info:44 - Angel LIVE chain ready: 31 strikes | PCR 1.04
2026-08-21 13:46:25 | INFO     | core.logger_manager:info:44 - Market Regime: SIDEWAYS | ADX:1.8 RSI:48.3 ATR%:0.04
2026-08-21 13:46:39 | INFO     | core.logger_manager:info:44 - Angel LIVE chain ready: 31 strikes | PCR 1.04
2026-08-21 13:46:39 | INFO     | core.logger_manager:info:44 - Market Regime: SIDEWAYS | ADX:6.1 RSI:43.7 ATR%:0.04
2026-08-21 13:46:54 | INFO     | core.logger_manager:info:44 - Angel LIVE chain ready: 31 strikes | PCR 1.04
2026-08-21 13:46:54 | INFO     | core.logger_manager:info:44 - Market Regime: SIDEWAYS | ADX:6.1 RSI:42.6 ATR%:0.04
2026-08-21 13:47:26 | INFO     | core.logger_manager:info:44 - BLOCKORA_TRADE v1.0 starting...
2026-08-21 13:47:27 | INFO     | core.logger_manager:info:44 - Angel One SmartAPI connected successfully
2026-08-21 13:47:28 | INFO     | core.logger_manager:info:44 - Option Chain Engine initialized (Multi-Source)
2026-08-21 13:47:29 | INFO     | core.logger_manager:info:44 - Telegram Bot connected
2026-08-21 13:47:34 | INFO     | core.logger_manager:info:44 - JugaadIVFetcher expiry auto-set: 25-Aug-2026
2026-08-21 13:47:34 | INFO     | core.logger_manager:info:44 - Subscription Manager started (polling)
2026-08-21 13:47:34 | INFO     | core.logger_manager:info:44 - System initialization complete
2026-08-21 13:47:34 | INFO     | core.logger_manager:info:44 - BLOCKORA_TRADE started - entering main loop
2026-08-21 13:47:35 | INFO     | core.logger_manager:info:44 - Market OPENED - Starting analysis
2026-08-21 13:48:34 | INFO     | core.logger_manager:info:44 - Angel LIVE chain ready: 31 strikes | PCR 1.04
2026-08-21 13:48:34 | INFO     | core.logger_manager:info:44 - Market Regime: SIDEWAYS | ADX:2.0 RSI:49.7 ATR%:0.04
2026-08-21 13:50:23 | INFO     | core.logger_manager:info:44 - Angel LIVE chain ready: 31 strikes | PCR 1.04
2026-08-21 13:50:23 | INFO     | core.logger_manager:info:44 - Market Regime: SIDEWAYS | ADX:2.0 RSI:47.2 ATR%:0.04
2026-08-21 13:52:20 | INFO     | core.logger_manager:info:44 - Angel LIVE chain ready: 31 strikes | PCR 1.04
2026-08-21 13:52:20 | INFO     | core.logger_manager:info:44 - Market Regime: SIDEWAYS | ADX:7.5 RSI:43.5 ATR%:0.04
2026-08-21 13:54:14 | INFO     | core.logger_manager:info:44 - Angel LIVE chain ready: 31 strikes | PCR 1.03
2026-08-21 13:54:14 | INFO     | core.logger_manager:info:44 - Market Regime: SIDEWAYS | ADX:9.0 RSI:50.8 ATR%:0.04
2026-08-21 13:56:07 | INFO     | core.logger_manager:info:44 - Angel LIVE chain ready: 31 strikes | PCR 1.03
2026-08-21 13:56:07 | INFO     | core.logger_manager:info:44 - Market Regime: SIDEWAYS | ADX:3.3 RSI:53.3 ATR%:0.04
2026-08-21 13:57:56 | INFO     | core.logger_manager:info:44 - Angel LIVE chain ready: 31 strikes | PCR 1.03
2026-08-21 13:57:56 | INFO     | core.logger_manager:info:44 - Market Regime: SIDEWAYS | ADX:3.3 RSI:54.1 ATR%:0.04
2026-08-21 13:59:37 | INFO     | core.logger_manager:info:44 - Angel LIVE chain ready: 31 strikes | PCR 1.03
2026-08-21 13:59:37 | INFO     | core.logger_manager:info:44 - Market Regime: SIDEWAYS | ADX:3.7 RSI:55.4 ATR%:0.04
2026-08-21 14:01:34 | INFO     | core.logger_manager:info:44 - Angel LIVE chain ready: 31 strikes | PCR 1.03
2026-08-21 14:01:34 | INFO     | core.logger_manager:info:44 - Market Regime: SIDEWAYS | ADX:3.7 RSI:52.6 ATR%:0.04
2026-08-21 14:03:30 | INFO     | core.logger_manager:info:44 - Angel LIVE chain ready: 31 strikes | PCR 1.03
2026-08-21 14:03:30 | INFO     | core.logger_manager:info:44 - Market Regime: SIDEWAYS | ADX:11.3 RSI:49.1 ATR%:0.04
2026-08-21 14:05:21 | INFO     | core.logger_manager:info:44 - Angel LIVE chain ready: 31 strikes | PCR 1.03
2026-08-21 14:05:21 | INFO     | core.logger_manager:info:44 - Market Regime: SIDEWAYS | ADX:11.3 RSI:49.5 ATR%:0.04
2026-08-21 14:07:41 | WARNING  | core.logger_manager:warning:47 - Stale data: ['Chain timestamp missing/invalid'] - retrying fetch
2026-08-21 14:07:55 | WARNING  | core.logger_manager:warning:47 - NO_TRADE cycle (stale data): ['Chain timestamp missing/invalid']
2026-08-21 14:08:29 | INFO     | core.logger_manager:info:44 - Starting graceful shutdown...
2026-08-21 14:08:39 | INFO     | core.logger_manager:info:44 - Market engine closed
2026-08-21 14:08:39 | INFO     | core.logger_manager:info:44 - Option Chain Engine shutdown
2026-08-21 14:08:39 | INFO     | core.logger_manager:info:44 - Option engine closed
2026-08-21 14:08:39 | INFO     | core.logger_manager:info:44 - Database saved and closed
2026-08-21 14:08:45 | WARNING  | core.logger_manager:warning:47 - Telegram timeout/blocked. Skipping to protect analysis loop.
2026-08-21 14:08:45 | INFO     | core.logger_manager:info:44 - Graceful shutdown complete
2026-08-21 14:31:06 | INFO     | core.logger_manager:info:44 - BLOCKORA_TRADE v1.0 starting...
2026-08-21 14:31:08 | INFO     | core.logger_manager:info:44 - Angel One SmartAPI connected successfully
2026-08-21 14:31:09 | INFO     | core.logger_manager:info:44 - Option Chain Engine initialized (Multi-Source)
2026-08-21 14:31:20 | INFO     | core.logger_manager:info:44 - Telegram Bot connected
2026-08-21 14:31:25 | INFO     | core.logger_manager:info:44 - JugaadIVFetcher expiry auto-set: 25-Aug-2026
2026-08-21 14:31:25 | INFO     | core.logger_manager:info:44 - Subscription Manager started (polling)
2026-08-21 14:31:25 | INFO     | core.logger_manager:info:44 - System initialization complete
2026-08-21 14:31:25 | INFO     | core.logger_manager:info:44 - BLOCKORA_TRADE started - entering main loop
2026-08-21 14:31:26 | INFO     | core.logger_manager:info:44 - Market OPENED - Starting analysis
2026-08-21 14:32:26 | INFO     | core.logger_manager:info:44 - Angel LIVE chain ready: 31 strikes | PCR 1.06
2026-08-21 14:32:26 | INFO     | core.logger_manager:info:44 - Market Regime: SIDEWAYS | ADX:4.9 RSI:53.2 ATR%:0.04
2026-08-21 14:34:08 | INFO     | core.logger_manager:info:44 - Angel LIVE chain ready: 31 strikes | PCR 1.08
2026-08-21 14:34:08 | INFO     | core.logger_manager:info:44 - Market Regime: SIDEWAYS | ADX:4.9 RSI:51.1 ATR%:0.04
2026-08-21 14:36:07 | INFO     | core.logger_manager:info:44 - Angel LIVE chain ready: 31 strikes | PCR 1.07
2026-08-21 14:36:07 | INFO     | core.logger_manager:info:44 - Market Regime: SIDEWAYS | ADX:2.2 RSI:41.2 ATR%:0.04
2026-08-21 14:38:01 | INFO     | core.logger_manager:info:44 - Angel LIVE chain ready: 31 strikes | PCR 1.07
2026-08-21 14:38:01 | INFO     | core.logger_manager:info:44 - Market Regime: SIDEWAYS | ADX:2.2 RSI:40.8 ATR%:0.04
2026-08-21 14:39:46 | INFO     | core.logger_manager:info:44 - Angel LIVE chain ready: 31 strikes | PCR 1.07
2026-08-21 14:39:46 | INFO     | core.logger_manager:info:44 - Market Regime: SIDEWAYS | ADX:2.2 RSI:42.3 ATR%:0.04
2026-08-21 14:41:45 | INFO     | core.logger_manager:info:44 - Angel LIVE chain ready: 31 strikes | PCR 1.07
2026-08-21 14:41:45 | INFO     | core.logger_manager:info:44 - Market Regime: SIDEWAYS | ADX:2.2 RSI:39.9 ATR%:0.04
2026-08-21 14:43:00 | INFO     | core.logger_manager:info:44 - Starting graceful shutdown...
2026-08-21 14:43:01 | INFO     | core.logger_manager:info:44 - Market data connection closed
2026-08-21 14:43:01 | INFO     | core.logger_manager:info:44 - Market engine closed
2026-08-21 14:43:01 | INFO     | core.logger_manager:info:44 - Option Chain Engine shutdown
2026-08-21 14:43:01 | INFO     | core.logger_manager:info:44 - Option engine closed
2026-08-21 14:43:01 | INFO     | core.logger_manager:info:44 - Database saved and closed
2026-08-21 14:43:02 | INFO     | core.logger_manager:info:44 - Graceful shutdown complete
2026-08-21 23:45:15 | WARNING  | core.logger_manager:warning:47 - Validator REJECT: ['rr_1.0<2.0']
2026-08-21 23:45:15 | WARNING  | core.logger_manager:warning:47 - Validator REJECT: ['rr_2.0<2.0']
2026-08-22 02:44:24 | WARNING  | core.logger_manager:warning:47 - Validator REJECT: ['rr_1.0<2.0']
2026-08-22 02:44:24 | WARNING  | core.logger_manager:warning:47 - Validator REJECT: ['rr_2.0<2.0']
2026-08-22 03:02:02 | WARNING  | core.logger_manager:warning:47 - Validator REJECT: ['rr_1.0<2.0']
2026-08-22 03:02:02 | WARNING  | core.logger_manager:warning:47 - Validator REJECT: ['rr_2.0<2.0']
2026-08-22 03:04:05 | WARNING  | core.logger_manager:warning:47 - Validator REJECT: ['rr_1.0<2.0']
2026-08-22 03:04:05 | WARNING  | core.logger_manager:warning:47 - Validator REJECT: ['rr_2.0<2.0']
2026-08-22 03:04:07 | WARNING  | core.logger_manager:warning:47 - Validator REJECT: ['regime_EXTREME_VOLATILITY', 'rr_1.6<2.0']
2026-08-22 03:04:07 | WARNING  | core.logger_manager:warning:47 - Validator REJECT: ['highvol_min_rr:rr_0.7<1.5', 'highvol_volume_filter:vol_500000<=avg500000x1.5', 'rr_0.7<1.5']
2026-08-22 03:04:07 | WARNING  | core.logger_manager:warning:47 - Validator REJECT: ['highvol_atm_range:strike_24450_outside_atm_2_range', 'highvol_volume_filter:vol_500000<=avg500000x1.5']
2026-08-22 03:04:07 | WARNING  | core.logger_manager:warning:47 - Validator REJECT: ['highvol_oi_confirmation:oi_change_4%<10.0%', 'highvol_volume_filter:vol_500000<=avg500000x1.5']
2026-08-22 09:20:35 | WARNING  | core.logger_manager:warning:47 - Validator REJECT: ['rr_1.0<2.0']
2026-08-22 09:20:35 | WARNING  | core.logger_manager:warning:47 - Validator REJECT: ['rr_2.0<2.0']
2026-08-22 09:23:14 | WARNING  | core.logger_manager:warning:47 - Validator REJECT: ['rr_1.0<2.0']
2026-08-22 09:23:14 | WARNING  | core.logger_manager:warning:47 - Validator REJECT: ['rr_2.0<2.0']
2026-08-22 09:23:15 | WARNING  | core.logger_manager:warning:47 - Validator REJECT: ['regime_EXTREME_VOLATILITY', 'rr_1.6<2.0']
2026-08-22 09:23:15 | WARNING  | core.logger_manager:warning:47 - Validator REJECT: ['highvol_min_rr:rr_0.7<1.5', 'highvol_volume_filter:vol_500000<=avg500000x1.5', 'rr_0.7<1.5']
2026-08-22 09:23:15 | WARNING  | core.logger_manager:warning:47 - Validator REJECT: ['highvol_atm_range:strike_24450_outside_atm_2_range', 'highvol_volume_filter:vol_500000<=avg500000x1.5']
2026-08-22 09:23:15 | WARNING  | core.logger_manager:warning:47 - Validator REJECT: ['highvol_oi_confirmation:oi_change_4%<10.0%', 'highvol_volume_filter:vol_500000<=avg500000x1.5']
2026-08-22 09:40:05 | WARNING  | core.logger_manager:warning:47 - Validator REJECT: ['rr_1.0<2.0']
2026-08-22 09:40:05 | WARNING  | core.logger_manager:warning:47 - Validator REJECT: ['rr_2.0<2.0']
2026-08-22 09:40:07 | WARNING  | core.logger_manager:warning:47 - Validator REJECT: ['regime_EXTREME_VOLATILITY', 'rr_1.6<2.0']
2026-08-22 09:40:07 | WARNING  | core.logger_manager:warning:47 - Validator REJECT: ['highvol_min_rr:rr_0.7<1.5', 'highvol_volume_filter:vol_500000<=avg500000x1.5', 'rr_0.7<1.5']
2026-08-22 09:40:07 | WARNING  | core.logger_manager:warning:47 - Validator REJECT: ['highvol_atm_range:strike_24450_outside_atm_2_range', 'highvol_volume_filter:vol_500000<=avg500000x1.5']
2026-08-22 09:40:07 | WARNING  | core.logger_manager:warning:47 - Validator REJECT: ['highvol_oi_confirmation:oi_change_4%<10.0%', 'highvol_volume_filter:vol_500000<=avg500000x1.5']
2026-08-22 09:45:39 | WARNING  | core.logger_manager:warning:47 - Validator REJECT: ['rr_1.0<2.0']
2026-08-22 09:45:39 | WARNING  | core.logger_manager:warning:47 - Validator REJECT: ['rr_2.0<2.0']
2026-08-22 09:45:41 | WARNING  | core.logger_manager:warning:47 - Validator REJECT: ['regime_EXTREME_VOLATILITY', 'rr_1.6<2.0']
2026-08-22 09:45:41 | WARNING  | core.logger_manager:warning:47 - Validator REJECT: ['highvol_min_rr:rr_0.7<1.5', 'highvol_volume_filter:vol_500000<=avg500000x1.5', 'rr_0.7<1.5']
2026-08-22 09:45:41 | WARNING  | core.logger_manager:warning:47 - Validator REJECT: ['highvol_atm_range:strike_24450_outside_atm_2_range', 'highvol_volume_filter:vol_500000<=avg500000x1.5']
2026-08-22 09:45:41 | WARNING  | core.logger_manager:warning:47 - Validator REJECT: ['highvol_oi_confirmation:oi_change_4%<10.0%', 'highvol_volume_filter:vol_500000<=avg500000x1.5']
2026-08-22 09:50:12 | INFO     | core.logger_manager:info:44 - BLOCKORA_TRADE v1.0 starting...
2026-08-22 09:50:13 | INFO     | core.logger_manager:info:44 - Angel One SmartAPI connected successfully
2026-08-22 09:50:13 | INFO     | core.logger_manager:info:44 - Option Chain Engine initialized (Multi-Source)
2026-08-22 09:50:14 | INFO     | core.logger_manager:info:44 - Telegram Bot connected
2026-08-22 09:50:16 | INFO     | core.logger_manager:info:44 - JugaadIVFetcher expiry auto-set: 25-Aug-2026
2026-08-22 09:50:16 | INFO     | core.logger_manager:info:44 - Subscription Manager started (polling)
2026-08-22 09:50:16 | INFO     | core.logger_manager:info:44 - System initialization complete
2026-08-22 09:50:16 | INFO     | core.logger_manager:info:44 - BLOCKORA_TRADE started - entering main loop
2026-08-22 09:50:37 | INFO     | core.logger_manager:info:44 - Starting graceful shutdown...
2026-08-22 09:50:37 | INFO     | core.logger_manager:info:44 - Market data connection closed
2026-08-22 09:50:37 | INFO     | core.logger_manager:info:44 - Market engine closed
2026-08-22 09:50:37 | INFO     | core.logger_manager:info:44 - Option Chain Engine shutdown
2026-08-22 09:50:37 | INFO     | core.logger_manager:info:44 - Option engine closed
2026-08-22 09:50:37 | INFO     | core.logger_manager:info:44 - Database saved and closed
2026-08-22 09:50:38 | INFO     | core.logger_manager:info:44 - Graceful shutdown complete
2026-08-24 09:19:21 | INFO     | core.logger_manager:info:69 - BLOCKORA_TRADE v1.0 starting...
2026-08-24 09:19:22 | INFO     | core.logger_manager:info:69 - Angel One SmartAPI connected successfully
2026-08-24 09:19:23 | INFO     | core.logger_manager:info:69 - Option Chain Engine initialized (Multi-Source)
2026-08-24 09:19:24 | INFO     | core.logger_manager:info:69 - Telegram Bot connected
2026-08-24 09:19:27 | INFO     | core.logger_manager:info:69 - JugaadIVFetcher expiry auto-set: 25-Aug-2026
2026-08-24 09:19:27 | INFO     | core.logger_manager:info:69 - Subscription Manager started (polling)
2026-08-24 09:19:27 | INFO     | core.logger_manager:info:69 - System initialization complete
2026-08-24 09:19:27 | INFO     | core.logger_manager:info:69 - BLOCKORA_TRADE started - entering main loop
2026-08-24 09:19:27 | INFO     | core.logger_manager:info:69 - Market OPENED - Starting analysis
2026-08-24 09:19:29 | INFO     | core.logger_manager:info:69 - Rate limiter: waiting 3.8s before next request
2026-08-24 09:20:22 | INFO     | core.logger_manager:info:69 - NSE source cooldown: CORSPROXY (60s)
2026-08-24 09:20:22 | INFO     | core.logger_manager:info:69 - Instrument master download (~30MB, startup only)...
2026-08-24 09:20:23 | WARNING  | core.logger_manager:warning:72 - Download failed; using OLD cache (expiry: 25AUG2026)
2026-08-24 09:20:23 | WARNING  | core.logger_manager:warning:72 - Token load failed (fallback active): 'NoneType' object is not iterable
2026-08-24 09:20:24 | INFO     | core.logger_manager:info:69 - Rate limiter: waiting 3.5s before next request
2026-08-24 09:20:28 | INFO     | core.logger_manager:info:69 - Angel LIVE chain ready: 31 strikes | PCR 0.95
2026-08-24 09:20:28 | INFO     | core.logger_manager:info:69 - Market Regime: HIGH_VOLATILITY | ADX:69.7 RSI:87.0 ATR%:0.05
2026-08-24 09:20:28 | WARNING  | core.logger_manager:warning:72 - Validator REJECT: ['highvol_min_rr:bad_rr_levels', 'highvol_oi_confirmation:oi_change_0%<10.0%', 'highvol_option_type_zone:option_type_CE_rsi_87_out_of_zone', 'bad_rr_levels']
2026-08-24 09:21:28 | INFO     | core.logger_manager:info:69 - Rate limiter: waiting 3.8s before next request
2026-08-24 09:22:19 | INFO     | core.logger_manager:info:69 - NSE source cooldown: CORSPROXY (60s)
2026-08-24 09:22:21 | INFO     | core.logger_manager:info:69 - Rate limiter: waiting 3.1s before next request
2026-08-24 09:22:24 | INFO     | core.logger_manager:info:69 - Angel LIVE chain ready: 31 strikes | PCR 0.96
2026-08-24 09:22:24 | INFO     | core.logger_manager:info:69 - Market Regime: HIGH_VOLATILITY | ADX:69.7 RSI:87.4 ATR%:0.05
2026-08-24 09:22:24 | WARNING  | core.logger_manager:warning:72 - Validator REJECT: ['highvol_min_rr:bad_rr_levels', 'highvol_oi_confirmation:oi_change_9%<10.0%', 'highvol_volume_filter:vol_19498505<=avg16333980x1.5', 'highvol_option_type_zone:option_type_CE_rsi_87_out_of_zone', 'bad_rr_levels']
2026-08-24 09:23:24 | INFO     | core.logger_manager:info:69 - Rate limiter: waiting 3.8s before next request
2026-08-24 09:24:16 | INFO     | core.logger_manager:info:69 - NSE source cooldown: CORSPROXY (60s)
2026-08-24 09:24:17 | INFO     | core.logger_manager:info:69 - Rate limiter: waiting 3.8s before next request
2026-08-24 09:24:21 | INFO     | core.logger_manager:info:69 - Angel LIVE chain ready: 31 strikes | PCR 0.96
2026-08-24 09:24:21 | INFO     | core.logger_manager:info:69 - Market Regime: HIGH_VOLATILITY | ADX:67.5 RSI:86.8 ATR%:0.05
2026-08-24 09:24:21 | WARNING  | core.logger_manager:warning:72 - Validator REJECT: ['highvol_min_rr:bad_rr_levels', 'highvol_oi_confirmation:oi_change_8%<10.0%', 'highvol_volume_filter:vol_22263215<=avg17916242x1.5', 'highvol_option_type_zone:option_type_CE_rsi_87_out_of_zone', 'bad_rr_levels']
2026-08-24 09:25:21 | INFO     | core.logger_manager:info:69 - Rate limiter: waiting 3.8s before next request
2026-08-24 09:26:04 | INFO     | core.logger_manager:info:69 - NSE source cooldown: CORSPROXY (60s)
2026-08-24 09:26:04 | INFO     | core.logger_manager:info:69 - Rate limiter: waiting 3.7s before next request
2026-08-24 09:26:08 | INFO     | core.logger_manager:info:69 - Angel LIVE chain ready: 31 strikes | PCR 0.96
2026-08-24 09:26:08 | INFO     | core.logger_manager:info:69 - Market Regime: HIGH_VOLATILITY | ADX:67.5 RSI:85.7 ATR%:0.05
2026-08-24 09:26:08 | WARNING  | core.logger_manager:warning:72 - Validator REJECT: ['highvol_min_rr:bad_rr_levels', 'highvol_oi_confirmation:oi_change_3%<10.0%', 'highvol_volume_filter:vol_24454170<=avg19365233x1.5', 'highvol_option_type_zone:option_type_CE_rsi_86_out_of_zone', 'bad_rr_levels']
2026-08-24 09:27:08 | INFO     | core.logger_manager:info:69 - Rate limiter: waiting 3.8s before next request
2026-08-24 09:28:02 | INFO     | core.logger_manager:info:69 - NSE source cooldown: CORSPROXY (60s)
2026-08-24 09:28:02 | INFO     | core.logger_manager:info:69 - Rate limiter: waiting 3.7s before next request
2026-08-24 09:28:06 | INFO     | core.logger_manager:info:69 - Angel LIVE chain ready: 31 strikes | PCR 0.97
2026-08-24 09:28:06 | INFO     | core.logger_manager:info:69 - Market Regime: HIGH_VOLATILITY | ADX:67.5 RSI:85.9 ATR%:0.05
2026-08-24 09:28:06 | WARNING  | core.logger_manager:warning:72 - Validator REJECT: ['highvol_min_rr:bad_rr_levels', 'highvol_oi_confirmation:oi_change_3%<10.0%', 'highvol_volume_filter:vol_26606645<=avg20637468x1.5', 'highvol_option_type_zone:option_type_CE_rsi_86_out_of_zone', 'bad_rr_levels']
2026-08-24 09:29:07 | INFO     | core.logger_manager:info:69 - Rate limiter: waiting 3.5s before next request
2026-08-24 09:29:57 | INFO     | core.logger_manager:info:69 - NSE source cooldown: CORSPROXY (60s)
2026-08-24 09:29:57 | INFO     | core.logger_manager:info:69 - Rate limiter: waiting 3.6s before next request
2026-08-24 09:30:02 | INFO     | core.logger_manager:info:69 - Angel LIVE chain ready: 31 strikes | PCR 0.96
2026-08-24 09:30:02 | INFO     | core.logger_manager:info:69 - Market Regime: HIGH_VOLATILITY | ADX:67.5 RSI:75.9 ATR%:0.05
2026-08-24 09:30:02 | WARNING  | core.logger_manager:warning:72 - Validator REJECT: ['highvol_min_rr:bad_rr_levels', 'highvol_oi_confirmation:oi_change_2%<10.0%', 'highvol_volume_filter:vol_12583480<=avg21831303x1.5', 'bad_rr_levels']
2026-08-24 09:31:02 | INFO     | core.logger_manager:info:69 - Rate limiter: waiting 3.8s before next request
2026-08-24 09:31:55 | INFO     | core.logger_manager:info:69 - NSE source cooldown: CORSPROXY (60s)
2026-08-24 09:31:56 | INFO     | core.logger_manager:info:69 - Rate limiter: waiting 3.7s before next request
2026-08-24 09:32:00 | INFO     | core.logger_manager:info:69 - Angel LIVE chain ready: 31 strikes | PCR 0.94
2026-08-24 09:32:00 | INFO     | core.logger_manager:info:69 - Market Regime: HIGH_VOLATILITY | ADX:67.5 RSI:72.4 ATR%:0.05
2026-08-24 09:32:00 | WARNING  | core.logger_manager:warning:72 - Validator REJECT: ['highvol_min_rr:bad_rr_levels', 'highvol_oi_confirmation:oi_change_4%<10.0%', 'highvol_volume_filter:vol_14645150<=avg21081203x1.5', 'bad_rr_levels']
2026-08-24 09:33:00 | INFO     | core.logger_manager:info:69 - Rate limiter: waiting 3.8s before next request
2026-08-24 09:33:50 | INFO     | core.logger_manager:info:69 - NSE source cooldown: CORSPROXY (60s)
2026-08-24 09:33:57 | INFO     | core.logger_manager:info:69 - Rate limiter: pausing 30s after 429/timeout
2026-08-24 09:33:57 | WARNING  | core.logger_manager:warning:72 - Stale data: ['Chain timestamp missing/invalid'] - retrying fetch
2026-08-24 09:33:57 | INFO     | core.logger_manager:info:69 - Rate limiter: waiting 30.0s before next request (backoff)
2026-08-24 09:34:28 | WARNING  | core.logger_manager:warning:72 - NO_TRADE cycle (stale data): ['Chain timestamp missing/invalid']
2026-08-24 09:35:56 | INFO     | core.logger_manager:info:69 - Rate limiter: waiting 3.8s before next request
2026-08-24 09:36:38 | INFO     | core.logger_manager:info:69 - NSE source cooldown: CORSPROXY (60s)
2026-08-24 09:36:38 | INFO     | core.logger_manager:info:69 - Rate limiter: waiting 3.7s before next request
2026-08-24 09:36:42 | INFO     | core.logger_manager:info:69 - Angel LIVE chain ready: 31 strikes | PCR 0.86
2026-08-24 09:36:42 | INFO     | core.logger_manager:info:69 - Market Regime: HIGH_VOLATILITY | ADX:30.9 RSI:68.4 ATR%:0.05
2026-08-24 09:36:42 | WARNING  | core.logger_manager:warning:72 - Validator REJECT: ['highvol_min_rr:bad_rr_levels', 'highvol_oi_confirmation:oi_change_10%<10.0%', 'highvol_volume_filter:vol_17902495<=avg20110532x1.5', 'highvol_option_type_zone:option_type_CE_rsi_68_out_of_zone', 'bad_rr_levels']
2026-08-24 09:38:44 | INFO     | core.logger_manager:info:69 - NSE source cooldown: CORSPROXY (60s)
2026-08-24 09:38:44 | INFO     | core.logger_manager:info:69 - Rate limiter: waiting 3.6s before next request
2026-08-24 09:38:50 | INFO     | core.logger_manager:info:69 - Angel LIVE chain ready: 31 strikes | PCR 0.84
2026-08-24 09:38:50 | INFO     | core.logger_manager:info:69 - Market Regime: HIGH_VOLATILITY | ADX:30.9 RSI:69.3 ATR%:0.05
2026-08-24 09:38:50 | WARNING  | core.logger_manager:warning:72 - Validator REJECT: ['highvol_min_rr:bad_rr_levels', 'highvol_oi_confirmation:oi_change_2%<10.0%', 'highvol_volume_filter:vol_19386120<=avg19238388x1.5', 'highvol_option_type_zone:option_type_CE_rsi_69_out_of_zone', 'bad_rr_levels']
2026-08-24 09:40:09 | INFO     | core.logger_manager:info:69 - Rate limiter: waiting 3.6s before next request
2026-08-24 09:41:08 | INFO     | core.logger_manager:info:69 - NSE source cooldown: CORSPROXY (60s)
2026-08-24 09:41:09 | INFO     | core.logger_manager:info:69 - Rate limiter: waiting 3.5s before next request
2026-08-24 09:41:13 | INFO     | core.logger_manager:info:69 - Angel LIVE chain ready: 31 strikes | PCR 0.83
2026-08-24 09:41:13 | INFO     | core.logger_manager:info:69 - Market Regime: HIGH_VOLATILITY | ADX:33.6 RSI:72.1 ATR%:0.05
2026-08-24 09:41:13 | INFO     | core.logger_manager:info:69 - 🚀 24400 PE better LTP Rs. 10.2+ MILE in 5 cycles!
2026-08-24 09:41:13 | WARNING  | core.logger_manager:warning:72 - Validator REJECT: ['highvol_min_rr:bad_rr_levels', 'highvol_oi_confirmation:oi_change_3%<10.0%', 'highvol_volume_filter:vol_20404670<=avg18224778x1.5', 'bad_rr_levels']
2026-08-24 09:44:08 | INFO     | core.logger_manager:info:69 - NSE source cooldown: CORSPROXY (60s)
2026-08-24 09:44:09 | INFO     | core.logger_manager:info:69 - Rate limiter: waiting 3.5s before next request
2026-08-24 09:44:13 | INFO     | core.logger_manager:info:69 - Angel LIVE chain ready: 31 strikes | PCR 0.83
2026-08-24 09:44:13 | INFO     | core.logger_manager:info:69 - Market Regime: HIGH_VOLATILITY | ADX:33.6 RSI:70.1 ATR%:0.05
2026-08-24 09:44:13 | WARNING  | core.logger_manager:warning:72 - Validator REJECT: ['highvol_min_rr:bad_rr_levels', 'highvol_oi_confirmation:oi_change_0%<10.0%', 'highvol_volume_filter:vol_22396595<=avg16984383x1.5', 'bad_rr_levels']
2026-08-24 09:45:41 | INFO     | core.logger_manager:info:69 - Rate limiter: pausing 30s after 429/timeout
2026-08-24 09:45:50 | INFO     | core.logger_manager:info:69 - Rate limiter: pausing 30s after 429/timeout
2026-08-24 09:46:48 | INFO     | core.logger_manager:info:69 - NSE source cooldown: CORSPROXY (60s)
2026-08-24 09:46:49 | INFO     | core.logger_manager:info:69 - Rate limiter: waiting 3.2s before next request
2026-08-24 09:46:53 | INFO     | core.logger_manager:info:69 - Angel LIVE chain ready: 31 strikes | PCR 0.83
2026-08-24 09:46:53 | INFO     | core.logger_manager:info:69 - Market Regime: HIGH_VOLATILITY | ADX:33.6 RSI:71.5 ATR%:0.05
2026-08-24 09:46:53 | WARNING  | core.logger_manager:warning:72 - Validator REJECT: ['highvol_min_rr:bad_rr_levels', 'highvol_oi_confirmation:oi_change_2%<10.0%', 'highvol_volume_filter:vol_23303020<=avg18947006x1.5', 'bad_rr_levels']
2026-08-24 09:47:53 | INFO     | core.logger_manager:info:69 - Rate limiter: waiting 3.6s before next request
2026-08-24 09:48:39 | INFO     | core.logger_manager:info:69 - NSE source cooldown: CORSPROXY (60s)
2026-08-24 09:48:40 | INFO     | core.logger_manager:info:69 - Rate limiter: waiting 3.6s before next request
2026-08-24 09:48:44 | INFO     | core.logger_manager:info:69 - Angel LIVE chain ready: 31 strikes | PCR 0.82
2026-08-24 09:48:44 | INFO     | core.logger_manager:info:69 - Market Regime: HIGH_VOLATILITY | ADX:33.6 RSI:70.0 ATR%:0.05
2026-08-24 09:48:44 | WARNING  | core.logger_manager:warning:72 - Validator REJECT: ['highvol_min_rr:bad_rr_levels', 'highvol_oi_confirmation:oi_change_1%<10.0%', 'highvol_volume_filter:vol_23735075<=avg20678580x1.5', 'bad_rr_levels']
2026-08-24 09:49:45 | INFO     | core.logger_manager:info:69 - Rate limiter: waiting 3.7s before next request
2026-08-24 09:50:39 | INFO     | core.logger_manager:info:69 - NSE source cooldown: CORSPROXY (60s)
2026-08-24 09:50:40 | INFO     | core.logger_manager:info:69 - Rate limiter: waiting 3.4s before next request
2026-08-24 09:50:44 | INFO     | core.logger_manager:info:69 - Angel LIVE chain ready: 31 strikes | PCR 0.83
2026-08-24 09:50:44 | INFO     | core.logger_manager:info:69 - Market Regime: HIGH_VOLATILITY | ADX:33.6 RSI:69.4 ATR%:0.06
2026-08-24 09:50:44 | WARNING  | core.logger_manager:warning:72 - Validator REJECT: ['highvol_min_rr:bad_rr_levels', 'highvol_oi_confirmation:oi_change_0%<10.0%', 'highvol_option_type_zone:option_type_CE_rsi_69_out_of_zone', 'bad_rr_levels']
2026-08-24 09:51:44 | INFO     | core.logger_manager:info:69 - Rate limiter: waiting 3.7s before next request
2026-08-24 09:52:36 | INFO     | core.logger_manager:info:69 - NSE source cooldown: CORSPROXY (60s)
2026-08-24 09:52:37 | INFO     | core.logger_manager:info:69 - Rate limiter: waiting 3.6s before next request
2026-08-24 09:52:41 | INFO     | core.logger_manager:info:69 - Angel LIVE chain ready: 31 strikes | PCR 0.83
2026-08-24 09:52:41 | INFO     | core.logger_manager:info:69 - Market Regime: HIGH_VOLATILITY | ADX:33.6 RSI:70.3 ATR%:0.06
2026-08-24 09:52:41 | WARNING  | core.logger_manager:warning:72 - Validator REJECT: ['highvol_min_rr:bad_rr_levels', 'highvol_oi_confirmation:oi_change_0%<10.0%', 'bad_rr_levels']
2026-08-24 09:53:41 | INFO     | core.logger_manager:info:69 - Rate limiter: waiting 3.7s before next request
2026-08-24 09:54:24 | INFO     | core.logger_manager:info:69 - NSE source cooldown: CORSPROXY (60s)
2026-08-24 09:54:25 | INFO     | core.logger_manager:info:69 - Rate limiter: waiting 3.5s before next request
2026-08-24 09:54:29 | INFO     | core.logger_manager:info:69 - Angel LIVE chain ready: 31 strikes | PCR 0.83
2026-08-24 09:54:29 | INFO     | core.logger_manager:info:69 - Market Regime: HIGH_VOLATILITY | ADX:30.8 RSI:67.4 ATR%:0.06
2026-08-24 09:54:29 | WARNING  | core.logger_manager:warning:72 - Validator REJECT: ['highvol_min_rr:bad_rr_levels', 'highvol_oi_confirmation:oi_change_1%<10.0%', 'highvol_volume_filter:vol_27937130<=avg34911084x1.5', 'highvol_option_type_zone:option_type_PE_rsi_67_out_of_zone', 'bad_rr_levels']
2026-08-24 09:55:29 | INFO     | core.logger_manager:info:69 - Rate limiter: waiting 3.7s before next request
2026-08-24 09:56:35 | INFO     | core.logger_manager:info:69 - NSE source cooldown: CORSPROXY (60s)
2026-08-24 09:56:41 | INFO     | core.logger_manager:info:69 - Rate limiter: waiting 1.1s before next request
2026-08-24 09:56:46 | INFO     | core.logger_manager:info:69 - Angel LIVE chain ready: 31 strikes | PCR 0.88
2026-08-24 09:56:46 | INFO     | core.logger_manager:info:69 - Market Regime: HIGH_VOLATILITY | ADX:25.0 RSI:64.7 ATR%:0.06
2026-08-24 09:56:46 | WARNING  | core.logger_manager:warning:72 - Validator REJECT: ['highvol_min_rr:bad_rr_levels', 'highvol_oi_confirmation:oi_change_0%<10.0%', 'highvol_option_type_zone:option_type_PE_rsi_65_out_of_zone', 'bad_rr_levels']
2026-08-24 09:58:20 | WARNING  | core.logger_manager:warning:72 - Stale data: ['Chain timestamp missing/invalid'] - retrying fetch
2026-08-24 09:58:20 | WARNING  | core.logger_manager:warning:72 - NO_TRADE cycle (stale data): ['Chain timestamp missing/invalid']
2026-08-24 09:59:35 | INFO     | core.logger_manager:info:69 - Rate limiter: pausing 30s after 429/timeout
2026-08-24 10:01:01 | INFO     | core.logger_manager:info:69 - NSE source cooldown: CORSPROXY (60s)
2026-08-24 10:01:22 | INFO     | core.logger_manager:info:69 - Angel LIVE chain ready: 31 strikes | PCR 0.87
2026-08-24 10:01:22 | WARNING  | core.logger_manager:warning:72 - Stale data: ['Spot stale 113.9s', 'Chain stale 21.0s'] - retrying fetch
2026-08-24 10:01:25 | INFO     | core.logger_manager:info:69 - Rate limiter: waiting 1.3s before next request
2026-08-24 10:01:35 | WARNING  | core.logger_manager:warning:72 - NO_TRADE cycle (stale data): ['Chain stale 34.4s']
2026-08-24 10:02:38 | INFO     | core.logger_manager:info:69 - Rate limiter: waiting 1.0s before next request
2026-08-24 10:03:39 | INFO     | core.logger_manager:info:69 - NSE source cooldown: CORSPROXY (60s)
2026-08-24 10:03:48 | INFO     | core.logger_manager:info:69 - Angel LIVE chain ready: 31 strikes | PCR 0.86
2026-08-24 10:03:48 | INFO     | core.logger_manager:info:69 - Market Regime: HIGH_VOLATILITY | ADX:26.2 RSI:64.8 ATR%:0.06
2026-08-24 10:03:48 | WARNING  | core.logger_manager:warning:72 - Validator REJECT: ['highvol_min_rr:bad_rr_levels', 'highvol_oi_confirmation:oi_change_1%<10.0%', 'highvol_option_type_zone:option_type_PE_rsi_65_out_of_zone', 'bad_rr_levels']
2026-08-24 10:06:55 | INFO     | core.logger_manager:info:69 - NSE source cooldown: CORSPROXY (60s)
2026-08-24 10:06:56 | INFO     | core.logger_manager:info:69 - Rate limiter: waiting 3.4s before next request
2026-08-24 10:07:01 | INFO     | core.logger_manager:info:69 - Angel LIVE chain ready: 31 strikes | PCR 0.86
2026-08-24 10:07:01 | WARNING  | core.logger_manager:warning:72 - Stale data: ['Spot stale 132.2s'] - retrying fetch
2026-08-24 10:07:01 | INFO     | core.logger_manager:info:69 - Rate limiter: waiting 3.1s before next request
2026-08-24 10:07:05 | INFO     | core.logger_manager:info:69 - Rate limiter: waiting 2.5s before next request
2026-08-24 10:07:09 | INFO     | core.logger_manager:info:69 - Market Regime: HIGH_VOLATILITY | ADX:24.9 RSI:64.8 ATR%:0.06
2026-08-24 10:07:09 | WARNING  | core.logger_manager:warning:72 - Validator REJECT: ['highvol_min_rr:bad_rr_levels', 'highvol_oi_confirmation:oi_change_0%<10.0%', 'highvol_option_type_zone:option_type_PE_rsi_65_out_of_zone', 'bad_rr_levels']
2026-08-24 10:08:55 | INFO     | core.logger_manager:info:69 - NSE source cooldown: CORSPROXY (60s)
2026-08-24 10:08:56 | INFO     | core.logger_manager:info:69 - Rate limiter: waiting 3.5s before next request
2026-08-24 10:09:00 | INFO     | core.logger_manager:info:69 - Angel LIVE chain ready: 31 strikes | PCR 0.85
2026-08-24 10:09:00 | INFO     | core.logger_manager:info:69 - Market Regime: HIGH_VOLATILITY | ADX:24.9 RSI:64.6 ATR%:0.06
2026-08-24 10:09:00 | WARNING  | core.logger_manager:warning:72 - Validator REJECT: ['highvol_min_rr:bad_rr_levels', 'highvol_oi_confirmation:oi_change_2%<10.0%', 'highvol_volume_filter:vol_125033155<=avg85257991x1.5', 'highvol_option_type_zone:option_type_PE_rsi_65_out_of_zone', 'bad_rr_levels']
2026-08-24 10:10:00 | INFO     | core.logger_manager:info:69 - Session refresh: re-login
2026-08-24 10:10:01 | INFO     | core.logger_manager:info:69 - Angel One SmartAPI connected successfully
2026-08-24 10:10:02 | INFO     | core.logger_manager:info:69 - Rate limiter: waiting 3.7s before next request
2026-08-24 10:10:55 | INFO     | core.logger_manager:info:69 - NSE source cooldown: CORSPROXY (60s)
2026-08-24 10:10:56 | INFO     | core.logger_manager:info:69 - Rate limiter: waiting 3.6s before next request
2026-08-24 10:11:00 | INFO     | core.logger_manager:info:69 - Angel LIVE chain ready: 31 strikes | PCR 0.85
2026-08-24 10:11:00 | INFO     | core.logger_manager:info:69 - Market Regime: HIGH_VOLATILITY | ADX:24.9 RSI:64.9 ATR%:0.06
2026-08-24 10:11:00 | WARNING  | core.logger_manager:warning:72 - Validator REJECT: ['highvol_min_rr:bad_rr_levels', 'highvol_oi_confirmation:oi_change_0%<10.0%', 'highvol_volume_filter:vol_126907885<=avg99665527x1.5', 'highvol_option_type_zone:option_type_PE_rsi_65_out_of_zone', 'bad_rr_levels']
2026-08-24 10:13:06 | INFO     | core.logger_manager:info:69 - NSE source cooldown: CORSPROXY (60s)
2026-08-24 10:13:09 | INFO     | core.logger_manager:info:69 - Rate limiter: waiting 2.9s before next request
2026-08-24 10:13:13 | INFO     | core.logger_manager:info:69 - Angel LIVE chain ready: 31 strikes | PCR 0.84
2026-08-24 10:13:13 | INFO     | core.logger_manager:info:69 - Market Regime: HIGH_VOLATILITY | ADX:27.8 RSI:65.9 ATR%:0.06
2026-08-24 10:13:13 | WARNING  | core.logger_manager:warning:72 - Validator REJECT: ['highvol_min_rr:bad_rr_levels', 'highvol_oi_confirmation:oi_change_0%<10.0%', 'highvol_volume_filter:vol_128278345<=avg119459678x1.5', 'highvol_option_type_zone:option_type_PE_rsi_66_out_of_zone', 'bad_rr_levels']
2026-08-24 10:15:01 | INFO     | core.logger_manager:info:69 - NSE source cooldown: CORSPROXY (60s)
2026-08-24 10:15:02 | INFO     | core.logger_manager:info:69 - Rate limiter: waiting 3.6s before next request
2026-08-24 10:15:07 | INFO     | core.logger_manager:info:69 - Angel LIVE chain ready: 31 strikes | PCR 0.85
2026-08-24 10:15:07 | INFO     | core.logger_manager:info:69 - Market Regime: HIGH_VOLATILITY | ADX:27.8 RSI:66.5 ATR%:0.06
2026-08-24 10:15:07 | WARNING  | core.logger_manager:warning:72 - Validator REJECT: ['highvol_min_rr:bad_rr_levels', 'highvol_oi_confirmation:oi_change_0%<10.0%', 'highvol_volume_filter:vol_129841985<=avg124160634x1.5', 'highvol_option_type_zone:option_type_PE_rsi_66_out_of_zone', 'bad_rr_levels']
2026-08-24 10:16:10 | INFO     | core.logger_manager:info:69 - Rate limiter: waiting 0.1s before next request
2026-08-24 10:17:10 | INFO     | core.logger_manager:info:69 - NSE source cooldown: CORSPROXY (60s)
2026-08-24 10:17:11 | INFO     | core.logger_manager:info:69 - Rate limiter: waiting 3.5s before next request
2026-08-24 10:17:15 | INFO     | core.logger_manager:info:69 - Angel LIVE chain ready: 31 strikes | PCR 0.84
2026-08-24 10:17:15 | INFO     | core.logger_manager:info:69 - Market Regime: HIGH_VOLATILITY | ADX:36.9 RSI:66.1 ATR%:0.06
2026-08-24 10:17:15 | WARNING  | core.logger_manager:warning:72 - Validator REJECT: ['highvol_min_rr:bad_rr_levels', 'highvol_oi_confirmation:oi_change_1%<10.0%', 'highvol_volume_filter:vol_132581280<=avg126480900x1.5', 'highvol_option_type_zone:option_type_PE_rsi_66_out_of_zone', 'bad_rr_levels']
2026-08-24 10:19:08 | INFO     | core.logger_manager:info:69 - NSE source cooldown: CORSPROXY (60s)
2026-08-24 10:19:09 | INFO     | core.logger_manager:info:69 - Rate limiter: waiting 3.4s before next request
2026-08-24 10:19:13 | INFO     | core.logger_manager:info:69 - Angel LIVE chain ready: 31 strikes | PCR 0.79
2026-08-24 10:19:13 | INFO     | core.logger_manager:info:69 - Market Regime: HIGH_VOLATILITY | ADX:36.9 RSI:66.7 ATR%:0.06
2026-08-24 10:19:13 | WARNING  | core.logger_manager:warning:72 - Validator REJECT: ['highvol_min_rr:bad_rr_levels', 'highvol_oi_confirmation:oi_change_0%<10.0%', 'highvol_volume_filter:vol_134552795<=avg128528530x1.5', 'highvol_option_type_zone:option_type_PE_rsi_67_out_of_zone', 'bad_rr_levels']
2026-08-24 10:20:14 | INFO     | core.logger_manager:info:69 - Rate limiter: waiting 3.6s before next request
2026-08-24 10:21:07 | INFO     | core.logger_manager:info:69 - NSE source cooldown: CORSPROXY (60s)
2026-08-24 10:21:09 | INFO     | core.logger_manager:info:69 - Rate limiter: waiting 3.5s before next request
2026-08-24 10:21:13 | INFO     | core.logger_manager:info:69 - Angel LIVE chain ready: 31 strikes | PCR 0.8
2026-08-24 10:21:13 | INFO     | core.logger_manager:info:69 - Market Regime: HIGH_VOLATILITY | ADX:31.7 RSI:62.7 ATR%:0.06
2026-08-24 10:21:13 | WARNING  | core.logger_manager:warning:72 - Validator REJECT: ['highvol_min_rr:bad_rr_levels', 'highvol_oi_confirmation:oi_change_3%<10.0%', 'highvol_volume_filter:vol_137997080<=avg130432458x1.5', 'highvol_option_type_zone:option_type_PE_rsi_63_out_of_zone', 'bad_rr_levels']
2026-08-24 10:23:03 | INFO     | core.logger_manager:info:69 - NSE source cooldown: CORSPROXY (60s)
2026-08-24 10:23:04 | INFO     | core.logger_manager:info:69 - Rate limiter: waiting 3.3s before next request
2026-08-24 10:23:08 | INFO     | core.logger_manager:info:69 - Angel LIVE chain ready: 31 strikes | PCR 0.8
2026-08-24 10:23:08 | INFO     | core.logger_manager:info:69 - Market Regime: HIGH_VOLATILITY | ADX:31.7 RSI:63.3 ATR%:0.06
2026-08-24 10:23:08 | WARNING  | core.logger_manager:warning:72 - Validator REJECT: ['highvol_min_rr:bad_rr_levels', 'highvol_oi_confirmation:oi_change_1%<10.0%', 'highvol_volume_filter:vol_140074285<=avg132650297x1.5', 'highvol_option_type_zone:option_type_PE_rsi_63_out_of_zone', 'bad_rr_levels']
2026-08-24 10:25:10 | INFO     | core.logger_manager:info:69 - NSE source cooldown: CORSPROXY (60s)
2026-08-24 10:25:13 | INFO     | core.logger_manager:info:69 - Rate limiter: waiting 2.8s before next request
2026-08-24 10:25:17 | INFO     | core.logger_manager:info:69 - Angel LIVE chain ready: 31 strikes | PCR 0.8
2026-08-24 10:25:17 | INFO     | core.logger_manager:info:69 - Market Regime: HIGH_VOLATILITY | ADX:31.7 RSI:61.6 ATR%:0.06
2026-08-24 10:25:17 | WARNING  | core.logger_manager:warning:72 - Validator REJECT: ['highvol_min_rr:bad_rr_levels', 'highvol_oi_confirmation:oi_change_0%<10.0%', 'highvol_volume_filter:vol_141898120<=avg135009485x1.5', 'highvol_option_type_zone:option_type_PE_rsi_62_out_of_zone', 'bad_rr_levels']
2026-08-24 10:26:17 | INFO     | core.logger_manager:info:69 - Rate limiter: waiting 3.5s before next request
2026-08-24 10:27:10 | INFO     | core.logger_manager:info:69 - NSE source cooldown: CORSPROXY (60s)
2026-08-24 10:27:11 | INFO     | core.logger_manager:info:69 - Rate limiter: waiting 3.5s before next request
2026-08-24 10:27:15 | INFO     | core.logger_manager:info:69 - Angel LIVE chain ready: 31 strikes | PCR 0.81
2026-08-24 10:27:15 | INFO     | core.logger_manager:info:69 - Market Regime: HIGH_VOLATILITY | ADX:57.7 RSI:27.4 ATR%:0.06
2026-08-24 10:27:15 | WARNING  | core.logger_manager:warning:72 - Validator REJECT: ['highvol_min_rr:bad_rr_levels', 'highvol_oi_confirmation:oi_change_1%<10.0%', 'highvol_volume_filter:vol_144341795<=avg137420712x1.5', 'highvol_direction_with_trend:counter_trend_signal', 'highvol_option_type_zone:option_type_PE_rsi_27_out_of_zone', 'bad_rr_levels']
2026-08-24 10:29:14 | INFO     | core.logger_manager:info:69 - NSE source cooldown: CORSPROXY (60s)
2026-08-24 10:29:15 | INFO     | core.logger_manager:info:69 - Rate limiter: waiting 3.1s before next request
2026-08-24 10:29:19 | INFO     | core.logger_manager:info:69 - Angel LIVE chain ready: 31 strikes | PCR 0.81
2026-08-24 10:29:19 | INFO     | core.logger_manager:info:69 - Market Regime: HIGH_VOLATILITY | ADX:57.7 RSI:29.5 ATR%:0.06
2026-08-24 10:29:19 | WARNING  | core.logger_manager:warning:72 - Validator REJECT: ['highvol_min_rr:bad_rr_levels', 'highvol_oi_confirmation:oi_change_1%<10.0%', 'highvol_volume_filter:vol_145718040<=avg139772815x1.5', 'highvol_direction_with_trend:counter_trend_signal', 'highvol_option_type_zone:option_type_PE_rsi_30_out_of_zone', 'bad_rr_levels']
2026-08-24 10:30:19 | INFO     | core.logger_manager:info:69 - Rate limiter: waiting 3.6s before next request
2026-08-24 10:31:09 | INFO     | core.logger_manager:info:69 - NSE source cooldown: CORSPROXY (60s)
2026-08-24 10:31:10 | INFO     | core.logger_manager:info:69 - Rate limiter: waiting 3.2s before next request
2026-08-24 10:31:14 | INFO     | core.logger_manager:info:69 - Angel LIVE chain ready: 31 strikes | PCR 0.81
2026-08-24 10:31:14 | INFO     | core.logger_manager:info:69 - Market Regime: HIGH_VOLATILITY | ADX:57.7 RSI:31.3 ATR%:0.06
2026-08-24 10:31:14 | WARNING  | core.logger_manager:warning:72 - Validator REJECT: ['highvol_min_rr:bad_rr_levels', 'highvol_oi_confirmation:oi_change_1%<10.0%', 'highvol_volume_filter:vol_147006665<=avg142005864x1.5', 'highvol_direction_with_trend:counter_trend_signal', 'highvol_option_type_zone:option_type_PE_rsi_31_out_of_zone', 'bad_rr_levels']
2026-08-24 10:33:16 | INFO     | core.logger_manager:info:69 - NSE source cooldown: CORSPROXY (60s)
2026-08-24 10:33:18 | INFO     | core.logger_manager:info:69 - Rate limiter: waiting 3.2s before next request
2026-08-24 10:33:22 | INFO     | core.logger_manager:info:69 - Angel LIVE chain ready: 31 strikes | PCR 0.82
2026-08-24 10:33:22 | INFO     | core.logger_manager:info:69 - Market Regime: HIGH_VOLATILITY | ADX:57.7 RSI:28.0 ATR%:0.06
2026-08-24 10:33:22 | WARNING  | core.logger_manager:warning:72 - Validator REJECT: ['highvol_min_rr:bad_rr_levels', 'highvol_oi_confirmation:oi_change_1%<10.0%', 'highvol_volume_filter:vol_149001320<=avg143807781x1.5', 'highvol_direction_with_trend:counter_trend_signal', 'highvol_option_type_zone:option_type_PE_rsi_28_out_of_zone', 'bad_rr_levels']
2026-08-24 10:36:04 | INFO     | core.logger_manager:info:69 - NSE source cooldown: CORSPROXY (60s)
2026-08-24 10:36:06 | INFO     | core.logger_manager:info:69 - Rate limiter: waiting 3.3s before next request
2026-08-24 10:36:12 | INFO     | core.logger_manager:info:69 - Angel LIVE chain ready: 31 strikes | PCR 0.82
2026-08-24 10:36:12 | WARNING  | core.logger_manager:warning:72 - Stale data: ['Spot stale 109.3s'] - retrying fetch
2026-08-24 10:36:12 | INFO     | core.logger_manager:info:69 - Rate limiter: waiting 0.9s before next request
2026-08-24 10:36:15 | INFO     | core.logger_manager:info:69 - Rate limiter: waiting 1.8s before next request
2026-08-24 10:36:20 | WARNING  | core.logger_manager:warning:72 - NO_TRADE cycle (stale data): ['Chain stale 16.0s']
2026-08-24 10:38:16 | INFO     | core.logger_manager:info:69 - NSE source cooldown: CORSPROXY (60s)
2026-08-24 10:38:17 | INFO     | core.logger_manager:info:69 - Rate limiter: waiting 3.4s before next request
2026-08-24 10:38:21 | INFO     | core.logger_manager:info:69 - Angel LIVE chain ready: 31 strikes | PCR 0.82
2026-08-24 10:38:21 | INFO     | core.logger_manager:info:69 - Market Regime: HIGH_VOLATILITY | ADX:40.3 RSI:44.5 ATR%:0.06
2026-08-24 10:38:21 | WARNING  | core.logger_manager:warning:72 - Validator REJECT: ['highvol_min_rr:bad_rr_levels', 'highvol_oi_confirmation:oi_change_1%<10.0%', 'highvol_volume_filter:vol_128174735<=avg145593188x1.5', 'highvol_option_type_zone:option_type_CE_rsi_44_out_of_zone', 'bad_rr_levels']
2026-08-24 10:40:12 | INFO     | core.logger_manager:info:69 - NSE source cooldown: CORSPROXY (60s)
2026-08-24 10:40:13 | INFO     | core.logger_manager:info:69 - Rate limiter: waiting 3.4s before next request
2026-08-24 10:40:17 | INFO     | core.logger_manager:info:69 - Angel LIVE chain ready: 31 strikes | PCR 0.82
2026-08-24 10:40:17 | INFO     | core.logger_manager:info:69 - Market Regime: HIGH_VOLATILITY | ADX:40.3 RSI:44.8 ATR%:0.06
2026-08-24 10:40:17 | WARNING  | core.logger_manager:warning:72 - Validator REJECT: ['highvol_min_rr:bad_rr_levels', 'highvol_oi_confirmation:oi_change_0%<10.0%', 'highvol_volume_filter:vol_80301455<=avg142848511x1.5', 'highvol_option_type_zone:option_type_CE_rsi_45_out_of_zone', 'bad_rr_levels']
2026-08-24 10:41:17 | INFO     | core.logger_manager:info:69 - Rate limiter: waiting 3.7s before next request
2026-08-24 10:42:45 | INFO     | core.logger_manager:info:69 - Rate limiter: pausing 30s after 429/timeout
2026-08-24 10:42:45 | WARNING  | core.logger_manager:warning:72 - Stale data: ['Chain timestamp missing/invalid'] - retrying fetch
2026-08-24 10:42:45 | INFO     | core.logger_manager:info:69 - Rate limiter: waiting 30.0s before next request (backoff)
2026-08-24 10:43:18 | WARNING  | core.logger_manager:warning:72 - NO_TRADE cycle (stale data): ['Chain timestamp missing/invalid']
2026-08-24 10:45:30 | INFO     | core.logger_manager:info:69 - NSE source cooldown: CORSPROXY (60s)
2026-08-24 10:45:31 | INFO     | core.logger_manager:info:69 - Rate limiter: waiting 3.3s before next request
2026-08-24 10:45:36 | INFO     | core.logger_manager:info:69 - Angel LIVE chain ready: 31 strikes | PCR 0.83
2026-08-24 10:45:36 | INFO     | core.logger_manager:info:69 - Market Regime: HIGH_VOLATILITY | ADX:13.0 RSI:56.0 ATR%:0.06
2026-08-24 10:45:36 | WARNING  | core.logger_manager:warning:72 - Validator REJECT: ['highvol_min_rr:bad_rr_levels', 'highvol_oi_confirmation:oi_change_1%<10.0%', 'highvol_volume_filter:vol_82687150<=avg130040443x1.5', 'highvol_option_type_zone:option_type_CE_rsi_56_out_of_zone', 'bad_rr_levels']
2026-08-24 10:46:37 | INFO     | core.logger_manager:info:69 - Rate limiter: waiting 3.7s before next request
2026-08-24 10:47:47 | INFO     | core.logger_manager:info:69 - NSE source cooldown: CORSPROXY (60s)
2026-08-24 10:47:48 | INFO     | core.logger_manager:info:69 - Rate limiter: waiting 3.6s before next request
2026-08-24 10:47:52 | INFO     | core.logger_manager:info:69 - Angel LIVE chain ready: 31 strikes | PCR 0.84
2026-08-24 10:47:52 | INFO     | core.logger_manager:info:69 - Market Regime: HIGH_VOLATILITY | ADX:13.0 RSI:51.6 ATR%:0.06
2026-08-24 10:47:52 | WARNING  | core.logger_manager:warning:72 - Validator REJECT: ['highvol_min_rr:bad_rr_levels', 'highvol_oi_confirmation:oi_change_0%<10.0%', 'highvol_volume_filter:vol_83410015<=avg117434265x1.5', 'highvol_option_type_zone:option_type_CE_rsi_52_out_of_zone', 'bad_rr_levels']
2026-08-24 10:48:52 | INFO     | core.logger_manager:info:69 - Rate limiter: waiting 3.6s before next request
2026-08-24 10:49:37 | INFO     | core.logger_manager:info:69 - NSE source cooldown: CORSPROXY (60s)
2026-08-24 10:49:39 | INFO     | core.logger_manager:info:69 - Rate limiter: waiting 3.5s before next request
2026-08-24 10:49:43 | INFO     | core.logger_manager:info:69 - Angel LIVE chain ready: 31 strikes | PCR 0.84
2026-08-24 10:49:43 | INFO     | core.logger_manager:info:69 - Market Regime: HIGH_VOLATILITY | ADX:5.0 RSI:39.9 ATR%:0.05
2026-08-24 10:49:43 | WARNING  | core.logger_manager:warning:72 - Validator REJECT: ['highvol_min_rr:bad_rr_levels', 'highvol_oi_confirmation:oi_change_0%<10.0%', 'highvol_volume_filter:vol_84588855<=avg104714935x1.5', 'highvol_option_type_zone:option_type_CE_rsi_40_out_of_zone', 'bad_rr_levels']
2026-08-24 10:50:45 | INFO     | core.logger_manager:info:69 - Rate limiter: waiting 2.5s before next request
2026-08-24 10:51:48 | INFO     | core.logger_manager:info:69 - NSE source cooldown: CORSPROXY (60s)
2026-08-24 10:51:49 | INFO     | core.logger_manager:info:69 - Rate limiter: waiting 3.1s before next request
2026-08-24 10:51:53 | INFO     | core.logger_manager:info:69 - Angel LIVE chain ready: 31 strikes | PCR 0.88
2026-08-24 10:51:53 | INFO     | core.logger_manager:info:69 - Market Regime: HIGH_VOLATILITY | ADX:10.4 RSI:32.7 ATR%:0.05
2026-08-24 10:51:53 | WARNING  | core.logger_manager:warning:72 - Validator REJECT: ['highvol_min_rr:bad_rr_levels', 'highvol_oi_confirmation:oi_change_1%<10.0%', 'highvol_volume_filter:vol_115290955<=avg91832442x1.5', 'highvol_option_type_zone:option_type_PE_rsi_33_out_of_zone', 'bad_rr_levels']
2026-08-24 10:52:53 | INFO     | core.logger_manager:info:69 - Rate limiter: waiting 3.6s before next request
2026-08-24 10:53:56 | INFO     | core.logger_manager:info:69 - NSE source cooldown: CORSPROXY (60s)
2026-08-24 10:53:57 | INFO     | core.logger_manager:info:69 - Rate limiter: waiting 3.4s before next request
2026-08-24 10:54:04 | INFO     | core.logger_manager:info:69 - Angel LIVE chain ready: 31 strikes | PCR 0.85
2026-08-24 10:54:04 | INFO     | core.logger_manager:info:69 - Market Regime: HIGH_VOLATILITY | ADX:24.7 RSI:27.8 ATR%:0.05
2026-08-24 10:54:04 | WARNING  | core.logger_manager:warning:72 - Validator REJECT: ['highvol_min_rr:bad_rr_levels', 'highvol_oi_confirmation:oi_change_2%<10.0%', 'highvol_volume_filter:vol_46017595<=avg89255686x1.5', 'highvol_option_type_zone:option_type_CE_rsi_28_out_of_zone', 'bad_rr_levels']
2026-08-24 10:55:04 | INFO     | core.logger_manager:info:69 - Rate limiter: waiting 3.6s before next request
2026-08-24 10:55:52 | INFO     | core.logger_manager:info:69 - NSE source cooldown: CORSPROXY (60s)
2026-08-24 10:55:54 | INFO     | core.logger_manager:info:69 - Rate limiter: waiting 3.3s before next request
2026-08-24 10:56:00 | INFO     | core.logger_manager:info:69 - Angel LIVE chain ready: 31 strikes | PCR 0.85
2026-08-24 10:56:00 | INFO     | core.logger_manager:info:69 - Market Regime: HIGH_VOLATILITY | ADX:24.7 RSI:32.3 ATR%:0.05
2026-08-24 10:56:00 | INFO     | core.logger_manager:info:69 - 🚀 24400 PE better LTP Rs. 6.65+ MILE in 5 cycles!
2026-08-24 10:56:00 | WARNING  | core.logger_manager:warning:72 - Validator REJECT: ['highvol_min_rr:bad_rr_levels', 'highvol_oi_confirmation:oi_change_1%<10.0%', 'highvol_volume_filter:vol_46731620<=avg82398914x1.5', 'highvol_option_type_zone:option_type_CE_rsi_32_out_of_zone', 'bad_rr_levels']
2026-08-24 10:57:00 | INFO     | core.logger_manager:info:69 - Rate limiter: waiting 3.6s before next request
2026-08-24 10:57:54 | INFO     | core.logger_manager:info:69 - NSE source cooldown: CORSPROXY (60s)
2026-08-24 10:57:55 | INFO     | core.logger_manager:info:69 - Rate limiter: waiting 3.5s before next request
2026-08-24 10:57:59 | INFO     | core.logger_manager:info:69 - Angel LIVE chain ready: 31 strikes | PCR 0.85
2026-08-24 10:57:59 | INFO     | core.logger_manager:info:69 - Market Regime: TRENDING | ADX:25.0 RSI:34.3 ATR%:0.04
2026-08-24 10:57:59 | WARNING  | core.logger_manager:warning:72 - Validator REJECT: ['bad_rr_levels']
2026-08-24 10:59:41 | INFO     | core.logger_manager:info:69 - NSE source cooldown: CORSPROXY (60s)
2026-08-24 10:59:44 | INFO     | core.logger_manager:info:69 - Rate limiter: waiting 2.1s before next request
2026-08-24 10:59:46 | INFO     | core.logger_manager:info:69 - Angel LIVE chain ready: 31 strikes | PCR 0.83
2026-08-24 10:59:46 | INFO     | core.logger_manager:info:69 - Market Regime: TRENDING | ADX:25.0 RSI:30.9 ATR%:0.04
2026-08-24 10:59:46 | WARNING  | core.logger_manager:warning:72 - Validator REJECT: ['bad_rr_levels']
2026-08-24 11:00:46 | INFO     | core.logger_manager:info:69 - Session refresh: re-login
2026-08-24 11:00:48 | INFO     | core.logger_manager:info:69 - Angel One SmartAPI connected successfully
2026-08-24 11:00:49 | INFO     | core.logger_manager:info:69 - Rate limiter: waiting 3.5s before next request
2026-08-24 11:01:47 | INFO     | core.logger_manager:info:69 - NSE source cooldown: CORSPROXY (60s)
2026-08-24 11:01:49 | INFO     | core.logger_manager:info:69 - Rate limiter: waiting 3.3s before next request
2026-08-24 11:01:53 | INFO     | core.logger_manager:info:69 - Angel LIVE chain ready: 31 strikes | PCR 0.76
2026-08-24 11:01:53 | INFO     | core.logger_manager:info:69 - Market Regime: TRENDING_STRONG | ADX:42.0 RSI:22.5 ATR%:0.05
2026-08-24 11:01:53 | WARNING  | core.logger_manager:warning:72 - Validator REJECT: ['bad_rr_levels']
2026-08-24 11:02:55 | INFO     | core.logger_manager:info:69 - Rate limiter: waiting 2.2s before next request
2026-08-24 11:03:48 | INFO     | core.logger_manager:info:69 - NSE source cooldown: CORSPROXY (60s)
2026-08-24 11:03:49 | INFO     | core.logger_manager:info:69 - Rate limiter: waiting 3.5s before next request
2026-08-24 11:03:53 | INFO     | core.logger_manager:info:69 - Angel LIVE chain ready: 31 strikes | PCR 0.75
2026-08-24 11:03:53 | INFO     | core.logger_manager:info:69 - Market Regime: TRENDING_STRONG | ADX:44.3 RSI:21.6 ATR%:0.05
2026-08-24 11:03:53 | WARNING  | core.logger_manager:warning:72 - Validator REJECT: ['bad_rr_levels']
2026-08-24 11:04:54 | INFO     | core.logger_manager:info:69 - Rate limiter: waiting 3.7s before next request
2026-08-24 11:05:47 | INFO     | core.logger_manager:info:69 - NSE source cooldown: CORSPROXY (60s)
2026-08-24 11:05:48 | INFO     | core.logger_manager:info:69 - Rate limiter: waiting 3.4s before next request
2026-08-24 11:05:52 | INFO     | core.logger_manager:info:69 - Angel LIVE chain ready: 31 strikes | PCR 0.71
2026-08-24 11:05:52 | INFO     | core.logger_manager:info:69 - Market Regime: HIGH_VOLATILITY | ADX:57.6 RSI:16.5 ATR%:0.05
2026-08-24 11:05:52 | INFO     | core.logger_manager:info:69 - 🚀 24300 PE better LTP Rs. 36.65+ MILE in 5 cycles!
2026-08-24 11:05:52 | WARNING  | core.logger_manager:warning:72 - Validator REJECT: ['highvol_min_rr:bad_rr_levels', 'highvol_oi_confirmation:oi_change_8%<10.0%', 'highvol_option_type_zone:option_type_PE_rsi_16_out_of_zone', 'bad_rr_levels']
2026-08-24 11:06:52 | INFO     | core.logger_manager:info:69 - Rate limiter: waiting 3.6s before next request
2026-08-24 11:07:36 | INFO     | core.logger_manager:info:69 - NSE source cooldown: CORSPROXY (60s)
2026-08-24 11:07:37 | INFO     | core.logger_manager:info:69 - Rate limiter: waiting 3.5s before next request
2026-08-24 11:07:41 | INFO     | core.logger_manager:info:69 - Angel LIVE chain ready: 31 strikes | PCR 0.7
2026-08-24 11:07:41 | INFO     | core.logger_manager:info:69 - Market Regime: HIGH_VOLATILITY | ADX:58.7 RSI:18.3 ATR%:0.05
2026-08-24 11:07:41 | WARNING  | core.logger_manager:warning:72 - Validator REJECT: ['highvol_min_rr:bad_rr_levels', 'highvol_oi_confirmation:oi_change_2%<10.0%', 'highvol_volume_filter:vol_139938760<=avg103947714x1.5', 'highvol_option_type_zone:option_type_PE_rsi_18_out_of_zone', 'bad_rr_levels']
2026-08-24 11:09:31 | INFO     | core.logger_manager:info:69 - NSE source cooldown: CORSPROXY (60s)
2026-08-24 11:09:33 | INFO     | core.logger_manager:info:69 - Rate limiter: waiting 3.3s before next request
2026-08-24 11:09:36 | INFO     | core.logger_manager:info:69 - Angel LIVE chain ready: 31 strikes | PCR 0.69
2026-08-24 11:09:36 | INFO     | core.logger_manager:info:69 - Market Regime: HIGH_VOLATILITY | ADX:58.7 RSI:18.5 ATR%:0.05
2026-08-24 11:09:37 | WARNING  | core.logger_manager:warning:72 - Validator REJECT: ['highvol_min_rr:bad_rr_levels', 'highvol_oi_confirmation:oi_change_2%<10.0%', 'highvol_option_type_zone:option_type_PE_rsi_18_out_of_zone', 'bad_rr_levels']
2026-08-24 11:10:37 | INFO     | core.logger_manager:info:69 - Rate limiter: waiting 3.6s before next request
2026-08-24 11:11:30 | INFO     | core.logger_manager:info:69 - NSE source cooldown: CORSPROXY (60s)
2026-08-24 11:11:31 | INFO     | core.logger_manager:info:69 - Rate limiter: waiting 3.5s before next request
2026-08-24 11:11:35 | INFO     | core.logger_manager:info:69 - Angel LIVE chain ready: 31 strikes | PCR 0.72
2026-08-24 11:11:35 | INFO     | core.logger_manager:info:69 - Market Regime: HIGH_VOLATILITY | ADX:59.3 RSI:15.9 ATR%:0.05
2026-08-24 11:11:35 | WARNING  | core.logger_manager:warning:72 - Validator REJECT: ['highvol_min_rr:bad_rr_levels', 'highvol_oi_confirmation:oi_change_1%<10.0%', 'highvol_volume_filter:vol_177458775<=avg126812101x1.5', 'highvol_option_type_zone:option_type_PE_rsi_16_out_of_zone', 'bad_rr_levels']
2026-08-24 11:13:14 | INFO     | core.logger_manager:info:69 - NSE source cooldown: CORSPROXY (60s)
2026-08-24 11:13:14 | INFO     | core.logger_manager:info:69 - Rate limiter: waiting 3.5s before next request
2026-08-24 11:13:18 | INFO     | core.logger_manager:info:69 - Angel LIVE chain ready: 31 strikes | PCR 0.71
2026-08-24 11:13:18 | INFO     | core.logger_manager:info:69 - Market Regime: HIGH_VOLATILITY | ADX:62.2 RSI:14.5 ATR%:0.05
2026-08-24 11:13:18 | WARNING  | core.logger_manager:warning:72 - Validator REJECT: ['highvol_min_rr:bad_rr_levels', 'highvol_oi_confirmation:oi_change_1%<10.0%', 'highvol_volume_filter:vol_70933005<=avg153100337x1.5', 'highvol_option_type_zone:option_type_PE_rsi_14_out_of_zone', 'bad_rr_levels']
2026-08-24 11:15:07 | INFO     | core.logger_manager:info:69 - NSE source cooldown: CORSPROXY (60s)
2026-08-24 11:15:08 | INFO     | core.logger_manager:info:69 - Rate limiter: waiting 3.5s before next request
2026-08-24 11:15:12 | INFO     | core.logger_manager:info:69 - Angel LIVE chain ready: 31 strikes | PCR 0.7
2026-08-24 11:15:12 | INFO     | core.logger_manager:info:69 - Market Regime: HIGH_VOLATILITY | ADX:62.2 RSI:14.6 ATR%:0.05
2026-08-24 11:15:12 | INFO     | core.logger_manager:info:69 - 🚀 24200 PE better LTP Rs. 5.4+ MILE in 5 cycles!
2026-08-24 11:15:12 | WARNING  | core.logger_manager:warning:72 - Validator REJECT: ['highvol_min_rr:bad_rr_levels', 'highvol_oi_confirmation:oi_change_3%<10.0%', 'highvol_volume_filter:vol_73860670<=avg157940614x1.5', 'highvol_option_type_zone:option_type_PE_rsi_15_out_of_zone', 'bad_rr_levels']
2026-08-24 11:16:12 | INFO     | core.logger_manager:info:69 - Rate limiter: waiting 3.7s before next request
2026-08-24 11:17:03 | INFO     | core.logger_manager:info:69 - NSE source cooldown: CORSPROXY (60s)
2026-08-24 11:17:04 | INFO     | core.logger_manager:info:69 - Rate limiter: waiting 3.4s before next request
2026-08-24 11:17:08 | INFO     | core.logger_manager:info:69 - Angel LIVE chain ready: 31 strikes | PCR 0.69
2026-08-24 11:17:08 | INFO     | core.logger_manager:info:69 - Market Regime: HIGH_VOLATILITY | ADX:62.2 RSI:14.9 ATR%:0.05
2026-08-24 11:17:08 | WARNING  | core.logger_manager:warning:72 - Validator REJECT: ['highvol_min_rr:bad_rr_levels', 'highvol_oi_confirmation:oi_change_3%<10.0%', 'highvol_volume_filter:vol_76147825<=avg127290839x1.5', 'highvol_option_type_zone:option_type_PE_rsi_15_out_of_zone', 'bad_rr_levels']
2026-08-24 11:18:43 | INFO     | core.logger_manager:info:69 - Rate limiter: waiting 3.0s before next request
2026-08-24 11:19:50 | INFO     | core.logger_manager:info:69 - NSE source cooldown: CORSPROXY (60s)
2026-08-24 11:19:51 | INFO     | core.logger_manager:info:69 - Rate limiter: waiting 3.4s before next request
2026-08-24 11:19:55 | INFO     | core.logger_manager:info:69 - Angel LIVE chain ready: 31 strikes | PCR 0.68
2026-08-24 11:19:55 | INFO     | core.logger_manager:info:69 - Market Regime: HIGH_VOLATILITY | ADX:62.2 RSI:15.2 ATR%:0.05
2026-08-24 11:19:55 | WARNING  | core.logger_manager:warning:72 - Validator REJECT: ['highvol_min_rr:bad_rr_levels', 'highvol_oi_confirmation:oi_change_5%<10.0%', 'highvol_volume_filter:vol_78337220<=avg114532652x1.5', 'highvol_option_type_zone:option_type_PE_rsi_15_out_of_zone', 'bad_rr_levels']
2026-08-24 11:21:32 | INFO     | core.logger_manager:info:69 - Rate limiter: waiting 2.7s before next request
2026-08-24 11:22:29 | INFO     | core.logger_manager:info:69 - NSE source cooldown: CORSPROXY (60s)
2026-08-24 11:22:31 | INFO     | core.logger_manager:info:69 - Rate limiter: waiting 3.3s before next request
2026-08-24 11:22:34 | INFO     | core.logger_manager:info:69 - Angel LIVE chain ready: 31 strikes | PCR 0.68
2026-08-24 11:22:34 | INFO     | core.logger_manager:info:69 - Market Regime: HIGH_VOLATILITY | ADX:62.8 RSI:14.3 ATR%:0.05
2026-08-24 11:22:34 | WARNING  | core.logger_manager:warning:72 - Validator REJECT: ['highvol_min_rr:bad_rr_levels', 'highvol_oi_confirmation:oi_change_0%<10.0%', 'highvol_volume_filter:vol_80807740<=avg95347499x1.5', 'highvol_option_type_zone:option_type_PE_rsi_14_out_of_zone', 'bad_rr_levels']
2026-08-24 11:23:35 | INFO     | core.logger_manager:info:69 - Rate limiter: waiting 3.6s before next request
2026-08-24 11:24:43 | INFO     | core.logger_manager:info:69 - NSE source cooldown: CORSPROXY (60s)
2026-08-24 11:24:45 | INFO     | core.logger_manager:info:69 - Rate limiter: waiting 2.3s before next request
2026-08-24 11:24:48 | INFO     | core.logger_manager:info:69 - Angel LIVE chain ready: 31 strikes | PCR 0.67
2026-08-24 11:24:48 | INFO     | core.logger_manager:info:69 - Market Regime: HIGH_VOLATILITY | ADX:67.5 RSI:12.4 ATR%:0.05
2026-08-24 11:24:48 | WARNING  | core.logger_manager:warning:72 - Validator REJECT: ['highvol_min_rr:bad_rr_levels', 'highvol_oi_confirmation:oi_change_1%<10.0%', 'highvol_volume_filter:vol_85375290<=avg76017292x1.5', 'highvol_option_type_zone:option_type_PE_rsi_12_out_of_zone', 'bad_rr_levels']
2026-08-24 11:25:55 | INFO     | core.logger_manager:info:69 - Rate limiter: waiting 3.5s before next request
2026-08-24 11:26:59 | INFO     | core.logger_manager:info:69 - NSE source cooldown: CORSPROXY (60s)
2026-08-24 11:26:59 | INFO     | core.logger_manager:info:69 - Rate limiter: waiting 3.7s before next request
2026-08-24 11:27:03 | INFO     | core.logger_manager:info:69 - Angel LIVE chain ready: 31 strikes | PCR 0.66
2026-08-24 11:27:03 | INFO     | core.logger_manager:info:69 - Market Regime: HIGH_VOLATILITY | ADX:67.5 RSI:12.6 ATR%:0.05
2026-08-24 11:27:03 | WARNING  | core.logger_manager:warning:72 - Validator REJECT: ['highvol_min_rr:bad_rr_levels', 'highvol_oi_confirmation:oi_change_1%<10.0%', 'highvol_volume_filter:vol_88689705<=avg78905749x1.5', 'highvol_option_type_zone:option_type_PE_rsi_13_out_of_zone', 'bad_rr_levels']
2026-08-24 11:28:09 | INFO     | core.logger_manager:info:69 - Rate limiter: waiting 3.2s before next request
2026-08-24 11:29:16 | INFO     | core.logger_manager:info:69 - NSE source cooldown: CORSPROXY (60s)
2026-08-24 11:29:26 | INFO     | core.logger_manager:info:69 - Rate limiter: waiting 0.9s before next request
2026-08-24 11:29:29 | INFO     | core.logger_manager:info:69 - Angel LIVE chain ready: 31 strikes | PCR 0.66
2026-08-24 11:29:29 | INFO     | core.logger_manager:info:69 - Market Regime: HIGH_VOLATILITY | ADX:82.1 RSI:8.1 ATR%:0.05
2026-08-24 11:29:29 | WARNING  | core.logger_manager:warning:72 - Validator REJECT: ['highvol_min_rr:bad_rr_levels', 'highvol_oi_confirmation:oi_change_2%<10.0%', 'highvol_volume_filter:vol_90963860<=avg81871556x1.5', 'highvol_option_type_zone:option_type_PE_rsi_8_out_of_zone', 'bad_rr_levels']
2026-08-24 11:31:37 | INFO     | core.logger_manager:info:69 - NSE source cooldown: CORSPROXY (60s)
2026-08-24 11:31:42 | INFO     | core.logger_manager:info:69 - Rate limiter: waiting 1.0s before next request
2026-08-24 11:31:45 | INFO     | core.logger_manager:info:69 - Angel LIVE chain ready: 31 strikes | PCR 0.65
2026-08-24 11:31:45 | INFO     | core.logger_manager:info:69 - Market Regime: EXTREME_VOLATILITY | ADX:86.8 RSI:7.3 ATR%:0.05
2026-08-24 11:31:45 | WARNING  | core.logger_manager:warning:72 - Validator REJECT: ['regime_EXTREME_VOLATILITY', 'bad_rr_levels']
2026-08-24 11:34:31 | INFO     | core.logger_manager:info:69 - NSE source cooldown: CORSPROXY (60s)
2026-08-24 11:34:59 | INFO     | core.logger_manager:info:69 - Rate limiter: pausing 30s after 429/timeout
2026-08-24 11:34:59 | WARNING  | core.logger_manager:warning:72 - Stale data: ['Spot stale 128.1s', 'Chain timestamp missing/invalid'] - retrying fetch
2026-08-24 11:34:59 | INFO     | core.logger_manager:info:69 - Rate limiter: waiting 30.0s before next request (backoff)
2026-08-24 11:35:47 | INFO     | core.logger_manager:info:69 - Rate limiter: waiting 0.8s before next request
2026-08-24 11:35:49 | WARNING  | core.logger_manager:warning:72 - NO_TRADE cycle (stale data): ['Chain timestamp missing/invalid']
2026-08-24 11:40:53 | INFO     | core.logger_manager:info:69 - NSE source cooldown: CORSPROXY (60s)
2026-08-24 11:40:53 | INFO     | core.logger_manager:info:69 - Rate limiter: waiting 3.6s before next request
2026-08-24 11:41:05 | INFO     | core.logger_manager:info:69 - Angel LIVE chain ready: 31 strikes | PCR 0.62
2026-08-24 11:41:05 | WARNING  | core.logger_manager:warning:72 - Stale data: ['Spot stale 124.6s'] - retrying fetch
2026-08-24 11:41:05 | INFO     | core.logger_manager:info:69 - Rate limiter: waiting 3.6s before next request
2026-08-24 11:41:09 | INFO     | core.logger_manager:info:69 - Rate limiter: waiting 3.6s before next request
2026-08-24 11:41:14 | WARNING  | core.logger_manager:warning:72 - NO_TRADE cycle (stale data): ['Chain stale 21.2s']
2026-08-24 11:53:05 | INFO     | core.logger_manager:info:69 - Session refresh: re-login
2026-08-24 11:53:07 | INFO     | core.logger_manager:info:69 - Angel One SmartAPI connected successfully
2026-08-24 11:53:08 | INFO     | core.logger_manager:info:69 - Rate limiter: waiting 3.7s before next request
2026-08-24 11:54:56 | INFO     | core.logger_manager:info:69 - NSE source cooldown: CORSPROXY (60s)
2026-08-24 11:54:57 | INFO     | core.logger_manager:info:69 - Rate limiter: waiting 3.5s before next request
2026-08-24 11:56:12 | INFO     | core.logger_manager:info:69 - Angel LIVE chain ready: 31 strikes | PCR 0.63
2026-08-24 11:56:12 | WARNING  | core.logger_manager:warning:72 - Stale data: ['Spot stale 163.2s', 'Chain stale 76.8s'] - retrying fetch
2026-08-24 11:56:12 | INFO     | core.logger_manager:info:69 - Rate limiter: waiting 3.5s before next request
2026-08-24 11:56:16 | INFO     | core.logger_manager:info:69 - Rate limiter: waiting 3.6s before next request
2026-08-24 11:56:20 | WARNING  | core.logger_manager:warning:72 - NO_TRADE cycle (stale data): ['Chain stale 84.8s']
2026-08-24 11:58:10 | INFO     | core.logger_manager:info:69 - NSE source cooldown: CORSPROXY (60s)
2026-08-24 11:58:11 | INFO     | core.logger_manager:info:69 - Rate limiter: waiting 3.5s before next request
2026-08-24 11:58:16 | INFO     | core.logger_manager:info:69 - Angel LIVE chain ready: 31 strikes | PCR 0.63
2026-08-24 11:58:16 | INFO     | core.logger_manager:info:69 - Market Regime: HIGH_VOLATILITY | ADX:71.1 RSI:18.9 ATR%:0.06
2026-08-24 11:58:16 | WARNING  | core.logger_manager:warning:72 - Validator REJECT: ['highvol_min_rr:bad_rr_levels', 'highvol_oi_confirmation:oi_change_1%<10.0%', 'highvol_direction_with_trend:counter_trend_signal', 'highvol_option_type_zone:option_type_PE_rsi_19_out_of_zone', 'bad_rr_levels']
2026-08-24 12:00:07 | INFO     | core.logger_manager:info:69 - NSE source cooldown: CORSPROXY (60s)
2026-08-24 12:00:08 | INFO     | core.logger_manager:info:69 - Rate limiter: waiting 3.6s before next request
2026-08-24 12:00:13 | INFO     | core.logger_manager:info:69 - Angel LIVE chain ready: 31 strikes | PCR 0.63
2026-08-24 12:00:13 | INFO     | core.logger_manager:info:69 - Market Regime: HIGH_VOLATILITY | ADX:72.0 RSI:16.8 ATR%:0.06
2026-08-24 12:00:13 | WARNING  | core.logger_manager:warning:72 - Validator REJECT: ['highvol_min_rr:bad_rr_levels', 'highvol_oi_confirmation:oi_change_0%<10.0%', 'highvol_volume_filter:vol_140412480<=avg96698810x1.5', 'highvol_direction_with_trend:counter_trend_signal', 'highvol_option_type_zone:option_type_CE_rsi_17_out_of_zone', 'bad_rr_levels']
2026-08-24 12:01:13 | INFO     | core.logger_manager:info:69 - Rate limiter: waiting 3.6s before next request
2026-08-24 12:02:07 | INFO     | core.logger_manager:info:69 - NSE source cooldown: CORSPROXY (60s)
2026-08-24 12:02:08 | INFO     | core.logger_manager:info:69 - Rate limiter: waiting 3.4s before next request
2026-08-24 12:02:12 | INFO     | core.logger_manager:info:69 - Angel LIVE chain ready: 31 strikes | PCR 0.64
2026-08-24 12:02:12 | INFO     | core.logger_manager:info:69 - Market Regime: HIGH_VOLATILITY | ADX:71.8 RSI:18.5 ATR%:0.06
2026-08-24 12:02:12 | INFO     | core.logger_manager:info:69 - 🚀 24150 PE better LTP Rs. 6.5+ MILE in 5 cycles!
2026-08-24 12:02:12 | WARNING  | core.logger_manager:warning:72 - Validator REJECT: ['highvol_min_rr:bad_rr_levels', 'highvol_oi_confirmation:oi_change_1%<10.0%', 'highvol_direction_with_trend:counter_trend_signal', 'highvol_option_type_zone:option_type_PE_rsi_18_out_of_zone', 'bad_rr_levels']
2026-08-24 12:04:02 | INFO     | core.logger_manager:info:69 - NSE source cooldown: CORSPROXY (60s)
2026-08-24 12:04:03 | INFO     | core.logger_manager:info:69 - Rate limiter: waiting 3.5s before next request
2026-08-24 12:04:07 | INFO     | core.logger_manager:info:69 - Angel LIVE chain ready: 31 strikes | PCR 0.64
2026-08-24 12:04:07 | INFO     | core.logger_manager:info:69 - Market Regime: HIGH_VOLATILITY | ADX:71.8 RSI:19.7 ATR%:0.06
2026-08-24 12:04:07 | WARNING  | core.logger_manager:warning:72 - Validator REJECT: ['highvol_min_rr:bad_rr_levels', 'highvol_oi_confirmation:oi_change_1%<10.0%', 'highvol_direction_with_trend:counter_trend_signal', 'highvol_option_type_zone:option_type_PE_rsi_20_out_of_zone', 'bad_rr_levels']
2026-08-24 12:05:07 | INFO     | core.logger_manager:info:69 - Rate limiter: waiting 3.5s before next request
2026-08-24 12:05:49 | INFO     | core.logger_manager:info:69 - NSE source cooldown: CORSPROXY (60s)
2026-08-24 12:05:50 | INFO     | core.logger_manager:info:69 - Rate limiter: waiting 3.3s before next request
2026-08-24 12:05:54 | INFO     | core.logger_manager:info:69 - Angel LIVE chain ready: 31 strikes | PCR 0.63
2026-08-24 12:05:54 | INFO     | core.logger_manager:info:69 - Market Regime: HIGH_VOLATILITY | ADX:65.2 RSI:27.5 ATR%:0.06
2026-08-24 12:05:54 | WARNING  | core.logger_manager:warning:72 - Validator REJECT: ['highvol_min_rr:bad_rr_levels', 'highvol_oi_confirmation:oi_change_0%<10.0%', 'highvol_volume_filter:vol_145497625<=avg181125308x1.5', 'highvol_direction_with_trend:counter_trend_signal', 'highvol_option_type_zone:option_type_PE_rsi_28_out_of_zone', 'bad_rr_levels']
2026-08-24 12:07:43 | INFO     | core.logger_manager:info:69 - NSE source cooldown: CORSPROXY (60s)
2026-08-24 12:07:44 | INFO     | core.logger_manager:info:69 - Rate limiter: waiting 3.4s before next request
2026-08-24 12:07:48 | INFO     | core.logger_manager:info:69 - Angel LIVE chain ready: 31 strikes | PCR 0.64
2026-08-24 12:07:48 | INFO     | core.logger_manager:info:69 - Market Regime: HIGH_VOLATILITY | ADX:65.2 RSI:25.6 ATR%:0.06
2026-08-24 12:07:48 | WARNING  | core.logger_manager:warning:72 - Validator REJECT: ['highvol_min_rr:bad_rr_levels', 'highvol_oi_confirmation:oi_change_3%<10.0%', 'highvol_volume_filter:vol_146630900<=avg192032061x1.5', 'highvol_direction_with_trend:counter_trend_signal', 'highvol_option_type_zone:option_type_PE_rsi_26_out_of_zone', 'bad_rr_levels']
2026-08-24 12:09:37 | INFO     | core.logger_manager:info:69 - NSE source cooldown: CORSPROXY (60s)
2026-08-24 12:09:38 | INFO     | core.logger_manager:info:69 - Rate limiter: waiting 3.6s before next request
2026-08-24 12:09:42 | INFO     | core.logger_manager:info:69 - Angel LIVE chain ready: 31 strikes | PCR 0.64
2026-08-24 12:09:42 | INFO     | core.logger_manager:info:69 - Market Regime: HIGH_VOLATILITY | ADX:65.2 RSI:26.8 ATR%:0.06
2026-08-24 12:09:42 | WARNING  | core.logger_manager:warning:72 - Validator REJECT: ['highvol_min_rr:bad_rr_levels', 'highvol_oi_confirmation:oi_change_0%<10.0%', 'highvol_volume_filter:vol_148026970<=avg193826750x1.5', 'highvol_direction_with_trend:counter_trend_signal', 'highvol_option_type_zone:option_type_PE_rsi_27_out_of_zone', 'bad_rr_levels']
2026-08-24 12:10:43 | INFO     | core.logger_manager:info:69 - Rate limiter: waiting 3.7s before next request
2026-08-24 12:11:39 | INFO     | core.logger_manager:info:69 - NSE source cooldown: CORSPROXY (60s)
2026-08-24 12:11:41 | INFO     | core.logger_manager:info:69 - Rate limiter: waiting 3.1s before next request
2026-08-24 12:11:45 | INFO     | core.logger_manager:info:69 - Angel LIVE chain ready: 31 strikes | PCR 0.64
2026-08-24 12:11:45 | INFO     | core.logger_manager:info:69 - Market Regime: HIGH_VOLATILITY | ADX:64.9 RSI:29.8 ATR%:0.06
2026-08-24 12:11:45 | WARNING  | core.logger_manager:warning:72 - Validator REJECT: ['highvol_min_rr:bad_rr_levels', 'highvol_oi_confirmation:oi_change_2%<10.0%', 'highvol_volume_filter:vol_39286065<=avg195349648x1.5', 'highvol_direction_with_trend:counter_trend_signal', 'highvol_option_type_zone:option_type_CE_rsi_30_out_of_zone', 'bad_rr_levels']
2026-08-24 12:12:45 | INFO     | core.logger_manager:info:69 - Rate limiter: waiting 3.2s before next request
2026-08-24 12:13:48 | INFO     | core.logger_manager:info:69 - NSE source cooldown: CORSPROXY (60s)
2026-08-24 12:13:49 | INFO     | core.logger_manager:info:69 - Rate limiter: waiting 3.2s before next request
2026-08-24 12:13:53 | INFO     | core.logger_manager:info:69 - Angel LIVE chain ready: 31 strikes | PCR 0.64
2026-08-24 12:13:53 | INFO     | core.logger_manager:info:69 - Market Regime: HIGH_VOLATILITY | ADX:52.6 RSI:32.7 ATR%:0.06
2026-08-24 12:13:53 | WARNING  | core.logger_manager:warning:72 - Validator REJECT: ['highvol_min_rr:bad_rr_levels', 'highvol_oi_confirmation:oi_change_0%<10.0%', 'highvol_volume_filter:vol_39727740<=avg149754241x1.5', 'highvol_direction_with_trend:counter_trend_signal', 'highvol_option_type_zone:option_type_CE_rsi_33_out_of_zone', 'bad_rr_levels']
2026-08-24 12:15:53 | INFO     | core.logger_manager:info:69 - NSE source cooldown: CORSPROXY (60s)
2026-08-24 12:15:54 | INFO     | core.logger_manager:info:69 - Rate limiter: waiting 3.4s before next request
2026-08-24 12:15:58 | INFO     | core.logger_manager:info:69 - Angel LIVE chain ready: 31 strikes | PCR 0.64
2026-08-24 12:15:58 | INFO     | core.logger_manager:info:69 - Market Regime: HIGH_VOLATILITY | ADX:52.6 RSI:32.4 ATR%:0.06
2026-08-24 12:15:58 | WARNING  | core.logger_manager:warning:72 - Validator REJECT: ['highvol_min_rr:bad_rr_levels', 'highvol_oi_confirmation:oi_change_0%<10.0%', 'highvol_volume_filter:vol_39964340<=avg103833860x1.5', 'highvol_direction_with_trend:counter_trend_signal', 'highvol_option_type_zone:option_type_CE_rsi_32_out_of_zone', 'bad_rr_levels']
2026-08-24 12:16:58 | INFO     | core.logger_manager:info:69 - Rate limiter: waiting 3.7s before next request
2026-08-24 12:17:42 | INFO     | core.logger_manager:info:69 - NSE source cooldown: CORSPROXY (60s)
2026-08-24 12:17:43 | INFO     | core.logger_manager:info:69 - Rate limiter: waiting 3.6s before next request
2026-08-24 12:17:47 | INFO     | core.logger_manager:info:69 - Angel LIVE chain ready: 31 strikes | PCR 0.65
2026-08-24 12:17:47 | INFO     | core.logger_manager:info:69 - Market Regime: HIGH_VOLATILITY | ADX:48.5 RSI:34.8 ATR%:0.06
2026-08-24 12:17:47 | WARNING  | core.logger_manager:warning:72 - Validator REJECT: ['highvol_min_rr:bad_rr_levels', 'highvol_oi_confirmation:oi_change_0%<10.0%', 'highvol_option_type_zone:option_type_CE_rsi_35_out_of_zone', 'bad_rr_levels']
2026-08-24 12:19:29 | INFO     | core.logger_manager:info:69 - NSE source cooldown: CORSPROXY (60s)
2026-08-24 12:19:30 | INFO     | core.logger_manager:info:69 - Rate limiter: waiting 3.5s before next request
2026-08-24 12:19:34 | INFO     | core.logger_manager:info:69 - Angel LIVE chain ready: 31 strikes | PCR 0.65
2026-08-24 12:19:34 | INFO     | core.logger_manager:info:69 - Market Regime: HIGH_VOLATILITY | ADX:48.5 RSI:34.7 ATR%:0.06
2026-08-24 12:19:34 | WARNING  | core.logger_manager:warning:72 - Validator REJECT: ['highvol_min_rr:bad_rr_levels', 'highvol_oi_confirmation:oi_change_0%<10.0%', 'highvol_option_type_zone:option_type_CE_rsi_35_out_of_zone', 'bad_rr_levels']
2026-08-24 12:20:34 | INFO     | core.logger_manager:info:69 - Rate limiter: waiting 3.7s before next request
2026-08-24 12:21:28 | INFO     | core.logger_manager:info:69 - NSE source cooldown: CORSPROXY (60s)
2026-08-24 12:21:29 | INFO     | core.logger_manager:info:69 - Rate limiter: waiting 3.6s before next request
2026-08-24 12:21:33 | INFO     | core.logger_manager:info:69 - Angel LIVE chain ready: 31 strikes | PCR 0.66
2026-08-24 12:21:33 | INFO     | core.logger_manager:info:69 - Market Regime: HIGH_VOLATILITY | ADX:42.4 RSI:39.1 ATR%:0.06
2026-08-24 12:21:33 | WARNING  | core.logger_manager:warning:72 - Validator REJECT: ['highvol_min_rr:bad_rr_levels', 'highvol_oi_confirmation:oi_change_0%<10.0%', 'highvol_option_type_zone:option_type_CE_rsi_39_out_of_zone', 'bad_rr_levels']
2026-08-24 12:23:23 | INFO     | core.logger_manager:info:69 - NSE source cooldown: CORSPROXY (60s)
2026-08-24 12:23:24 | INFO     | core.logger_manager:info:69 - Rate limiter: waiting 3.6s before next request
2026-08-24 12:23:28 | INFO     | core.logger_manager:info:69 - Angel LIVE chain ready: 31 strikes | PCR 0.65
2026-08-24 12:23:28 | INFO     | core.logger_manager:info:69 - Market Regime: HIGH_VOLATILITY | ADX:42.4 RSI:40.4 ATR%:0.06
2026-08-24 12:23:28 | WARNING  | core.logger_manager:warning:72 - Validator REJECT: ['highvol_min_rr:bad_rr_levels', 'highvol_oi_confirmation:oi_change_0%<10.0%', 'highvol_volume_filter:vol_157151280<=avg109069181x1.5', 'highvol_option_type_zone:option_type_CE_rsi_40_out_of_zone', 'bad_rr_levels']
2026-08-24 12:25:18 | INFO     | core.logger_manager:info:69 - NSE source cooldown: CORSPROXY (60s)
2026-08-24 12:25:19 | INFO     | core.logger_manager:info:69 - Rate limiter: waiting 3.5s before next request
2026-08-24 12:25:23 | INFO     | core.logger_manager:info:69 - Angel LIVE chain ready: 31 strikes | PCR 0.65
2026-08-24 12:25:23 | INFO     | core.logger_manager:info:69 - Market Regime: HIGH_VOLATILITY | ADX:42.4 RSI:40.3 ATR%:0.06
2026-08-24 12:25:23 | WARNING  | core.logger_manager:warning:72 - Validator REJECT: ['highvol_min_rr:bad_rr_levels', 'highvol_oi_confirmation:oi_change_0%<10.0%', 'highvol_volume_filter:vol_41592135<=avg132553889x1.5', 'highvol_option_type_zone:option_type_CE_rsi_40_out_of_zone', 'bad_rr_levels']
2026-08-24 12:26:24 | INFO     | core.logger_manager:info:69 - Rate limiter: waiting 3.7s before next request
2026-08-24 12:27:18 | INFO     | core.logger_manager:info:69 - NSE source cooldown: CORSPROXY (60s)
2026-08-24 12:27:19 | INFO     | core.logger_manager:info:69 - Rate limiter: waiting 3.6s before next request
2026-08-24 12:27:23 | INFO     | core.logger_manager:info:69 - Angel LIVE chain ready: 31 strikes | PCR 0.65
2026-08-24 12:27:23 | INFO     | core.logger_manager:info:69 - Market Regime: HIGH_VOLATILITY | ADX:38.3 RSI:38.4 ATR%:0.06
2026-08-24 12:27:23 | WARNING  | core.logger_manager:warning:72 - Validator REJECT: ['highvol_min_rr:bad_rr_levels', 'highvol_oi_confirmation:oi_change_1%<10.0%', 'highvol_volume_filter:vol_42068130<=avg132879448x1.5', 'highvol_option_type_zone:option_type_CE_rsi_38_out_of_zone', 'bad_rr_levels']
2026-08-24 12:29:14 | INFO     | core.logger_manager:info:69 - NSE source cooldown: CORSPROXY (60s)
2026-08-24 12:29:15 | INFO     | core.logger_manager:info:69 - Rate limiter: waiting 3.4s before next request
2026-08-24 12:29:19 | INFO     | core.logger_manager:info:69 - Angel LIVE chain ready: 31 strikes | PCR 0.65
2026-08-24 12:29:19 | INFO     | core.logger_manager:info:69 - Market Regime: HIGH_VOLATILITY | ADX:38.3 RSI:36.1 ATR%:0.06
2026-08-24 12:29:19 | WARNING  | core.logger_manager:warning:72 - Validator REJECT: ['highvol_min_rr:bad_rr_levels', 'highvol_oi_confirmation:oi_change_0%<10.0%', 'highvol_volume_filter:vol_42560115<=avg110396897x1.5', 'highvol_option_type_zone:option_type_CE_rsi_36_out_of_zone', 'bad_rr_levels']
2026-08-24 12:30:21 | INFO     | core.logger_manager:info:69 - Rate limiter: waiting 1.9s before next request
2026-08-24 12:31:05 | INFO     | core.logger_manager:info:69 - NSE source cooldown: CORSPROXY (60s)
2026-08-24 12:31:07 | INFO     | core.logger_manager:info:69 - Rate limiter: waiting 3.3s before next request
2026-08-24 12:31:10 | INFO     | core.logger_manager:info:69 - Angel LIVE chain ready: 31 strikes | PCR 0.66
2026-08-24 12:31:10 | INFO     | core.logger_manager:info:69 - Market Regime: HIGH_VOLATILITY | ADX:44.3 RSI:34.2 ATR%:0.06
2026-08-24 12:31:10 | WARNING  | core.logger_manager:warning:72 - Validator REJECT: ['highvol_min_rr:bad_rr_levels', 'highvol_oi_confirmation:oi_change_0%<10.0%', 'highvol_option_type_zone:option_type_CE_rsi_34_out_of_zone', 'bad_rr_levels']
2026-08-24 12:32:11 | INFO     | core.logger_manager:info:69 - Rate limiter: waiting 3.6s before next request
2026-08-24 12:33:04 | INFO     | core.logger_manager:info:69 - NSE source cooldown: CORSPROXY (60s)
2026-08-24 12:33:05 | INFO     | core.logger_manager:info:69 - Rate limiter: waiting 3.5s before next request
2026-08-24 12:33:09 | INFO     | core.logger_manager:info:69 - Angel LIVE chain ready: 31 strikes | PCR 0.66
2026-08-24 12:33:09 | INFO     | core.logger_manager:info:69 - Market Regime: HIGH_VOLATILITY | ADX:44.3 RSI:34.6 ATR%:0.06
2026-08-24 12:33:09 | WARNING  | core.logger_manager:warning:72 - Validator REJECT: ['highvol_min_rr:bad_rr_levels', 'highvol_oi_confirmation:oi_change_1%<10.0%', 'highvol_option_type_zone:option_type_CE_rsi_35_out_of_zone', 'bad_rr_levels']
2026-08-24 12:34:10 | INFO     | core.logger_manager:info:69 - Rate limiter: waiting 3.5s before next request
2026-08-24 12:35:03 | INFO     | core.logger_manager:info:69 - NSE source cooldown: CORSPROXY (60s)
2026-08-24 12:35:04 | INFO     | core.logger_manager:info:69 - Rate limiter: waiting 3.5s before next request
2026-08-24 12:35:09 | INFO     | core.logger_manager:info:69 - Angel LIVE chain ready: 31 strikes | PCR 0.66
2026-08-24 12:35:09 | INFO     | core.logger_manager:info:69 - Market Regime: HIGH_VOLATILITY | ADX:44.3 RSI:34.9 ATR%:0.06
2026-08-24 12:35:09 | WARNING  | core.logger_manager:warning:72 - Validator REJECT: ['highvol_min_rr:bad_rr_levels', 'highvol_oi_confirmation:oi_change_0%<10.0%', 'highvol_volume_filter:vol_43984525<=avg90680031x1.5', 'highvol_option_type_zone:option_type_CE_rsi_35_out_of_zone', 'bad_rr_levels']
2026-08-24 12:36:11 | INFO     | core.logger_manager:info:69 - Rate limiter: waiting 3.6s before next request
2026-08-24 12:37:18 | INFO     | core.logger_manager:info:69 - NSE source cooldown: CORSPROXY (60s)
2026-08-24 12:37:19 | INFO     | core.logger_manager:info:69 - Rate limiter: waiting 3.4s before next request
2026-08-24 12:37:24 | INFO     | core.logger_manager:info:69 - Angel LIVE chain ready: 31 strikes | PCR 0.66
2026-08-24 12:37:24 | INFO     | core.logger_manager:info:69 - Market Regime: HIGH_VOLATILITY | ADX:44.3 RSI:35.2 ATR%:0.06
2026-08-24 12:37:24 | WARNING  | core.logger_manager:warning:72 - Validator REJECT: ['highvol_min_rr:bad_rr_levels', 'highvol_oi_confirmation:oi_change_1%<10.0%', 'highvol_volume_filter:vol_44684770<=avg91158509x1.5', 'highvol_option_type_zone:option_type_CE_rsi_35_out_of_zone', 'bad_rr_levels']
2026-08-24 12:38:39 | INFO     | core.logger_manager:info:69 - Rate limiter: waiting 3.7s before next request
2026-08-24 12:40:08 | INFO     | core.logger_manager:info:69 - NSE source cooldown: CORSPROXY (60s)
2026-08-24 12:40:09 | INFO     | core.logger_manager:info:69 - Rate limiter: waiting 3.4s before next request
2026-08-24 12:41:31 | INFO     | core.logger_manager:info:69 - Angel LIVE chain ready: 31 strikes | PCR 0.66
2026-08-24 12:41:31 | WARNING  | core.logger_manager:warning:72 - Stale data: ['Spot stale 166.0s', 'Chain stale 82.9s'] - retrying fetch
2026-08-24 12:41:31 | INFO     | core.logger_manager:info:69 - Rate limiter: waiting 3.5s before next request
2026-08-24 12:41:43 | INFO     | core.logger_manager:info:69 - Rate limiter: waiting 3.6s before next request
2026-08-24 12:42:56 | WARNING  | core.logger_manager:warning:72 - NO_TRADE cycle (stale data): ['Chain stale 168.2s']
2026-08-24 12:43:56 | INFO     | core.logger_manager:info:69 - Session refresh: re-login
2026-08-24 12:44:01 | INFO     | core.logger_manager:info:69 - Angel One SmartAPI connected successfully
2026-08-24 12:44:02 | INFO     | core.logger_manager:info:69 - Rate limiter: waiting 3.1s before next request
2026-08-24 12:45:14 | INFO     | core.logger_manager:info:69 - NSE source cooldown: CORSPROXY (60s)
2026-08-24 12:45:16 | INFO     | core.logger_manager:info:69 - Rate limiter: waiting 3.0s before next request
2026-08-24 12:45:19 | INFO     | core.logger_manager:info:69 - Angel LIVE chain ready: 31 strikes | PCR 0.66
2026-08-24 12:45:19 | INFO     | core.logger_manager:info:69 - Market Regime: HIGH_VOLATILITY | ADX:21.8 RSI:49.7 ATR%:0.05
2026-08-24 12:45:19 | WARNING  | core.logger_manager:warning:72 - Validator REJECT: ['highvol_min_rr:bad_rr_levels', 'highvol_oi_confirmation:oi_change_5%<10.0%', 'highvol_volume_filter:vol_47138715<=avg91681837x1.5', 'highvol_option_type_zone:option_type_CE_rsi_50_out_of_zone', 'bad_rr_levels']
2026-08-24 12:46:21 | INFO     | core.logger_manager:info:69 - Rate limiter: waiting 2.4s before next request
2026-08-24 12:47:37 | INFO     | core.logger_manager:info:69 - NSE source cooldown: CORSPROXY (60s)
2026-08-24 12:47:40 | INFO     | core.logger_manager:info:69 - Rate limiter: waiting 2.3s before next request
2026-08-24 12:47:43 | INFO     | core.logger_manager:info:69 - Angel LIVE chain ready: 31 strikes | PCR 0.66
2026-08-24 12:47:43 | INFO     | core.logger_manager:info:69 - Market Regime: HIGH_VOLATILITY | ADX:15.0 RSI:49.7 ATR%:0.05
2026-08-24 12:47:43 | WARNING  | core.logger_manager:warning:72 - Validator REJECT: ['highvol_min_rr:bad_rr_levels', 'highvol_oi_confirmation:oi_change_1%<10.0%', 'highvol_volume_filter:vol_47578505<=avg92597557x1.5', 'highvol_option_type_zone:option_type_CE_rsi_50_out_of_zone', 'bad_rr_levels']
2026-08-24 12:49:43 | INFO     | core.logger_manager:info:69 - NSE source cooldown: CORSPROXY (60s)
2026-08-24 12:49:45 | INFO     | core.logger_manager:info:69 - Rate limiter: waiting 3.1s before next request
2026-08-24 12:49:48 | INFO     | core.logger_manager:info:69 - Angel LIVE chain ready: 31 strikes | PCR 0.65
2026-08-24 12:49:48 | INFO     | core.logger_manager:info:69 - Market Regime: HIGH_VOLATILITY | ADX:15.0 RSI:51.0 ATR%:0.05
2026-08-24 12:49:48 | WARNING  | core.logger_manager:warning:72 - Validator REJECT: ['highvol_min_rr:bad_rr_levels', 'highvol_oi_confirmation:oi_change_2%<10.0%', 'highvol_volume_filter:vol_48327305<=avg69500002x1.5', 'highvol_option_type_zone:option_type_CE_rsi_51_out_of_zone', 'bad_rr_levels']
2026-08-24 12:50:49 | INFO     | core.logger_manager:info:69 - Rate limiter: waiting 3.6s before next request
2026-08-24 12:51:45 | INFO     | core.logger_manager:info:69 - NSE source cooldown: CORSPROXY (60s)
2026-08-24 12:51:48 | INFO     | core.logger_manager:info:69 - Rate limiter: waiting 3.4s before next request
2026-08-24 12:51:58 | INFO     | core.logger_manager:info:69 - Angel LIVE chain ready: 31 strikes | PCR 0.65
2026-08-24 12:51:58 | INFO     | core.logger_manager:info:69 - Market Regime: HIGH_VOLATILITY | ADX:24.3 RSI:46.0 ATR%:0.05
2026-08-24 12:51:58 | WARNING  | core.logger_manager:warning:72 - Validator REJECT: ['highvol_min_rr:bad_rr_levels', 'highvol_oi_confirmation:oi_change_0%<10.0%', 'highvol_volume_filter:vol_48841325<=avg46342764x1.5', 'highvol_option_type_zone:option_type_CE_rsi_46_out_of_zone', 'bad_rr_levels']
2026-08-24 12:54:02 | INFO     | core.logger_manager:info:69 - NSE source cooldown: CORSPROXY (60s)
2026-08-24 12:54:04 | INFO     | core.logger_manager:info:69 - Rate limiter: waiting 3.3s before next request
2026-08-24 12:54:07 | INFO     | core.logger_manager:info:69 - Angel LIVE chain ready: 31 strikes | PCR 0.64
2026-08-24 12:54:07 | INFO     | core.logger_manager:info:69 - Market Regime: HIGH_VOLATILITY | ADX:24.3 RSI:47.3 ATR%:0.05
2026-08-24 12:54:07 | WARNING  | core.logger_manager:warning:72 - Validator REJECT: ['highvol_min_rr:bad_rr_levels', 'highvol_oi_confirmation:oi_change_2%<10.0%', 'highvol_volume_filter:vol_49650445<=avg47314124x1.5', 'highvol_option_type_zone:option_type_CE_rsi_47_out_of_zone', 'bad_rr_levels']
2026-08-24 12:55:08 | INFO     | core.logger_manager:info:69 - Rate limiter: waiting 3.1s before next request
2026-08-24 12:56:07 | INFO     | core.logger_manager:info:69 - NSE source cooldown: CORSPROXY (60s)
2026-08-24 12:56:09 | INFO     | core.logger_manager:info:69 - Rate limiter: waiting 3.5s before next request
2026-08-24 12:56:15 | INFO     | core.logger_manager:info:69 - Angel LIVE chain ready: 31 strikes | PCR 0.64
2026-08-24 12:56:15 | INFO     | core.logger_manager:info:69 - Market Regime: HIGH_VOLATILITY | ADX:24.3 RSI:47.8 ATR%:0.05
2026-08-24 12:56:15 | WARNING  | core.logger_manager:warning:72 - Validator REJECT: ['highvol_min_rr:bad_rr_levels', 'highvol_oi_confirmation:oi_change_0%<10.0%', 'highvol_option_type_zone:option_type_CE_rsi_48_out_of_zone', 'bad_rr_levels']
2026-08-24 12:57:26 | INFO     | core.logger_manager:info:69 - Rate limiter: waiting 2.5s before next request
2026-08-24 12:57:40 | INFO     | core.logger_manager:info:69 - Rate limiter: pausing 30s after 429/timeout
2026-08-24 12:57:49 | INFO     | core.logger_manager:info:69 - Rate limiter: pausing 30s after 429/timeout
2026-08-24 12:58:31 | INFO     | core.logger_manager:info:69 - Starting graceful shutdown...
2026-08-24 12:58:41 | INFO     | core.logger_manager:info:69 - Market data connection closed
2026-08-24 12:58:41 | INFO     | core.logger_manager:info:69 - Market engine closed
2026-08-24 12:58:41 | INFO     | core.logger_manager:info:69 - Option Chain Engine shutdown
2026-08-24 12:58:41 | INFO     | core.logger_manager:info:69 - Option engine closed
2026-08-24 12:58:41 | INFO     | core.logger_manager:info:69 - Database saved and closed
2026-08-24 12:58:45 | WARNING  | core.logger_manager:warning:72 - Telegram timeout/blocked. Skipping to protect analysis loop.
2026-08-24 12:58:45 | INFO     | core.logger_manager:info:69 - Graceful shutdown complete
2026-08-26 09:53:54 | INFO     | core.logger_manager:info:69 - BLOCKORA_TRADE v1.0 starting...
2026-08-26 09:53:55 | INFO     | core.logger_manager:info:69 - Angel One SmartAPI connected successfully
2026-08-26 09:53:55 | INFO     | core.logger_manager:info:69 - Option Chain Engine initialized (Multi-Source)
2026-08-26 09:53:57 | INFO     | core.logger_manager:info:69 - Telegram Bot connected
2026-08-26 09:53:59 | INFO     | core.logger_manager:info:69 - JugaadIVFetcher expiry auto-set: 01-Sep-2026
2026-08-26 09:53:59 | INFO     | core.logger_manager:info:69 - Subscription Manager started (polling)
2026-08-26 09:53:59 | INFO     | core.logger_manager:info:69 - System initialization complete
2026-08-26 09:53:59 | INFO     | core.logger_manager:info:69 - BLOCKORA_TRADE started - entering main loop
2026-08-26 09:53:59 | INFO     | core.logger_manager:info:69 - Market OPENED - Starting analysis
2026-08-26 09:54:44 | INFO     | core.logger_manager:info:69 - NSE source cooldown: CORSPROXY (60s)
2026-08-26 09:54:44 | INFO     | core.logger_manager:info:69 - Instrument master download (~30MB, startup only)...
2026-08-26 09:54:44 | WARNING  | core.logger_manager:warning:72 - Download failed; using OLD cache (expiry: 25AUG2026)
2026-08-26 09:54:44 | WARNING  | core.logger_manager:warning:72 - Token load failed (fallback active): 'NoneType' object is not iterable
2026-08-26 09:54:49 | WARNING  | core.logger_manager:warning:72 - Stale data: ['Chain timestamp missing/invalid'] - retrying fetch
2026-08-26 09:54:53 | WARNING  | core.logger_manager:warning:72 - NO_TRADE cycle (stale data): ['Chain timestamp missing/invalid']
2026-08-26 09:55:39 | INFO     | core.logger_manager:info:69 - Starting graceful shutdown...
2026-08-26 09:55:39 | INFO     | core.logger_manager:info:69 - Market data connection closed
2026-08-26 09:55:39 | INFO     | core.logger_manager:info:69 - Market engine closed
2026-08-26 09:55:39 | INFO     | core.logger_manager:info:69 - Option Chain Engine shutdown
2026-08-26 09:55:39 | INFO     | core.logger_manager:info:69 - Option engine closed
2026-08-26 09:55:39 | INFO     | core.logger_manager:info:69 - Backup rotation: deleted 1 old backups, kept 3
2026-08-26 09:55:39 | INFO     | core.logger_manager:info:69 - Database saved and closed
2026-08-26 09:55:40 | INFO     | core.logger_manager:info:69 - Graceful shutdown complete
2026-08-26 11:22:08 | INFO     | core.logger_manager:info:69 - BLOCKORA_TRADE v1.0 starting...
2026-08-26 11:22:09 | INFO     | core.logger_manager:info:69 - Angel One SmartAPI connected successfully
2026-08-26 11:22:10 | INFO     | core.logger_manager:info:69 - Option Chain Engine initialized (Multi-Source)
2026-08-26 11:22:11 | INFO     | core.logger_manager:info:69 - Telegram Bot connected
2026-08-26 11:22:14 | INFO     | core.logger_manager:info:69 - JugaadIVFetcher expiry auto-set: 01-Sep-2026
2026-08-26 11:22:14 | INFO     | core.logger_manager:info:69 - Subscription Manager started (polling)
2026-08-26 11:22:15 | INFO     | core.logger_manager:info:69 - System initialization complete
2026-08-26 11:22:15 | INFO     | core.logger_manager:info:69 - BLOCKORA_TRADE started - entering main loop
2026-08-26 11:22:15 | INFO     | core.logger_manager:info:69 - Market OPENED - Starting analysis
2026-08-26 11:23:01 | INFO     | core.logger_manager:info:69 - NSE source cooldown: CORSPROXY (60s)
2026-08-26 11:23:01 | INFO     | core.logger_manager:info:69 - Instrument master download (~30MB, startup only)...
2026-08-26 11:23:01 | WARNING  | core.logger_manager:warning:72 - Download failed; using OLD cache (expiry: 25AUG2026)
2026-08-26 11:23:01 | WARNING  | core.logger_manager:warning:72 - Token load failed (fallback active): 'NoneType' object is not iterable
2026-08-26 11:23:06 | WARNING  | core.logger_manager:warning:72 - Stale data: ['No candles', 'Chain timestamp missing/invalid'] - retrying fetch
2026-08-26 11:23:15 | WARNING  | core.logger_manager:warning:72 - NO_TRADE cycle (stale data): ['Chain timestamp missing/invalid']
2026-08-26 11:25:03 | INFO     | core.logger_manager:info:69 - NSE source cooldown: CORSPROXY (60s)
2026-08-26 11:25:03 | INFO     | core.logger_manager:info:69 - Expiry changed: 25AUG2026 → 01SEP2026, refreshing tokens
2026-08-26 11:25:03 | INFO     | core.logger_manager:info:69 - Instrument master download (~30MB, startup only)...
2026-08-26 11:25:04 | WARNING  | core.logger_manager:warning:72 - Download failed; using OLD cache (expiry: 25AUG2026)
2026-08-26 11:25:04 | WARNING  | core.logger_manager:warning:72 - Token load failed (fallback active): 'NoneType' object is not iterable
2026-08-26 11:25:08 | WARNING  | core.logger_manager:warning:72 - Stale data: ['Chain timestamp missing/invalid'] - retrying fetch
2026-08-26 11:25:17 | WARNING  | core.logger_manager:warning:72 - NO_TRADE cycle (stale data): ['Chain timestamp missing/invalid']
2026-08-26 11:27:06 | INFO     | core.logger_manager:info:69 - NSE source cooldown: CORSPROXY (60s)
2026-08-26 11:27:06 | INFO     | core.logger_manager:info:69 - Expiry changed: 25AUG2026 → 01SEP2026, refreshing tokens
2026-08-26 11:27:06 | INFO     | core.logger_manager:info:69 - Instrument master download (~30MB, startup only)...
2026-08-26 11:27:06 | WARNING  | core.logger_manager:warning:72 - Download failed; using OLD cache (expiry: 25AUG2026)
2026-08-26 11:27:06 | WARNING  | core.logger_manager:warning:72 - Token load failed (fallback active): 'NoneType' object is not iterable
2026-08-26 11:27:11 | WARNING  | core.logger_manager:warning:72 - Stale data: ['Chain timestamp missing/invalid'] - retrying fetch
2026-08-26 11:27:15 | WARNING  | core.logger_manager:warning:72 - NO_TRADE cycle (stale data): ['Chain timestamp missing/invalid']
2026-08-26 11:29:11 | INFO     | core.logger_manager:info:69 - NSE source cooldown: CORSPROXY (60s)
2026-08-26 11:29:11 | INFO     | core.logger_manager:info:69 - Expiry changed: 25AUG2026 → 01SEP2026, refreshing tokens
2026-08-26 11:29:11 | INFO     | core.logger_manager:info:69 - Instrument master download (~30MB, startup only)...
2026-08-26 11:29:12 | WARNING  | core.logger_manager:warning:72 - Download failed; using OLD cache (expiry: 25AUG2026)
2026-08-26 11:29:12 | WARNING  | core.logger_manager:warning:72 - Token load failed (fallback active): 'NoneType' object is not iterable
2026-08-26 11:29:16 | WARNING  | core.logger_manager:warning:72 - Stale data: ['Chain timestamp missing/invalid'] - retrying fetch
2026-08-26 11:29:20 | WARNING  | core.logger_manager:warning:72 - NO_TRADE cycle (stale data): ['Chain timestamp missing/invalid']
2026-08-26 11:29:51 | INFO     | core.logger_manager:info:69 - Starting graceful shutdown...
2026-08-26 11:29:52 | INFO     | core.logger_manager:info:69 - Market data connection closed
2026-08-26 11:29:52 | INFO     | core.logger_manager:info:69 - Market engine closed
2026-08-26 11:29:52 | INFO     | core.logger_manager:info:69 - Option Chain Engine shutdown
2026-08-26 11:29:52 | INFO     | core.logger_manager:info:69 - Option engine closed
2026-08-26 11:29:52 | INFO     | core.logger_manager:info:69 - Database saved and closed
2026-08-26 11:29:52 | INFO     | core.logger_manager:info:69 - Graceful shutdown complete
2026-08-26 11:39:52 | INFO     | core.logger_manager:info:69 - BLOCKORA_TRADE v1.0 starting...
2026-08-26 11:39:53 | INFO     | core.logger_manager:info:69 - Angel One SmartAPI connected successfully
2026-08-26 11:39:54 | INFO     | core.logger_manager:info:69 - Option Chain Engine initialized (Multi-Source)
2026-08-26 11:39:55 | INFO     | core.logger_manager:info:69 - Telegram Bot connected
2026-08-26 11:39:58 | INFO     | core.logger_manager:info:69 - JugaadIVFetcher expiry auto-set: 01-Sep-2026
2026-08-26 11:39:58 | INFO     | core.logger_manager:info:69 - Subscription Manager started (polling)
2026-08-26 11:39:58 | INFO     | core.logger_manager:info:69 - System initialization complete
2026-08-26 11:39:58 | INFO     | core.logger_manager:info:69 - BLOCKORA_TRADE started - entering main loop
2026-08-26 11:39:58 | INFO     | core.logger_manager:info:69 - Market OPENED - Starting analysis
2026-08-26 11:40:53 | INFO     | core.logger_manager:info:69 - NSE source cooldown: CORSPROXY (60s)
2026-08-26 11:40:53 | INFO     | core.logger_manager:info:69 - Instrument master download (~30MB, startup only)...
2026-08-26 11:40:54 | WARNING  | core.logger_manager:warning:72 - Download failed; using OLD cache (expiry: 25AUG2026)
2026-08-26 11:40:54 | WARNING  | core.logger_manager:warning:72 - Token load failed (fallback active): 'NoneType' object is not iterable
2026-08-26 11:40:58 | WARNING  | core.logger_manager:warning:72 - Stale data: ['Chain timestamp missing/invalid'] - retrying fetch
2026-08-26 11:41:04 | WARNING  | core.logger_manager:warning:72 - NO_TRADE cycle (stale data): ['Chain timestamp missing/invalid']
2026-08-26 11:42:52 | INFO     | core.logger_manager:info:69 - NSE source cooldown: CORSPROXY (60s)
2026-08-26 11:42:52 | INFO     | core.logger_manager:info:69 - Expiry changed: 25AUG2026 → 01SEP2026, refreshing tokens
2026-08-26 11:42:52 | INFO     | core.logger_manager:info:69 - Instrument master download (~30MB, startup only)...
2026-08-26 11:42:53 | WARNING  | core.logger_manager:warning:72 - Download failed; using OLD cache (expiry: 25AUG2026)
2026-08-26 11:42:53 | WARNING  | core.logger_manager:warning:72 - Token load failed (fallback active): 'NoneType' object is not iterable
2026-08-26 11:42:58 | WARNING  | core.logger_manager:warning:72 - Stale data: ['Chain timestamp missing/invalid'] - retrying fetch
2026-08-26 11:43:02 | WARNING  | core.logger_manager:warning:72 - NO_TRADE cycle (stale data): ['Chain timestamp missing/invalid']
2026-08-26 11:44:49 | INFO     | core.logger_manager:info:69 - NSE source cooldown: CORSPROXY (60s)
2026-08-26 11:44:49 | INFO     | core.logger_manager:info:69 - Expiry changed: 25AUG2026 → 01SEP2026, refreshing tokens
2026-08-26 11:44:49 | INFO     | core.logger_manager:info:69 - Instrument master download (~30MB, startup only)...
2026-08-26 11:44:50 | WARNING  | core.logger_manager:warning:72 - Download failed; using OLD cache (expiry: 25AUG2026)
2026-08-26 11:44:50 | WARNING  | core.logger_manager:warning:72 - Token load failed (fallback active): 'NoneType' object is not iterable
2026-08-26 11:44:55 | WARNING  | core.logger_manager:warning:72 - Stale data: ['Chain timestamp missing/invalid'] - retrying fetch
2026-08-26 11:44:59 | WARNING  | core.logger_manager:warning:72 - NO_TRADE cycle (stale data): ['Chain timestamp missing/invalid']
2026-08-26 11:46:53 | INFO     | core.logger_manager:info:69 - NSE source cooldown: CORSPROXY (60s)
2026-08-26 11:46:53 | INFO     | core.logger_manager:info:69 - Expiry changed: 25AUG2026 → 01SEP2026, refreshing tokens
2026-08-26 11:46:53 | INFO     | core.logger_manager:info:69 - Instrument master download (~30MB, startup only)...
2026-08-26 11:46:54 | WARNING  | core.logger_manager:warning:72 - Download failed; using OLD cache (expiry: 25AUG2026)
2026-08-26 11:46:54 | WARNING  | core.logger_manager:warning:72 - Token load failed (fallback active): 'NoneType' object is not iterable
2026-08-26 11:46:58 | WARNING  | core.logger_manager:warning:72 - Stale data: ['Chain timestamp missing/invalid'] - retrying fetch
2026-08-26 11:47:06 | WARNING  | core.logger_manager:warning:72 - NO_TRADE cycle (stale data): ['Chain timestamp missing/invalid']
2026-08-26 11:49:03 | INFO     | core.logger_manager:info:69 - NSE source cooldown: CORSPROXY (60s)
2026-08-26 11:49:03 | INFO     | core.logger_manager:info:69 - Expiry changed: 25AUG2026 → 01SEP2026, refreshing tokens
2026-08-26 11:49:03 | INFO     | core.logger_manager:info:69 - Instrument master download (~30MB, startup only)...
2026-08-26 11:49:04 | WARNING  | core.logger_manager:warning:72 - Download failed; using OLD cache (expiry: 25AUG2026)
2026-08-26 11:49:04 | WARNING  | core.logger_manager:warning:72 - Token load failed (fallback active): 'NoneType' object is not iterable
2026-08-26 11:49:10 | WARNING  | core.logger_manager:warning:72 - Stale data: ['Chain timestamp missing/invalid'] - retrying fetch
2026-08-26 11:49:14 | WARNING  | core.logger_manager:warning:72 - NO_TRADE cycle (stale data): ['Chain timestamp missing/invalid']
2026-08-26 11:51:54 | INFO     | core.logger_manager:info:69 - NSE source cooldown: CORSPROXY (60s)
2026-08-26 11:51:54 | INFO     | core.logger_manager:info:69 - Expiry changed: 25AUG2026 → 01SEP2026, refreshing tokens
2026-08-26 11:51:54 | INFO     | core.logger_manager:info:69 - Instrument master download (~30MB, startup only)...
2026-08-26 11:51:57 | WARNING  | core.logger_manager:warning:72 - Download failed; using OLD cache (expiry: 25AUG2026)
2026-08-26 11:51:57 | WARNING  | core.logger_manager:warning:72 - Token load failed (fallback active): 'NoneType' object is not iterable
2026-08-26 11:52:03 | WARNING  | core.logger_manager:warning:72 - Stale data: ['Chain timestamp missing/invalid'] - retrying fetch
2026-08-26 11:52:31 | WARNING  | core.logger_manager:warning:72 - NO_TRADE cycle (stale data): ['Chain timestamp missing/invalid']
2026-08-26 11:58:08 | INFO     | core.logger_manager:info:69 - NSE source cooldown: CORSPROXY (60s)
2026-08-26 11:58:08 | INFO     | core.logger_manager:info:69 - Expiry changed: 25AUG2026 → 01SEP2026, refreshing tokens
2026-08-26 11:58:08 | INFO     | core.logger_manager:info:69 - Instrument master download (~30MB, startup only)...
2026-08-26 11:58:34 | WARNING  | core.logger_manager:warning:72 - Download failed; using OLD cache (expiry: 25AUG2026)
2026-08-26 11:58:34 | WARNING  | core.logger_manager:warning:72 - Token load failed (fallback active): 'NoneType' object is not iterable
2026-08-26 11:58:39 | WARNING  | core.logger_manager:warning:72 - Stale data: ['Spot stale 238.5s', 'Chain timestamp missing/invalid'] - retrying fetch
2026-08-26 11:59:01 | WARNING  | core.logger_manager:warning:72 - NO_TRADE cycle (stale data): ['Chain timestamp missing/invalid']
2026-08-26 12:08:01 | INFO     | core.logger_manager:info:69 - Starting graceful shutdown...
2026-08-26 12:08:03 | INFO     | core.logger_manager:info:69 - Market data connection closed
2026-08-26 12:08:03 | INFO     | core.logger_manager:info:69 - Market engine closed
2026-08-26 12:08:03 | INFO     | core.logger_manager:info:69 - Option Chain Engine shutdown
2026-08-26 12:08:03 | INFO     | core.logger_manager:info:69 - Option engine closed
2026-08-26 12:08:03 | INFO     | core.logger_manager:info:69 - Database saved and closed
2026-08-26 12:08:06 | INFO     | core.logger_manager:info:69 - Graceful shutdown complete
2026-08-26 12:08:40 | INFO     | core.logger_manager:info:69 - BLOCKORA_TRADE v1.0 starting...
2026-08-26 12:08:44 | INFO     | core.logger_manager:info:69 - Angel One SmartAPI connected successfully
2026-08-26 12:08:49 | INFO     | core.logger_manager:info:69 - Option Chain Engine initialized (Multi-Source)
2026-08-26 12:08:50 | INFO     | core.logger_manager:info:69 - Telegram Bot connected
2026-08-26 12:08:58 | INFO     | core.logger_manager:info:69 - JugaadIVFetcher expiry auto-set: 01-Sep-2026
2026-08-26 12:08:58 | INFO     | core.logger_manager:info:69 - Subscription Manager started (polling)
2026-08-26 12:08:58 | INFO     | core.logger_manager:info:69 - System initialization complete
2026-08-26 12:08:58 | INFO     | core.logger_manager:info:69 - BLOCKORA_TRADE started - entering main loop
2026-08-26 12:08:58 | INFO     | core.logger_manager:info:69 - Market OPENED - Starting analysis
2026-08-26 12:09:52 | INFO     | core.logger_manager:info:69 - NSE source cooldown: CORSPROXY (60s)
2026-08-26 12:09:52 | INFO     | core.logger_manager:info:69 - Instrument master download (~30MB, startup only)...
2026-08-26 12:09:54 | WARNING  | core.logger_manager:warning:72 - Download failed; using OLD cache (expiry: 25AUG2026)
2026-08-26 12:09:54 | WARNING  | core.logger_manager:warning:72 - Token load failed (fallback active): 'NoneType' object is not iterable
2026-08-26 12:10:05 | WARNING  | core.logger_manager:warning:72 - Stale data: ['Chain timestamp missing/invalid'] - retrying fetch
2026-08-26 12:10:18 | WARNING  | core.logger_manager:warning:72 - NO_TRADE cycle (stale data): ['Chain timestamp missing/invalid']
2026-08-26 12:12:28 | INFO     | core.logger_manager:info:69 - NSE source cooldown: CORSPROXY (60s)
2026-08-26 12:12:28 | INFO     | core.logger_manager:info:69 - Expiry changed: 25AUG2026 → 01SEP2026, refreshing tokens
2026-08-26 12:12:28 | INFO     | core.logger_manager:info:69 - Instrument master download (~30MB, startup only)...
2026-08-26 12:12:35 | WARNING  | core.logger_manager:warning:72 - Download failed; using OLD cache (expiry: 25AUG2026)
2026-08-26 12:12:35 | WARNING  | core.logger_manager:warning:72 - Token load failed (fallback active): 'NoneType' object is not iterable
2026-08-26 12:12:49 | WARNING  | core.logger_manager:warning:72 - Stale data: ['Chain timestamp missing/invalid'] - retrying fetch
2026-08-26 12:13:01 | WARNING  | core.logger_manager:warning:72 - NO_TRADE cycle (stale data): ['Chain timestamp missing/invalid']
2026-08-26 12:14:01 | INFO     | core.logger_manager:info:69 - Starting graceful shutdown...
2026-08-26 12:14:02 | INFO     | core.logger_manager:info:69 - Market data connection closed
2026-08-26 12:14:02 | INFO     | core.logger_manager:info:69 - Market engine closed
2026-08-26 12:14:02 | INFO     | core.logger_manager:info:69 - Option Chain Engine shutdown
2026-08-26 12:14:02 | INFO     | core.logger_manager:info:69 - Option engine closed
2026-08-26 12:14:03 | INFO     | core.logger_manager:info:69 - Database saved and closed
2026-08-26 12:14:05 | INFO     | core.logger_manager:info:69 - Graceful shutdown complete
2026-08-26 15:56:22 | WARNING  | core.logger_manager:warning:72 - Validator REJECT: ['rr_1.0<2.0']
2026-08-26 15:56:22 | WARNING  | core.logger_manager:warning:72 - Validator REJECT: ['rr_2.0<2.0']
2026-08-26 15:56:26 | WARNING  | core.logger_manager:warning:72 - Validator REJECT: ['regime_EXTREME_VOLATILITY', 'rr_1.6<2.0']
2026-08-26 15:56:26 | WARNING  | core.logger_manager:warning:72 - Validator REJECT: ['highvol_option_type_zone:option_type_CE_rsi_75_out_of_zone']
2026-08-26 15:56:26 | WARNING  | core.logger_manager:warning:72 - Validator REJECT: ['highvol_min_rr:rr_0.7<1.5', 'highvol_volume_filter:vol_500000<=avg500000x1.5', 'highvol_option_type_zone:option_type_CE_rsi_75_out_of_zone', 'rr_0.7<1.5']
2026-08-26 15:56:26 | WARNING  | core.logger_manager:warning:72 - Validator REJECT: ['highvol_atm_range:strike_24450_outside_atm_2_range', 'highvol_volume_filter:vol_500000<=avg500000x1.5', 'highvol_option_type_zone:option_type_CE_rsi_75_out_of_zone']
2026-08-26 15:56:26 | WARNING  | core.logger_manager:warning:72 - Validator REJECT: ['highvol_oi_confirmation:oi_change_4%<10.0%', 'highvol_volume_filter:vol_500000<=avg500000x1.5', 'highvol_option_type_zone:option_type_CE_rsi_75_out_of_zone']
2026-08-26 21:13:52 | WARNING  | core.logger_manager:warning:72 - Validator REJECT: ['rr_1.0<2.0']
2026-08-26 21:13:52 | WARNING  | core.logger_manager:warning:72 - Validator REJECT: ['rr_2.0<2.0']
2026-08-26 21:14:01 | WARNING  | core.logger_manager:warning:72 - Validator REJECT: ['regime_EXTREME_VOLATILITY', 'rr_1.6<2.0']
2026-08-26 21:14:01 | WARNING  | core.logger_manager:warning:72 - Validator REJECT: ['highvol_option_type_zone:option_type_CE_rsi_75_out_of_zone']
2026-08-26 21:14:01 | WARNING  | core.logger_manager:warning:72 - Validator REJECT: ['highvol_min_rr:rr_0.7<1.5', 'highvol_volume_filter:vol_500000<=avg500000x1.5', 'highvol_option_type_zone:option_type_CE_rsi_75_out_of_zone', 'rr_0.7<1.5']
2026-08-26 21:14:01 | WARNING  | core.logger_manager:warning:72 - Validator REJECT: ['highvol_atm_range:strike_24450_outside_atm_2_range', 'highvol_volume_filter:vol_500000<=avg500000x1.5', 'highvol_option_type_zone:option_type_CE_rsi_75_out_of_zone']
2026-08-26 21:14:01 | WARNING  | core.logger_manager:warning:72 - Validator REJECT: ['highvol_oi_confirmation:oi_change_4%<10.0%', 'highvol_volume_filter:vol_500000<=avg500000x1.5', 'highvol_option_type_zone:option_type_CE_rsi_75_out_of_zone']
2026-08-27 08:47:31 | INFO     | core.logger_manager:info:69 - BLOCKORA_TRADE v1.0 starting...
2026-08-27 08:47:32 | INFO     | core.logger_manager:info:69 - Angel One SmartAPI connected successfully
2026-08-27 08:47:33 | INFO     | core.logger_manager:info:69 - Option Chain Engine initialized (Multi-Source)
2026-08-27 08:47:34 | INFO     | core.logger_manager:info:69 - Telegram Bot connected
2026-08-27 08:47:37 | INFO     | core.logger_manager:info:69 - JugaadIVFetcher expiry auto-set: 01-Sep-2026
2026-08-27 08:47:37 | INFO     | core.logger_manager:info:69 - Subscription Manager started (polling)
2026-08-27 08:47:37 | INFO     | core.logger_manager:info:69 - System initialization complete
2026-08-27 08:47:37 | INFO     | core.logger_manager:info:69 - BLOCKORA_TRADE started - entering main loop
2026-08-27 08:47:43 | INFO     | core.logger_manager:info:69 - Starting graceful shutdown...
2026-08-27 08:47:43 | INFO     | core.logger_manager:info:69 - Market data connection closed
2026-08-27 08:47:43 | INFO     | core.logger_manager:info:69 - Market engine closed
2026-08-27 08:47:43 | INFO     | core.logger_manager:info:69 - Option Chain Engine shutdown
2026-08-27 08:47:43 | INFO     | core.logger_manager:info:69 - Option engine closed
2026-08-27 08:47:43 | INFO     | core.logger_manager:info:69 - Backup rotation: deleted 1 old backups, kept 3
2026-08-27 08:47:43 | INFO     | core.logger_manager:info:69 - Database saved and closed
2026-08-27 08:47:44 | INFO     | core.logger_manager:info:69 - Graceful shutdown complete
2026-08-27 09:48:16 | WARNING  | core.logger_manager:warning:72 - Validator REJECT: ['rr_1.0<2.0']
2026-08-27 09:48:16 | WARNING  | core.logger_manager:warning:72 - Validator REJECT: ['rr_2.0<2.0']
2026-08-27 09:48:20 | WARNING  | core.logger_manager:warning:72 - Validator REJECT: ['regime_EXTREME_VOLATILITY', 'rr_1.6<2.0']
2026-08-27 09:48:21 | WARNING  | core.logger_manager:warning:72 - Validator REJECT: ['highvol_option_type_zone:option_type_CE_rsi_75_out_of_zone']
2026-08-27 09:48:21 | WARNING  | core.logger_manager:warning:72 - Validator REJECT: ['highvol_min_rr:rr_0.7<1.5', 'highvol_volume_filter:vol_500000<=avg500000x1.5', 'highvol_option_type_zone:option_type_CE_rsi_75_out_of_zone', 'rr_0.7<1.5']
2026-08-27 09:48:21 | WARNING  | core.logger_manager:warning:72 - Validator REJECT: ['highvol_atm_range:strike_24450_outside_atm_2_range', 'highvol_volume_filter:vol_500000<=avg500000x1.5', 'highvol_option_type_zone:option_type_CE_rsi_75_out_of_zone']
2026-08-27 09:48:21 | WARNING  | core.logger_manager:warning:72 - Validator REJECT: ['highvol_oi_confirmation:oi_change_4%<10.0%', 'highvol_volume_filter:vol_500000<=avg500000x1.5', 'highvol_option_type_zone:option_type_CE_rsi_75_out_of_zone']
2026-08-27 10:15:59 | WARNING  | core.logger_manager:warning:72 - Validator REJECT: ['rr_1.0<2.0']
2026-08-27 10:15:59 | WARNING  | core.logger_manager:warning:72 - Validator REJECT: ['rr_2.0<2.0']
2026-08-27 10:16:03 | WARNING  | core.logger_manager:warning:72 - Validator REJECT: ['regime_EXTREME_VOLATILITY', 'rr_1.6<2.0']
2026-08-27 10:16:03 | WARNING  | core.logger_manager:warning:72 - Validator REJECT: ['highvol_option_type_zone:option_type_CE_rsi_75_out_of_zone']
2026-08-27 10:16:03 | WARNING  | core.logger_manager:warning:72 - Validator REJECT: ['highvol_min_rr:rr_0.7<1.5', 'highvol_volume_filter:vol_500000<=avg500000x1.5', 'highvol_option_type_zone:option_type_CE_rsi_75_out_of_zone', 'rr_0.7<1.5']
2026-08-27 10:16:03 | WARNING  | core.logger_manager:warning:72 - Validator REJECT: ['highvol_atm_range:strike_24450_outside_atm_2_range', 'highvol_volume_filter:vol_500000<=avg500000x1.5', 'highvol_option_type_zone:option_type_CE_rsi_75_out_of_zone']
2026-08-27 10:16:03 | WARNING  | core.logger_manager:warning:72 - Validator REJECT: ['highvol_oi_confirmation:oi_change_4%<10.0%', 'highvol_volume_filter:vol_500000<=avg500000x1.5', 'highvol_option_type_zone:option_type_CE_rsi_75_out_of_zone']
2026-08-27 10:22:08 | WARNING  | core.logger_manager:warning:72 - Validator REJECT: ['rr_1.0<2.0']
2026-08-27 10:22:08 | WARNING  | core.logger_manager:warning:72 - Validator REJECT: ['rr_2.0<2.0']
2026-08-27 10:22:12 | WARNING  | core.logger_manager:warning:72 - Validator REJECT: ['regime_EXTREME_VOLATILITY', 'rr_1.6<2.0']
2026-08-27 10:22:12 | WARNING  | core.logger_manager:warning:72 - Validator REJECT: ['highvol_option_type_zone:option_type_CE_rsi_75_out_of_zone']
2026-08-27 10:22:12 | WARNING  | core.logger_manager:warning:72 - Validator REJECT: ['highvol_min_rr:rr_0.7<1.5', 'highvol_volume_filter:vol_500000<=avg500000x1.5', 'highvol_option_type_zone:option_type_CE_rsi_75_out_of_zone', 'rr_0.7<1.5']
2026-08-27 10:22:12 | WARNING  | core.logger_manager:warning:72 - Validator REJECT: ['highvol_atm_range:strike_24450_outside_atm_2_range', 'highvol_volume_filter:vol_500000<=avg500000x1.5', 'highvol_option_type_zone:option_type_CE_rsi_75_out_of_zone']
2026-08-27 10:22:12 | WARNING  | core.logger_manager:warning:72 - Validator REJECT: ['highvol_oi_confirmation:oi_change_4%<10.0%', 'highvol_volume_filter:vol_500000<=avg500000x1.5', 'highvol_option_type_zone:option_type_CE_rsi_75_out_of_zone']
2026-08-27 10:34:41 | INFO     | core.logger_manager:info:69 - BLOCKORA_TRADE v1.0 starting...
2026-08-27 10:34:42 | INFO     | core.logger_manager:info:69 - Angel One SmartAPI connected successfully
2026-08-27 10:34:43 | INFO     | core.logger_manager:info:69 - Option Chain Engine initialized (Multi-Source)
2026-08-27 10:34:44 | INFO     | core.logger_manager:info:69 - Telegram Bot connected
2026-08-27 10:34:47 | INFO     | core.logger_manager:info:69 - JugaadIVFetcher expiry auto-set: 01-Sep-2026
2026-08-27 10:34:47 | INFO     | core.logger_manager:info:69 - Subscription Manager started (polling)
2026-08-27 10:34:48 | INFO     | core.logger_manager:info:69 - System initialization complete
2026-08-27 10:34:48 | INFO     | core.logger_manager:info:69 - BLOCKORA_TRADE started - entering main loop
2026-08-27 10:34:48 | INFO     | core.logger_manager:info:69 - Market OPENED - Starting analysis
2026-08-27 10:35:42 | INFO     | core.logger_manager:info:69 - Instrument master download (~30MB, startup only)...
2026-08-27 10:36:04 | WARNING  | core.logger_manager:warning:72 - Download failed; using OLD cache (expiry: 25AUG2026)
2026-08-27 10:36:04 | WARNING  | core.logger_manager:warning:72 - Token load failed (fallback active): 'NoneType' object is not iterable
2026-08-27 10:36:10 | WARNING  | core.logger_manager:warning:72 - Stale data: ['No candles', 'Chain timestamp missing/invalid'] - retrying fetch
2026-08-27 10:36:19 | WARNING  | core.logger_manager:warning:72 - NO_TRADE cycle (stale data): ['Chain timestamp missing/invalid']
2026-08-27 10:38:10 | INFO     | core.logger_manager:info:69 - Expiry changed: 25AUG2026 → 01SEP2026, refreshing tokens
2026-08-27 10:38:10 | INFO     | core.logger_manager:info:69 - Instrument master download (~30MB, startup only)...
2026-08-27 10:38:32 | WARNING  | core.logger_manager:warning:72 - Download failed; using OLD cache (expiry: 25AUG2026)
2026-08-27 10:38:32 | WARNING  | core.logger_manager:warning:72 - Token load failed (fallback active): 'NoneType' object is not iterable
2026-08-27 10:38:37 | WARNING  | core.logger_manager:warning:72 - Stale data: ['Chain timestamp missing/invalid'] - retrying fetch
2026-08-27 10:38:42 | WARNING  | core.logger_manager:warning:72 - NO_TRADE cycle (stale data): ['Chain timestamp missing/invalid']
2026-08-27 10:40:32 | INFO     | core.logger_manager:info:69 - Expiry changed: 25AUG2026 → 01SEP2026, refreshing tokens
2026-08-27 10:40:32 | INFO     | core.logger_manager:info:69 - Instrument master download (~30MB, startup only)...
2026-08-27 10:40:55 | WARNING  | core.logger_manager:warning:72 - Download failed; using OLD cache (expiry: 25AUG2026)
2026-08-27 10:40:55 | WARNING  | core.logger_manager:warning:72 - Token load failed (fallback active): 'NoneType' object is not iterable
2026-08-27 10:40:59 | WARNING  | core.logger_manager:warning:72 - Stale data: ['Chain timestamp missing/invalid'] - retrying fetch
2026-08-27 10:41:08 | WARNING  | core.logger_manager:warning:72 - NO_TRADE cycle (stale data): ['Chain timestamp missing/invalid']
2026-08-27 10:42:19 | INFO     | core.logger_manager:info:69 - Starting graceful shutdown...
2026-08-27 10:42:19 | INFO     | core.logger_manager:info:69 - Market data connection closed
2026-08-27 10:42:19 | INFO     | core.logger_manager:info:69 - Market engine closed
2026-08-27 10:42:19 | INFO     | core.logger_manager:info:69 - Option Chain Engine shutdown
2026-08-27 10:42:19 | INFO     | core.logger_manager:info:69 - Option engine closed
2026-08-27 10:42:19 | INFO     | core.logger_manager:info:69 - Database saved and closed
2026-08-27 10:42:20 | INFO     | core.logger_manager:info:69 - Graceful shutdown complete
2026-08-27 23:24:47 | WARNING  | core.logger_manager:warning:72 - Validator REJECT: ['rr_1.0<2.0']
2026-08-27 23:24:47 | WARNING  | core.logger_manager:warning:72 - Validator REJECT: ['rr_2.0<2.0']
2026-08-27 23:24:56 | WARNING  | core.logger_manager:warning:72 - Validator REJECT: ['regime_EXTREME_VOLATILITY', 'rr_1.6<2.0']
2026-08-27 23:24:56 | WARNING  | core.logger_manager:warning:72 - Validator REJECT: ['highvol_option_type_zone:option_type_CE_rsi_75_out_of_zone']
2026-08-27 23:24:56 | WARNING  | core.logger_manager:warning:72 - Validator REJECT: ['highvol_min_rr:rr_0.7<1.5', 'highvol_volume_filter:vol_500000<=avg500000x1.5', 'highvol_option_type_zone:option_type_CE_rsi_75_out_of_zone', 'rr_0.7<1.5']
2026-08-27 23:24:56 | WARNING  | core.logger_manager:warning:72 - Validator REJECT: ['highvol_atm_range:strike_24450_outside_atm_2_range', 'highvol_volume_filter:vol_500000<=avg500000x1.5', 'highvol_option_type_zone:option_type_CE_rsi_75_out_of_zone']
2026-08-27 23:24:56 | WARNING  | core.logger_manager:warning:72 - Validator REJECT: ['highvol_oi_confirmation:oi_change_4%<10.0%', 'highvol_volume_filter:vol_500000<=avg500000x1.5', 'highvol_option_type_zone:option_type_CE_rsi_75_out_of_zone']
2026-08-28 01:18:47 | INFO     | core.logger_manager:info:69 - BLOCKORA_TRADE v1.0 starting...
2026-08-28 01:18:48 | INFO     | core.logger_manager:info:69 - Angel One SmartAPI connected successfully
2026-08-28 01:18:49 | INFO     | core.logger_manager:info:69 - Option Chain Engine initialized (Multi-Source)
2026-08-28 01:18:50 | INFO     | core.logger_manager:info:69 - Telegram Bot connected
2026-08-28 01:18:55 | INFO     | core.logger_manager:info:69 - JugaadIVFetcher expiry auto-set: 01-Sep-2026
2026-08-28 01:18:55 | INFO     | core.logger_manager:info:69 - Subscription Manager started (polling)
2026-08-28 01:18:55 | INFO     | core.logger_manager:info:69 - System initialization complete
2026-08-28 01:18:55 | INFO     | core.logger_manager:info:69 - BLOCKORA_TRADE started - entering main loop
2026-08-28 08:09:59 | INFO     | core.logger_manager:info:69 - Starting graceful shutdown...
2026-08-28 08:09:59 | INFO     | core.logger_manager:info:69 - Market data connection closed
2026-08-28 08:09:59 | INFO     | core.logger_manager:info:69 - Market engine closed
2026-08-28 08:09:59 | INFO     | core.logger_manager:info:69 - Option Chain Engine shutdown
2026-08-28 08:09:59 | INFO     | core.logger_manager:info:69 - Option engine closed
2026-08-28 08:10:00 | INFO     | core.logger_manager:info:69 - Backup rotation: deleted 1 old backups, kept 3
2026-08-28 08:10:00 | INFO     | core.logger_manager:info:69 - Database saved and closed
2026-08-28 08:10:04 | INFO     | core.logger_manager:info:69 - Graceful shutdown complete
2026-08-28 09:15:28 | INFO     | core.logger_manager:info:69 - BLOCKORA_TRADE v1.0 starting...
2026-08-28 09:15:29 | INFO     | core.logger_manager:info:69 - Angel One SmartAPI connected successfully
2026-08-28 09:15:30 | INFO     | core.logger_manager:info:69 - Option Chain Engine initialized (Multi-Source)
2026-08-28 09:15:30 | INFO     | core.logger_manager:info:69 - Telegram Bot connected
2026-08-28 09:15:32 | INFO     | core.logger_manager:info:69 - JugaadIVFetcher expiry auto-set: 01-Sep-2026
2026-08-28 09:15:32 | INFO     | core.logger_manager:info:69 - Subscription Manager started (polling)
2026-08-28 09:15:32 | INFO     | core.logger_manager:info:69 - System initialization complete
2026-08-28 09:15:32 | INFO     | core.logger_manager:info:69 - BLOCKORA_TRADE started - entering main loop
2026-08-28 09:15:33 | INFO     | core.logger_manager:info:69 - Market OPENED - Starting analysis
2026-08-28 09:16:26 | INFO     | core.logger_manager:info:69 - Using local scrip master file (no download needed)...
2026-08-28 09:16:26 | INFO     | core.logger_manager:info:69 - Local scrip file has content, proceeding with download logic
2026-08-28 09:16:26 | INFO     | core.logger_manager:info:69 - Instrument master download (~30MB, startup only)...
2026-08-28 09:16:47 | WARNING  | core.logger_manager:warning:72 - Download failed; using OLD cache (expiry: 25AUG2026)
2026-08-28 09:16:47 | WARNING  | core.logger_manager:warning:72 - Token load failed (fallback active): 'NoneType' object is not iterable
2026-08-28 09:16:52 | WARNING  | core.logger_manager:warning:72 - Stale data: ['Candle stale 1072min', 'Chain timestamp missing/invalid'] - retrying fetch
2026-08-28 09:16:57 | WARNING  | core.logger_manager:warning:72 - NO_TRADE cycle (stale data): ['Candle stale 1072min', 'Chain timestamp missing/invalid']
2026-08-28 09:18:48 | INFO     | core.logger_manager:info:69 - Expiry changed: 25AUG2026 → 01SEP2026, refreshing tokens
2026-08-28 09:18:48 | INFO     | core.logger_manager:info:69 - Using local scrip master file (no download needed)...
2026-08-28 09:18:48 | INFO     | core.logger_manager:info:69 - Local scrip file has content, proceeding with download logic
2026-08-28 09:18:48 | INFO     | core.logger_manager:info:69 - Instrument master download (~30MB, startup only)...
2026-08-28 09:19:09 | WARNING  | core.logger_manager:warning:72 - Download failed; using OLD cache (expiry: 25AUG2026)
2026-08-28 09:19:09 | WARNING  | core.logger_manager:warning:72 - Token load failed (fallback active): 'NoneType' object is not iterable
2026-08-28 09:19:14 | WARNING  | core.logger_manager:warning:72 - Stale data: ['Candle stale 1074min', 'Chain timestamp missing/invalid'] - retrying fetch
2026-08-28 09:19:18 | WARNING  | core.logger_manager:warning:72 - NO_TRADE cycle (stale data): ['Candle stale 1074min', 'Chain timestamp missing/invalid']
2026-08-28 09:21:11 | INFO     | core.logger_manager:info:69 - Expiry changed: 25AUG2026 → 01SEP2026, refreshing tokens
2026-08-28 09:21:11 | INFO     | core.logger_manager:info:69 - Using local scrip master file (no download needed)...
2026-08-28 09:21:11 | INFO     | core.logger_manager:info:69 - Local scrip file has content, proceeding with download logic
2026-08-28 09:21:11 | INFO     | core.logger_manager:info:69 - Instrument master download (~30MB, startup only)...
2026-08-28 09:21:33 | WARNING  | core.logger_manager:warning:72 - Download failed; using OLD cache (expiry: 25AUG2026)
2026-08-28 09:21:33 | WARNING  | core.logger_manager:warning:72 - Token load failed (fallback active): 'NoneType' object is not iterable
2026-08-28 09:21:38 | WARNING  | core.logger_manager:warning:72 - Stale data: ['Chain timestamp missing/invalid'] - retrying fetch
2026-08-28 09:21:42 | WARNING  | core.logger_manager:warning:72 - NO_TRADE cycle (stale data): ['Chain timestamp missing/invalid']
2026-08-28 09:21:57 | INFO     | core.logger_manager:info:69 - Starting graceful shutdown...
2026-08-28 09:21:58 | INFO     | core.logger_manager:info:69 - Market data connection closed
2026-08-28 09:21:58 | INFO     | core.logger_manager:info:69 - Market engine closed
2026-08-28 09:21:58 | INFO     | core.logger_manager:info:69 - Option Chain Engine shutdown
2026-08-28 09:21:58 | INFO     | core.logger_manager:info:69 - Option engine closed
2026-08-28 09:21:58 | INFO     | core.logger_manager:info:69 - Database saved and closed
2026-08-28 09:21:58 | INFO     | core.logger_manager:info:69 - Graceful shutdown complete
2026-08-28 17:20:04 | INFO     | core.logger_manager:info:69 - BLOCKORA_TRADE v1.0 starting...
2026-08-28 17:20:05 | INFO     | core.logger_manager:info:69 - Angel One SmartAPI connected successfully
2026-08-28 17:20:05 | INFO     | core.logger_manager:info:69 - Option Chain Engine initialized (Multi-Source)
2026-08-28 17:20:06 | INFO     | core.logger_manager:info:69 - Telegram Bot connected
2026-08-28 17:20:09 | INFO     | core.logger_manager:info:69 - JugaadIVFetcher expiry auto-set: 01-Sep-2026
2026-08-28 17:20:09 | INFO     | core.logger_manager:info:69 - Subscription Manager started (polling)
2026-08-28 17:20:09 | INFO     | core.logger_manager:info:69 - System initialization complete
2026-08-28 17:20:09 | INFO     | core.logger_manager:info:69 - BLOCKORA_TRADE started - entering main loop
2026-08-28 17:20:14 | INFO     | core.logger_manager:info:69 - Starting graceful shutdown...
2026-08-28 17:20:14 | INFO     | core.logger_manager:info:69 - Market data connection closed
2026-08-28 17:20:14 | INFO     | core.logger_manager:info:69 - Market engine closed
2026-08-28 17:20:14 | INFO     | core.logger_manager:info:69 - Option Chain Engine shutdown
2026-08-28 17:20:14 | INFO     | core.logger_manager:info:69 - Option engine closed
2026-08-28 17:20:14 | INFO     | core.logger_manager:info:69 - Database saved and closed
2026-08-28 17:20:15 | INFO     | core.logger_manager:info:69 - Graceful shutdown complete
2026-08-29 13:05:51 | WARNING  | core.logger_manager:warning:72 - Validator REJECT: ['rr_1.0<2.0']
2026-08-29 13:05:51 | WARNING  | core.logger_manager:warning:72 - Validator REJECT: ['rr_2.0<2.0']
2026-08-29 13:06:02 | WARNING  | core.logger_manager:warning:72 - Validator REJECT: ['regime_EXTREME_VOLATILITY', 'rr_1.6<2.0']
2026-08-29 13:06:02 | WARNING  | core.logger_manager:warning:72 - Validator REJECT: ['highvol_option_type_zone:option_type_CE_rsi_75_out_of_zone']
2026-08-29 13:06:02 | WARNING  | core.logger_manager:warning:72 - Validator REJECT: ['highvol_min_rr:rr_0.7<1.5', 'highvol_volume_filter:vol_500000<=avg500000x1.5', 'highvol_option_type_zone:option_type_CE_rsi_75_out_of_zone', 'rr_0.7<1.5']
2026-08-29 13:06:02 | WARNING  | core.logger_manager:warning:72 - Validator REJECT: ['highvol_atm_range:strike_24450_outside_atm_2_range', 'highvol_volume_filter:vol_500000<=avg500000x1.5', 'highvol_option_type_zone:option_type_CE_rsi_75_out_of_zone']
2026-08-29 13:06:02 | WARNING  | core.logger_manager:warning:72 - Validator REJECT: ['highvol_oi_confirmation:oi_change_4%<10.0%', 'highvol_volume_filter:vol_500000<=avg500000x1.5', 'highvol_option_type_zone:option_type_CE_rsi_75_out_of_zone']
2026-08-29 16:45:35 | WARNING  | core.logger_manager:warning:72 - Validator REJECT: ['rr_1.0<2.0']
2026-08-29 16:45:35 | WARNING  | core.logger_manager:warning:72 - Validator REJECT: ['rr_2.0<2.0']
2026-08-29 16:45:40 | WARNING  | core.logger_manager:warning:72 - Validator REJECT: ['regime_EXTREME_VOLATILITY', 'rr_1.6<2.0']
2026-08-29 16:45:40 | WARNING  | core.logger_manager:warning:72 - Validator REJECT: ['highvol_option_type_zone:option_type_CE_rsi_75_out_of_zone']
2026-08-29 16:45:40 | WARNING  | core.logger_manager:warning:72 - Validator REJECT: ['highvol_min_rr:rr_0.7<1.5', 'highvol_volume_filter:vol_500000<=avg500000x1.5', 'highvol_option_type_zone:option_type_CE_rsi_75_out_of_zone', 'rr_0.7<1.5']
2026-08-29 16:45:40 | WARNING  | core.logger_manager:warning:72 - Validator REJECT: ['highvol_atm_range:strike_24450_outside_atm_2_range', 'highvol_volume_filter:vol_500000<=avg500000x1.5', 'highvol_option_type_zone:option_type_CE_rsi_75_out_of_zone']
2026-08-29 16:45:40 | WARNING  | core.logger_manager:warning:72 - Validator REJECT: ['highvol_oi_confirmation:oi_change_4%<10.0%', 'highvol_volume_filter:vol_500000<=avg500000x1.5', 'highvol_option_type_zone:option_type_CE_rsi_75_out_of_zone']
2026-08-29 19:00:23 | WARNING  | core.logger_manager:warning:72 - Validator REJECT: ['rr_1.0<2.0']
2026-08-29 19:00:23 | WARNING  | core.logger_manager:warning:72 - Validator REJECT: ['rr_2.0<2.0']
2026-08-29 19:00:33 | WARNING  | core.logger_manager:warning:72 - Validator REJECT: ['regime_EXTREME_VOLATILITY', 'rr_1.6<2.0']
2026-08-29 19:00:33 | WARNING  | core.logger_manager:warning:72 - Validator REJECT: ['highvol_option_type_zone:option_type_CE_rsi_75_out_of_zone']
2026-08-29 19:00:33 | WARNING  | core.logger_manager:warning:72 - Validator REJECT: ['highvol_min_rr:rr_0.7<1.5', 'highvol_volume_filter:vol_500000<=avg500000x1.5', 'highvol_option_type_zone:option_type_CE_rsi_75_out_of_zone', 'rr_0.7<1.5']
2026-08-29 19:00:33 | WARNING  | core.logger_manager:warning:72 - Validator REJECT: ['highvol_atm_range:strike_24450_outside_atm_2_range', 'highvol_volume_filter:vol_500000<=avg500000x1.5', 'highvol_option_type_zone:option_type_CE_rsi_75_out_of_zone']
2026-08-29 19:00:33 | WARNING  | core.logger_manager:warning:72 - Validator REJECT: ['highvol_oi_confirmation:oi_change_4%<10.0%', 'highvol_volume_filter:vol_500000<=avg500000x1.5', 'highvol_option_type_zone:option_type_CE_rsi_75_out_of_zone']
2026-08-29 20:20:25 | WARNING  | core.logger_manager:warning:72 - Validator REJECT: ['rr_1.0<2.0']
2026-08-29 20:20:25 | WARNING  | core.logger_manager:warning:72 - Validator REJECT: ['rr_2.0<2.0']
2026-08-29 20:20:31 | WARNING  | core.logger_manager:warning:72 - Validator REJECT: ['regime_EXTREME_VOLATILITY', 'rr_1.6<2.0']
2026-08-29 20:20:31 | WARNING  | core.logger_manager:warning:72 - Validator REJECT: ['highvol_option_type_zone:option_type_CE_rsi_75_out_of_zone']
2026-08-29 20:20:31 | WARNING  | core.logger_manager:warning:72 - Validator REJECT: ['highvol_min_rr:rr_0.7<1.5', 'highvol_volume_filter:vol_500000<=avg500000x1.5', 'highvol_option_type_zone:option_type_CE_rsi_75_out_of_zone', 'rr_0.7<1.5']
2026-08-29 20:20:31 | WARNING  | core.logger_manager:warning:72 - Validator REJECT: ['highvol_atm_range:strike_24450_outside_atm_2_range', 'highvol_volume_filter:vol_500000<=avg500000x1.5', 'highvol_option_type_zone:option_type_CE_rsi_75_out_of_zone']
2026-08-29 20:20:31 | WARNING  | core.logger_manager:warning:72 - Validator REJECT: ['highvol_oi_confirmation:oi_change_4%<10.0%', 'highvol_volume_filter:vol_500000<=avg500000x1.5', 'highvol_option_type_zone:option_type_CE_rsi_75_out_of_zone']
2026-08-29 21:25:24 | WARNING  | core.logger_manager:warning:72 - Validator REJECT: ['rr_1.0<2.0']
2026-08-29 21:25:24 | WARNING  | core.logger_manager:warning:72 - Validator REJECT: ['rr_2.0<2.0']
2026-08-29 21:25:29 | WARNING  | core.logger_manager:warning:72 - Validator REJECT: ['regime_EXTREME_VOLATILITY', 'rr_1.6<2.0']
2026-08-29 21:25:29 | WARNING  | core.logger_manager:warning:72 - Validator REJECT: ['highvol_option_type_zone:option_type_CE_rsi_75_out_of_zone']
2026-08-29 21:25:29 | WARNING  | core.logger_manager:warning:72 - Validator REJECT: ['highvol_min_rr:rr_0.7<1.5', 'highvol_volume_filter:vol_500000<=avg500000x1.5', 'highvol_option_type_zone:option_type_CE_rsi_75_out_of_zone', 'rr_0.7<1.5']
2026-08-29 21:25:30 | WARNING  | core.logger_manager:warning:72 - Validator REJECT: ['highvol_atm_range:strike_24450_outside_atm_2_range', 'highvol_volume_filter:vol_500000<=avg500000x1.5', 'highvol_option_type_zone:option_type_CE_rsi_75_out_of_zone']
2026-08-29 21:25:30 | WARNING  | core.logger_manager:warning:72 - Validator REJECT: ['highvol_oi_confirmation:oi_change_4%<10.0%', 'highvol_volume_filter:vol_500000<=avg500000x1.5', 'highvol_option_type_zone:option_type_CE_rsi_75_out_of_zone']
2026-08-29 21:28:05 | WARNING  | core.logger_manager:warning:72 - Validator REJECT: ['rr_1.0<2.0']
2026-08-29 21:28:05 | WARNING  | core.logger_manager:warning:72 - Validator REJECT: ['rr_2.0<2.0']
2026-08-29 21:28:09 | WARNING  | core.logger_manager:warning:72 - Validator REJECT: ['regime_EXTREME_VOLATILITY', 'rr_1.6<2.0']
2026-08-29 21:28:09 | WARNING  | core.logger_manager:warning:72 - Validator REJECT: ['highvol_option_type_zone:option_type_CE_rsi_75_out_of_zone']
2026-08-29 21:28:09 | WARNING  | core.logger_manager:warning:72 - Validator REJECT: ['highvol_min_rr:rr_0.7<1.5', 'highvol_volume_filter:vol_500000<=avg500000x1.5', 'highvol_option_type_zone:option_type_CE_rsi_75_out_of_zone', 'rr_0.7<1.5']
2026-08-29 21:28:09 | WARNING  | core.logger_manager:warning:72 - Validator REJECT: ['highvol_atm_range:strike_24450_outside_atm_2_range', 'highvol_volume_filter:vol_500000<=avg500000x1.5', 'highvol_option_type_zone:option_type_CE_rsi_75_out_of_zone']
2026-08-29 21:28:09 | WARNING  | core.logger_manager:warning:72 - Validator REJECT: ['highvol_oi_confirmation:oi_change_4%<10.0%', 'highvol_volume_filter:vol_500000<=avg500000x1.5', 'highvol_option_type_zone:option_type_CE_rsi_75_out_of_zone']
2026-08-29 22:13:58 | WARNING  | core.logger_manager:warning:72 - Validator REJECT: ['rr_1.0<2.0']
2026-08-29 22:13:58 | WARNING  | core.logger_manager:warning:72 - Validator REJECT: ['rr_2.0<2.0']
2026-08-29 22:14:03 | WARNING  | core.logger_manager:warning:72 - Validator REJECT: ['regime_EXTREME_VOLATILITY', 'rr_1.6<2.0']
2026-08-29 22:14:03 | WARNING  | core.logger_manager:warning:72 - Validator REJECT: ['highvol_option_type_zone:option_type_CE_rsi_75_out_of_zone']
2026-08-29 22:14:03 | WARNING  | core.logger_manager:warning:72 - Validator REJECT: ['highvol_min_rr:rr_0.7<1.5', 'highvol_volume_filter:vol_500000<=avg500000x1.5', 'highvol_option_type_zone:option_type_CE_rsi_75_out_of_zone', 'rr_0.7<1.5']
2026-08-29 22:14:03 | WARNING  | core.logger_manager:warning:72 - Validator REJECT: ['highvol_atm_range:strike_24450_outside_atm_2_range', 'highvol_volume_filter:vol_500000<=avg500000x1.5', 'highvol_option_type_zone:option_type_CE_rsi_75_out_of_zone']
2026-08-29 22:14:03 | WARNING  | core.logger_manager:warning:72 - Validator REJECT: ['highvol_oi_confirmation:oi_change_4%<10.0%', 'highvol_volume_filter:vol_500000<=avg500000x1.5', 'highvol_option_type_zone:option_type_CE_rsi_75_out_of_zone']
2026-08-29 22:17:00 | WARNING  | core.logger_manager:warning:72 - Validator REJECT: ['rr_1.0<2.0']
2026-08-29 22:17:00 | WARNING  | core.logger_manager:warning:72 - Validator REJECT: ['rr_2.0<2.0']
2026-08-29 22:17:04 | WARNING  | core.logger_manager:warning:72 - Validator REJECT: ['regime_EXTREME_VOLATILITY', 'rr_1.6<2.0']
2026-08-29 22:17:04 | WARNING  | core.logger_manager:warning:72 - Validator REJECT: ['highvol_option_type_zone:option_type_CE_rsi_75_out_of_zone']
2026-08-29 22:17:04 | WARNING  | core.logger_manager:warning:72 - Validator REJECT: ['highvol_min_rr:rr_0.7<1.5', 'highvol_volume_filter:vol_500000<=avg500000x1.5', 'highvol_option_type_zone:option_type_CE_rsi_75_out_of_zone', 'rr_0.7<1.5']
2026-08-29 22:17:04 | WARNING  | core.logger_manager:warning:72 - Validator REJECT: ['highvol_atm_range:strike_24450_outside_atm_2_range', 'highvol_volume_filter:vol_500000<=avg500000x1.5', 'highvol_option_type_zone:option_type_CE_rsi_75_out_of_zone']
2026-08-29 22:17:04 | WARNING  | core.logger_manager:warning:72 - Validator REJECT: ['highvol_oi_confirmation:oi_change_4%<10.0%', 'highvol_volume_filter:vol_500000<=avg500000x1.5', 'highvol_option_type_zone:option_type_CE_rsi_75_out_of_zone']
2026-08-29 22:38:50 | WARNING  | core.logger_manager:warning:72 - Validator REJECT: ['highvol_option_type_zone:option_type_CE_rsi_75_out_of_zone']
2026-08-29 22:50:26 | WARNING  | core.logger_manager:warning:72 - Validator REJECT: ['rr_1.0<2.0']
2026-08-29 22:50:26 | WARNING  | core.logger_manager:warning:72 - Validator REJECT: ['rr_2.0<2.0']
2026-08-29 22:50:32 | WARNING  | core.logger_manager:warning:72 - Validator REJECT: ['regime_EXTREME_VOLATILITY', 'rr_1.6<2.0']
2026-08-29 22:50:32 | WARNING  | core.logger_manager:warning:72 - Validator REJECT: ['highvol_option_type_zone:option_type_CE_rsi_75_out_of_zone']
2026-08-29 22:50:32 | WARNING  | core.logger_manager:warning:72 - Validator REJECT: ['highvol_min_rr:rr_0.7<1.5', 'highvol_volume_filter:vol_500000<=avg500000x1.5', 'highvol_option_type_zone:option_type_CE_rsi_75_out_of_zone', 'rr_0.7<1.5']
2026-08-29 22:50:32 | WARNING  | core.logger_manager:warning:72 - Validator REJECT: ['highvol_atm_range:strike_24450_outside_atm_2_range', 'highvol_volume_filter:vol_500000<=avg500000x1.5', 'highvol_option_type_zone:option_type_CE_rsi_75_out_of_zone']
2026-08-29 22:50:32 | WARNING  | core.logger_manager:warning:72 - Validator REJECT: ['highvol_oi_confirmation:oi_change_4%<10.0%', 'highvol_volume_filter:vol_500000<=avg500000x1.5', 'highvol_option_type_zone:option_type_CE_rsi_75_out_of_zone']
2026-08-30 11:10:39 | WARNING  | core.logger_manager:warning:72 - Validator REJECT: ['highvol_option_type_zone:option_type_CE_rsi_75_out_of_zone']
2026-08-30 11:34:30 | WARNING  | core.logger_manager:warning:72 - Validator REJECT: ['rr_1.0<2.0']
2026-08-30 11:34:30 | WARNING  | core.logger_manager:warning:72 - Validator REJECT: ['rr_2.0<2.0']
2026-08-30 11:34:32 | WARNING  | core.logger_manager:warning:72 - Validator REJECT: ['regime_EXTREME_VOLATILITY', 'rr_1.6<2.0']
2026-08-30 11:34:32 | WARNING  | core.logger_manager:warning:72 - Validator REJECT: ['highvol_min_rr:rr_0.7<1.5', 'highvol_volume_filter:vol_500000<=avg500000x1.5', 'rr_0.7<1.5']
2026-08-30 11:34:32 | WARNING  | core.logger_manager:warning:72 - Validator REJECT: ['highvol_atm_range:strike_24450_outside_atm_2_range', 'highvol_volume_filter:vol_500000<=avg500000x1.5']
2026-08-30 11:34:32 | WARNING  | core.logger_manager:warning:72 - Validator REJECT: ['highvol_oi_confirmation:oi_change_4%<10.0%', 'highvol_volume_filter:vol_500000<=avg500000x1.5']
2026-08-30 11:42:49 | WARNING  | core.logger_manager:warning:72 - Validator REJECT: ['rr_1.0<2.0']
2026-08-30 11:42:49 | WARNING  | core.logger_manager:warning:72 - Validator REJECT: ['rr_2.0<2.0']
2026-08-30 11:42:50 | WARNING  | core.logger_manager:warning:72 - Validator REJECT: ['regime_EXTREME_VOLATILITY', 'rr_1.6<2.0']
2026-08-30 11:42:50 | WARNING  | core.logger_manager:warning:72 - Validator REJECT: ['highvol_min_rr:rr_0.7<1.5', 'highvol_volume_filter:vol_500000<=avg500000x1.5', 'rr_0.7<1.5']
2026-08-30 11:42:50 | WARNING  | core.logger_manager:warning:72 - Validator REJECT: ['highvol_atm_range:strike_24450_outside_atm_2_range', 'highvol_volume_filter:vol_500000<=avg500000x1.5']
2026-08-30 11:42:50 | WARNING  | core.logger_manager:warning:72 - Validator REJECT: ['highvol_oi_confirmation:oi_change_4%<10.0%', 'highvol_volume_filter:vol_500000<=avg500000x1.5']
2026-08-30 18:54:17 | INFO     | core.logger_manager:info:69 - BLOCKORA_TRADE v1.0 starting...
2026-08-30 18:54:18 | INFO     | core.logger_manager:info:69 - Angel One SmartAPI connected successfully
2026-08-30 18:54:19 | INFO     | core.logger_manager:info:69 - Option Chain Engine initialized (Multi-Source)
2026-08-30 18:54:20 | INFO     | core.logger_manager:info:69 - Telegram Bot connected
2026-08-30 18:54:23 | INFO     | core.logger_manager:info:69 - JugaadIVFetcher expiry auto-set: 01-Sep-2026
2026-08-30 18:54:23 | INFO     | core.logger_manager:info:69 - Subscription Manager started (polling)
2026-08-30 18:54:23 | INFO     | core.logger_manager:info:69 - System initialization complete
2026-08-30 18:54:23 | INFO     | core.logger_manager:info:69 - BLOCKORA_TRADE started - entering main loop
2026-08-30 18:54:32 | INFO     | core.logger_manager:info:69 - Starting graceful shutdown...
2026-08-30 18:54:32 | INFO     | core.logger_manager:info:69 - Market data connection closed
2026-08-30 18:54:32 | INFO     | core.logger_manager:info:69 - Market engine closed
2026-08-30 18:54:32 | INFO     | core.logger_manager:info:69 - Option Chain Engine shutdown
2026-08-30 18:54:32 | INFO     | core.logger_manager:info:69 - Option engine closed
2026-08-30 18:54:32 | INFO     | core.logger_manager:info:69 - Backup rotation: deleted 1 old backups, kept 3
2026-08-30 18:54:32 | INFO     | core.logger_manager:info:69 - Database saved and closed
2026-08-30 18:54:33 | INFO     | core.logger_manager:info:69 - Graceful shutdown complete
2026-08-31 10:13:20 | INFO     | core.logger_manager:info:69 - BLOCKORA_TRADE v1.0 starting...
2026-08-31 10:13:21 | INFO     | core.logger_manager:info:69 - Angel One SmartAPI connected successfully
2026-08-31 10:13:22 | INFO     | core.logger_manager:info:69 - Option Chain Engine initialized (Multi-Source)
2026-08-31 10:13:23 | INFO     | core.logger_manager:info:69 - Telegram Bot connected
2026-08-31 10:13:25 | INFO     | core.logger_manager:info:69 - JugaadIVFetcher expiry auto-set: 01-Sep-2026
2026-08-31 10:13:25 | INFO     | core.logger_manager:info:69 - Subscription Manager started (polling)
2026-08-31 10:13:25 | INFO     | core.logger_manager:info:69 - System initialization complete
2026-08-31 10:13:25 | INFO     | core.logger_manager:info:69 - BLOCKORA_TRADE started - entering main loop
2026-08-31 10:13:25 | INFO     | core.logger_manager:info:69 - Market OPENED - Starting analysis
2026-08-31 10:14:21 | INFO     | core.logger_manager:info:69 - Using local scrip master file (no download needed)...
2026-08-31 10:14:21 | INFO     | core.logger_manager:info:69 - Local scrip file has content, proceeding with download logic
2026-08-31 10:14:21 | INFO     | core.logger_manager:info:69 - Instrument master download (~30MB, startup only)...
2026-08-31 10:14:42 | WARNING  | core.logger_manager:warning:72 - Download failed; using OLD cache (expiry: 04SEP2026)
2026-08-31 10:14:42 | WARNING  | core.logger_manager:warning:72 - Token load failed (fallback active): 'NoneType' object is not iterable
2026-08-31 10:14:42 | WARNING  | core.logger_manager:warning:72 - Stale data: ['Chain timestamp missing/invalid'] - retrying fetch
2026-08-31 10:14:43 | WARNING  | core.logger_manager:warning:72 - NO_TRADE cycle (stale data): ['Chain timestamp missing/invalid']
2026-08-31 10:16:25 | INFO     | core.logger_manager:info:69 - Expiry changed: 04SEP2026 → 01SEP2026, refreshing tokens
2026-08-31 10:16:25 | INFO     | core.logger_manager:info:69 - Using local scrip master file (no download needed)...
2026-08-31 10:16:25 | INFO     | core.logger_manager:info:69 - Local scrip file has content, proceeding with download logic
2026-08-31 10:16:25 | INFO     | core.logger_manager:info:69 - Instrument master download (~30MB, startup only)...
2026-08-31 10:16:46 | WARNING  | core.logger_manager:warning:72 - Download failed; using OLD cache (expiry: 04SEP2026)
2026-08-31 10:16:46 | WARNING  | core.logger_manager:warning:72 - Token load failed (fallback active): 'NoneType' object is not iterable
2026-08-31 10:16:46 | WARNING  | core.logger_manager:warning:72 - Stale data: ['Chain timestamp missing/invalid'] - retrying fetch
2026-08-31 10:16:46 | WARNING  | core.logger_manager:warning:72 - NO_TRADE cycle (stale data): ['Chain timestamp missing/invalid']
2026-08-31 10:16:49 | INFO     | core.logger_manager:info:69 - Starting graceful shutdown...
2026-08-31 10:16:49 | INFO     | core.logger_manager:info:69 - Market data connection closed
2026-08-31 10:16:49 | INFO     | core.logger_manager:info:69 - Market engine closed
2026-08-31 10:16:49 | INFO     | core.logger_manager:info:69 - Option Chain Engine shutdown
2026-08-31 10:16:49 | INFO     | core.logger_manager:info:69 - Option engine closed
2026-08-31 10:16:49 | INFO     | core.logger_manager:info:69 - Backup rotation: deleted 1 old backups, kept 3
2026-08-31 10:16:49 | INFO     | core.logger_manager:info:69 - Database saved and closed
2026-08-31 10:16:50 | INFO     | core.logger_manager:info:69 - Graceful shutdown complete
2026-08-31 10:54:47 | WARNING  | core.logger_manager:warning:72 - Validator REJECT: ['rr_1.0<2.0']
2026-08-31 10:54:47 | WARNING  | core.logger_manager:warning:72 - Validator REJECT: ['rr_2.0<2.0']
2026-08-31 10:54:49 | WARNING  | core.logger_manager:warning:72 - Validator REJECT: ['regime_EXTREME_VOLATILITY', 'rr_1.6<2.0']
2026-08-31 10:54:49 | WARNING  | core.logger_manager:warning:72 - Validator REJECT: ['highvol_min_rr:rr_0.7<1.5', 'highvol_volume_filter:vol_500000<=avg500000x1.5', 'rr_0.7<1.5']
2026-08-31 10:54:49 | WARNING  | core.logger_manager:warning:72 - Validator REJECT: ['highvol_atm_range:strike_24450_outside_atm_2_range', 'highvol_volume_filter:vol_500000<=avg500000x1.5']
2026-08-31 10:54:49 | WARNING  | core.logger_manager:warning:72 - Validator REJECT: ['highvol_oi_confirmation:oi_change_4%<10.0%', 'highvol_volume_filter:vol_500000<=avg500000x1.5']
2026-08-31 11:07:05 | INFO     | core.logger_manager:info:69 - Using local scrip master file (no download needed)...
2026-08-31 11:07:05 | INFO     | core.logger_manager:info:69 - Local scrip file has content, proceeding with download logic
2026-08-31 11:07:05 | INFO     | core.logger_manager:info:69 - Instrument master download (~30MB, startup only)...
2026-08-31 11:07:27 | WARNING  | core.logger_manager:warning:72 - Download failed; using OLD cache (expiry: 04SEP2026)
2026-08-31 11:07:27 | WARNING  | core.logger_manager:warning:72 - Token load failed (fallback active): 'NoneType' object is not iterable
2026-08-31 11:07:27 | INFO     | core.logger_manager:info:69 - Expiry changed: 04SEP2026 → 01SEP2026, refreshing tokens
2026-08-31 11:07:27 | INFO     | core.logger_manager:info:69 - Using local scrip master file (no download needed)...
2026-08-31 11:07:27 | INFO     | core.logger_manager:info:69 - Local scrip file has content, proceeding with download logic
2026-08-31 11:07:27 | INFO     | core.logger_manager:info:69 - Instrument master download (~30MB, startup only)...
2026-08-31 11:07:49 | WARNING  | core.logger_manager:warning:72 - Download failed; using OLD cache (expiry: 04SEP2026)
2026-08-31 11:07:49 | WARNING  | core.logger_manager:warning:72 - Token load failed (fallback active): 'NoneType' object is not iterable
2026-08-31 11:16:39 | INFO     | core.logger_manager:info:69 - Using local scrip master file (no download needed)...
2026-08-31 11:16:40 | INFO     | core.logger_manager:info:69 - Local scrip file has content, proceeding with download logic
2026-08-31 11:16:40 | INFO     | core.logger_manager:info:69 - Instrument master download (~30MB, startup only)...
2026-08-31 11:17:01 | WARNING  | core.logger_manager:warning:72 - Download failed; using OLD cache (expiry: 04SEP2026)
2026-08-31 11:17:01 | WARNING  | core.logger_manager:warning:72 - Token load failed (fallback active): 'NoneType' object is not iterable
2026-08-31 11:27:31 | INFO     | core.logger_manager:info:69 - Using local scrip master file (no download needed)...
2026-08-31 11:27:31 | INFO     | core.logger_manager:info:69 - Local scrip file has content, proceeding with download logic
2026-08-31 11:27:31 | INFO     | core.logger_manager:info:69 - Instrument master download (~30MB, startup only)...
2026-08-31 11:27:52 | WARNING  | core.logger_manager:warning:72 - Download failed; using OLD cache (expiry: 04SEP2026)
2026-08-31 11:27:52 | WARNING  | core.logger_manager:warning:72 - Token load failed (fallback active): 'NoneType' object is not iterable
2026-08-31 11:56:47 | WARNING  | core.logger_manager:warning:72 - Validator REJECT: ['rr_1.0<2.0']
2026-08-31 11:56:47 | WARNING  | core.logger_manager:warning:72 - Validator REJECT: ['rr_2.0<2.0']
2026-08-31 11:56:49 | WARNING  | core.logger_manager:warning:72 - Validator REJECT: ['regime_EXTREME_VOLATILITY', 'rr_1.6<2.0']
2026-08-31 11:56:49 | WARNING  | core.logger_manager:warning:72 - Validator REJECT: ['highvol_min_rr:rr_0.7<1.5', 'highvol_volume_filter:vol_500000<=avg500000x1.5', 'rr_0.7<1.5']
2026-08-31 11:56:49 | WARNING  | core.logger_manager:warning:72 - Validator REJECT: ['highvol_atm_range:strike_24450_outside_atm_2_range', 'highvol_volume_filter:vol_500000<=avg500000x1.5']
2026-08-31 11:56:49 | WARNING  | core.logger_manager:warning:72 - Validator REJECT: ['highvol_oi_confirmation:oi_change_4%<10.0%', 'highvol_volume_filter:vol_500000<=avg500000x1.5']
2026-08-31 11:58:30 | INFO     | core.logger_manager:info:69 - Using local scrip master file (no download needed)...
2026-08-31 11:58:30 | INFO     | core.logger_manager:info:69 - Local scrip master has content, extracting tokens - SKIPPING download
2026-08-31 11:58:32 | INFO     | core.logger_manager:info:69 - Tokens extracted from local master: 0
2026-08-31 12:00:52 | INFO     | core.logger_manager:info:69 - Using local scrip master file (no download needed)...
2026-08-31 12:00:52 | INFO     | core.logger_manager:info:69 - Local scrip master has content, extracting tokens - SKIPPING download
2026-08-31 12:00:54 | INFO     | core.logger_manager:info:69 - Tokens extracted from local master: 0
2026-08-31 12:00:54 | INFO     | core.logger_manager:info:69 - Cache expiry changed:  → 01SEP2026, using available cache
2026-08-31 12:00:54 | INFO     | core.logger_manager:info:69 - Using local scrip master file (no download needed)...
2026-08-31 12:00:54 | INFO     | core.logger_manager:info:69 - Local scrip master has content, extracting tokens - SKIPPING download
2026-08-31 12:00:55 | INFO     | core.logger_manager:info:69 - Tokens extracted from local master: 0
2026-08-31 12:03:10 | WARNING  | core.logger_manager:warning:72 - Validator REJECT: ['rr_1.0<2.0']
2026-08-31 12:03:10 | WARNING  | core.logger_manager:warning:72 - Validator REJECT: ['rr_2.0<2.0']
2026-08-31 12:03:12 | WARNING  | core.logger_manager:warning:72 - Validator REJECT: ['regime_EXTREME_VOLATILITY', 'rr_1.6<2.0']
2026-08-31 12:03:12 | WARNING  | core.logger_manager:warning:72 - Validator REJECT: ['highvol_min_rr:rr_0.7<1.5', 'highvol_volume_filter:vol_500000<=avg500000x1.5', 'rr_0.7<1.5']
2026-08-31 12:03:12 | WARNING  | core.logger_manager:warning:72 - Validator REJECT: ['highvol_atm_range:strike_24450_outside_atm_2_range', 'highvol_volume_filter:vol_500000<=avg500000x1.5']
2026-08-31 12:03:12 | WARNING  | core.logger_manager:warning:72 - Validator REJECT: ['highvol_oi_confirmation:oi_change_4%<10.0%', 'highvol_volume_filter:vol_500000<=avg500000x1.5']
2026-08-31 12:07:52 | INFO     | core.logger_manager:info:69 - BLOCKORA_TRADE v1.0 starting...
2026-08-31 12:07:53 | INFO     | core.logger_manager:info:69 - Angel One SmartAPI connected successfully
2026-08-31 12:07:54 | INFO     | core.logger_manager:info:69 - Option Chain Engine initialized (Multi-Source)
2026-08-31 12:08:05 | INFO     | core.logger_manager:info:69 - Telegram Bot connected
2026-08-31 12:08:07 | INFO     | core.logger_manager:info:69 - JugaadIVFetcher expiry auto-set: 01-Sep-2026
2026-08-31 12:08:07 | INFO     | core.logger_manager:info:69 - Subscription Manager started (polling)
2026-08-31 12:08:07 | INFO     | core.logger_manager:info:69 - System initialization complete
2026-08-31 12:08:07 | INFO     | core.logger_manager:info:69 - BLOCKORA_TRADE started - entering main loop
2026-08-31 12:08:07 | INFO     | core.logger_manager:info:69 - Market OPENED - Starting analysis
2026-08-31 12:09:00 | INFO     | core.logger_manager:info:69 - Using local scrip master file (no download needed)...
2026-08-31 12:09:00 | INFO     | core.logger_manager:info:69 - Local scrip master has content, extracting tokens - SKIPPING download
2026-08-31 12:09:01 | INFO     | core.logger_manager:info:69 - Tokens extracted from local master: 0
2026-08-31 12:09:01 | WARNING  | core.logger_manager:warning:72 - Stale data: ['No candles', 'Chain timestamp missing/invalid'] - retrying fetch
2026-08-31 12:09:06 | WARNING  | core.logger_manager:warning:72 - NO_TRADE cycle (stale data): ['No candles', 'Chain timestamp missing/invalid']
2026-08-31 12:10:57 | INFO     | core.logger_manager:info:69 - Cache expiry changed:  → 01SEP2026, using available cache
2026-08-31 12:10:57 | INFO     | core.logger_manager:info:69 - Using local scrip master file (no download needed)...
2026-08-31 12:10:57 | INFO     | core.logger_manager:info:69 - Local scrip master has content, extracting tokens - SKIPPING download
2026-08-31 12:10:59 | INFO     | core.logger_manager:info:69 - Tokens extracted from local master: 0
2026-08-31 12:10:59 | WARNING  | core.logger_manager:warning:72 - Stale data: ['Chain timestamp missing/invalid'] - retrying fetch
2026-08-31 12:10:59 | WARNING  | core.logger_manager:warning:72 - NO_TRADE cycle (stale data): ['Chain timestamp missing/invalid']
2026-08-31 12:12:38 | INFO     | core.logger_manager:info:69 - Cache expiry changed:  → 01SEP2026, using available cache
2026-08-31 12:12:38 | INFO     | core.logger_manager:info:69 - Using local scrip master file (no download needed)...
2026-08-31 12:12:38 | INFO     | core.logger_manager:info:69 - Local scrip master has content, extracting tokens - SKIPPING download
2026-08-31 12:12:39 | INFO     | core.logger_manager:info:69 - Tokens extracted from local master: 0
2026-08-31 12:12:39 | WARNING  | core.logger_manager:warning:72 - Stale data: ['Chain timestamp missing/invalid'] - retrying fetch
2026-08-31 12:12:40 | WARNING  | core.logger_manager:warning:72 - NO_TRADE cycle (stale data): ['Chain timestamp missing/invalid']
2026-08-31 12:13:56 | INFO     | core.logger_manager:info:69 - Starting graceful shutdown...
2026-08-31 12:13:56 | INFO     | core.logger_manager:info:69 - Market data connection closed
2026-08-31 12:13:56 | INFO     | core.logger_manager:info:69 - Market engine closed
2026-08-31 12:13:56 | INFO     | core.logger_manager:info:69 - Option Chain Engine shutdown
2026-08-31 12:13:56 | INFO     | core.logger_manager:info:69 - Option engine closed
2026-08-31 12:13:56 | INFO     | core.logger_manager:info:69 - Database saved and closed
2026-08-31 12:13:57 | INFO     | core.logger_manager:info:69 - Graceful shutdown complete
2026-08-31 12:29:27 | WARNING  | core.logger_manager:warning:72 - Validator REJECT: ['rr_1.0<2.0']
2026-08-31 12:29:27 | WARNING  | core.logger_manager:warning:72 - Validator REJECT: ['rr_2.0<2.0']
2026-08-31 12:29:29 | WARNING  | core.logger_manager:warning:72 - Validator REJECT: ['regime_EXTREME_VOLATILITY', 'rr_1.6<2.0']
2026-08-31 12:29:29 | WARNING  | core.logger_manager:warning:72 - Validator REJECT: ['highvol_min_rr:rr_0.7<1.5', 'highvol_volume_filter:vol_500000<=avg500000x1.5', 'rr_0.7<1.5']
2026-08-31 12:29:29 | WARNING  | core.logger_manager:warning:72 - Validator REJECT: ['highvol_atm_range:strike_24450_outside_atm_2_range', 'highvol_volume_filter:vol_500000<=avg500000x1.5']
2026-08-31 12:29:29 | WARNING  | core.logger_manager:warning:72 - Validator REJECT: ['highvol_oi_confirmation:oi_change_4%<10.0%', 'highvol_volume_filter:vol_500000<=avg500000x1.5']
2026-08-31 12:33:26 | INFO     | core.logger_manager:info:69 - Using local scrip master file (no download needed)...
2026-08-31 12:33:26 | INFO     | core.logger_manager:info:69 - Local scrip master has content, extracting tokens - SKIPPING download
2026-08-31 12:33:28 | INFO     | core.logger_manager:info:69 - Tokens extracted from local master: 0
2026-08-31 12:33:28 | INFO     | core.logger_manager:info:69 - Cache expiry changed:  → 01SEP2026, using available cache
2026-08-31 12:33:28 | INFO     | core.logger_manager:info:69 - Using local scrip master file (no download needed)...
2026-08-31 12:33:28 | INFO     | core.logger_manager:info:69 - Local scrip master has content, extracting tokens - SKIPPING download
2026-08-31 12:33:29 | INFO     | core.logger_manager:info:69 - Tokens extracted from local master: 0
2026-08-31 12:33:29 | INFO     | core.logger_manager:info:69 - Cache expiry changed:  → 01SEP2026, using available cache
2026-08-31 12:33:29 | INFO     | core.logger_manager:info:69 - Using local scrip master file (no download needed)...
2026-08-31 12:33:30 | INFO     | core.logger_manager:info:69 - Local scrip master has content, extracting tokens - SKIPPING download
2026-08-31 12:33:31 | INFO     | core.logger_manager:info:69 - Tokens extracted from local master: 0
2026-08-31 12:41:22 | INFO     | core.logger_manager:info:69 - BLOCKORA_TRADE v1.0 starting...
2026-08-31 12:41:23 | INFO     | core.logger_manager:info:69 - Angel One SmartAPI connected successfully
2026-08-31 12:41:24 | INFO     | core.logger_manager:info:69 - Option Chain Engine initialized (Multi-Source)
2026-08-31 12:41:24 | INFO     | core.logger_manager:info:69 - Telegram Bot connected
2026-08-31 12:41:27 | INFO     | core.logger_manager:info:69 - JugaadIVFetcher expiry auto-set: 01-Sep-2026
2026-08-31 12:41:27 | INFO     | core.logger_manager:info:69 - Subscription Manager started (polling)
2026-08-31 12:41:27 | INFO     | core.logger_manager:info:69 - System initialization complete
2026-08-31 12:41:27 | INFO     | core.logger_manager:info:69 - BLOCKORA_TRADE started - entering main loop
2026-08-31 12:41:27 | INFO     | core.logger_manager:info:69 - Market OPENED - Starting analysis
2026-08-31 12:42:25 | INFO     | core.logger_manager:info:69 - Using local scrip master file (no download needed)...
2026-08-31 12:42:25 | INFO     | core.logger_manager:info:69 - Local scrip master has content, extracting tokens - SKIPPING download
2026-08-31 12:42:29 | INFO     | core.logger_manager:info:69 - Tokens extracted from local master: 0
2026-08-31 12:42:30 | WARNING  | core.logger_manager:warning:72 - Stale data: ['No candles', 'Chain timestamp missing/invalid'] - retrying fetch
2026-08-31 12:42:34 | WARNING  | core.logger_manager:warning:72 - NO_TRADE cycle (stale data): ['Chain timestamp missing/invalid']
2026-08-31 12:44:22 | INFO     | core.logger_manager:info:69 - Cache expiry changed:  → 01SEP2026, using available cache
2026-08-31 12:44:22 | INFO     | core.logger_manager:info:69 - Using local scrip master file (no download needed)...
2026-08-31 12:44:22 | INFO     | core.logger_manager:info:69 - Local scrip master has content, extracting tokens - SKIPPING download
2026-08-31 12:44:26 | INFO     | core.logger_manager:info:69 - Tokens extracted from local master: 0
2026-08-31 12:44:27 | WARNING  | core.logger_manager:warning:72 - Stale data: ['Chain timestamp missing/invalid'] - retrying fetch
2026-08-31 12:44:27 | WARNING  | core.logger_manager:warning:72 - NO_TRADE cycle (stale data): ['Chain timestamp missing/invalid']
2026-08-31 12:46:17 | INFO     | core.logger_manager:info:69 - Cache expiry changed:  → 01SEP2026, using available cache
2026-08-31 12:46:17 | INFO     | core.logger_manager:info:69 - Using local scrip master file (no download needed)...
2026-08-31 12:46:17 | INFO     | core.logger_manager:info:69 - Local scrip master has content, extracting tokens - SKIPPING download
2026-08-31 12:46:22 | INFO     | core.logger_manager:info:69 - Tokens extracted from local master: 0
2026-08-31 12:46:22 | WARNING  | core.logger_manager:warning:72 - Stale data: ['Chain timestamp missing/invalid'] - retrying fetch
2026-08-31 12:46:23 | WARNING  | core.logger_manager:warning:72 - NO_TRADE cycle (stale data): ['Chain timestamp missing/invalid']
2026-08-31 12:48:10 | INFO     | core.logger_manager:info:69 - Cache expiry changed:  → 01SEP2026, using available cache
2026-08-31 12:48:10 | INFO     | core.logger_manager:info:69 - Using local scrip master file (no download needed)...
2026-08-31 12:48:10 | INFO     | core.logger_manager:info:69 - Local scrip master has content, extracting tokens - SKIPPING download
2026-08-31 12:48:15 | INFO     | core.logger_manager:info:69 - Tokens extracted from local master: 0
2026-08-31 12:48:15 | WARNING  | core.logger_manager:warning:72 - Stale data: ['Chain timestamp missing/invalid'] - retrying fetch
2026-08-31 12:48:16 | WARNING  | core.logger_manager:warning:72 - NO_TRADE cycle (stale data): ['Chain timestamp missing/invalid']
2026-08-31 12:48:51 | INFO     | core.logger_manager:info:69 - Starting graceful shutdown...
2026-08-31 12:48:51 | INFO     | core.logger_manager:info:69 - Market data connection closed
2026-08-31 12:48:51 | INFO     | core.logger_manager:info:69 - Market engine closed
2026-08-31 12:48:51 | INFO     | core.logger_manager:info:69 - Option Chain Engine shutdown
2026-08-31 12:48:51 | INFO     | core.logger_manager:info:69 - Option engine closed
2026-08-31 12:48:51 | INFO     | core.logger_manager:info:69 - Database saved and closed
2026-08-31 12:48:53 | INFO     | core.logger_manager:info:69 - Graceful shutdown complete
2026-08-31 13:06:38 | INFO     | core.logger_manager:info:69 - Using local scrip master file (no download needed)...
2026-08-31 13:06:38 | INFO     | core.logger_manager:info:69 - Local scrip master has content, extracting tokens - SKIPPING download
2026-08-31 13:06:39 | INFO     | core.logger_manager:info:69 - Tokens extracted from local master: 0
2026-08-31 13:53:29 | WARNING  | core.logger_manager:warning:72 - Validator REJECT: ['rr_1.0<2.0']
2026-08-31 13:53:29 | WARNING  | core.logger_manager:warning:72 - Validator REJECT: ['rr_2.0<2.0']
2026-08-31 13:53:31 | WARNING  | core.logger_manager:warning:72 - Validator REJECT: ['regime_EXTREME_VOLATILITY', 'rr_1.6<2.0']
2026-08-31 13:53:31 | WARNING  | core.logger_manager:warning:72 - Validator REJECT: ['highvol_min_rr:rr_0.7<1.5', 'highvol_volume_filter:vol_500000<=avg500000x1.5', 'rr_0.7<1.5']
2026-08-31 13:53:31 | WARNING  | core.logger_manager:warning:72 - Validator REJECT: ['highvol_atm_range:strike_24450_outside_atm_2_range', 'highvol_volume_filter:vol_500000<=avg500000x1.5']
2026-08-31 13:53:31 | WARNING  | core.logger_manager:warning:72 - Validator REJECT: ['highvol_oi_confirmation:oi_change_4%<10.0%', 'highvol_volume_filter:vol_500000<=avg500000x1.5']
2026-08-31 14:39:47 | WARNING  | core.logger_manager:warning:72 - Validator REJECT: ['rr_1.0<2.0']
2026-08-31 14:39:47 | WARNING  | core.logger_manager:warning:72 - Validator REJECT: ['rr_2.0<2.0']
2026-08-31 14:39:49 | WARNING  | core.logger_manager:warning:72 - Validator REJECT: ['regime_EXTREME_VOLATILITY', 'rr_1.6<2.0']
2026-08-31 14:39:49 | WARNING  | core.logger_manager:warning:72 - Validator REJECT: ['highvol_min_rr:rr_0.7<1.5', 'highvol_volume_filter:vol_500000<=avg500000x1.5', 'rr_0.7<1.5']
2026-08-31 14:39:49 | WARNING  | core.logger_manager:warning:72 - Validator REJECT: ['highvol_atm_range:strike_24450_outside_atm_2_range', 'highvol_volume_filter:vol_500000<=avg500000x1.5']
2026-08-31 14:39:49 | WARNING  | core.logger_manager:warning:72 - Validator REJECT: ['highvol_oi_confirmation:oi_change_4%<10.0%', 'highvol_volume_filter:vol_500000<=avg500000x1.5']
2026-08-31 14:44:57 | INFO     | core.logger_manager:info:69 - BLOCKORA_TRADE v1.0 starting...
2026-08-31 14:44:58 | INFO     | core.logger_manager:info:69 - Angel One SmartAPI connected successfully
2026-08-31 14:44:59 | INFO     | core.logger_manager:info:69 - Option Chain Engine initialized (Multi-Source)
2026-08-31 14:45:00 | INFO     | core.logger_manager:info:69 - Telegram Bot connected
2026-08-31 14:45:03 | INFO     | core.logger_manager:info:69 - JugaadIVFetcher expiry auto-set: 01-Sep-2026
2026-08-31 14:45:03 | INFO     | core.logger_manager:info:69 - Subscription Manager started (polling)
2026-08-31 14:45:03 | INFO     | core.logger_manager:info:69 - System initialization complete
2026-08-31 14:45:03 | INFO     | core.logger_manager:info:69 - BLOCKORA_TRADE started - entering main loop
2026-08-31 14:45:04 | INFO     | core.logger_manager:info:69 - Market OPENED - Starting analysis
2026-08-31 14:47:10 | INFO     | core.logger_manager:info:69 - Using local scrip master file (no download needed)...
2026-08-31 14:47:10 | INFO     | core.logger_manager:info:69 - Local scrip master has content, extracting tokens - SKIPPING download
2026-08-31 14:47:12 | INFO     | core.logger_manager:info:69 - Tokens extracted from local master: 0
2026-08-31 14:47:12 | INFO     | core.logger_manager:info:69 - Data freshness check: Chain timestamp missing/invalid
2026-08-31 14:47:12 | WARNING  | core.logger_manager:warning:72 - 🛡️ NO_TRADE: Capital protected - Chain timestamp missing/invalid
2026-08-31 14:48:59 | INFO     | core.logger_manager:info:69 - Cache expiry changed:  → 01SEP2026, using available cache
2026-08-31 14:48:59 | INFO     | core.logger_manager:info:69 - Using local scrip master file (no download needed)...
2026-08-31 14:49:00 | INFO     | core.logger_manager:info:69 - Local scrip master has content, extracting tokens - SKIPPING download
2026-08-31 14:49:01 | INFO     | core.logger_manager:info:69 - Tokens extracted from local master: 0
2026-08-31 14:49:01 | INFO     | core.logger_manager:info:69 - Data freshness check: Chain timestamp missing/invalid
2026-08-31 14:49:01 | WARNING  | core.logger_manager:warning:72 - 🛡️ NO_TRADE: Capital protected - Chain timestamp missing/invalid
2026-08-31 14:50:31 | INFO     | core.logger_manager:info:69 - Starting graceful shutdown...
2026-08-31 14:50:32 | INFO     | core.logger_manager:info:69 - Market data connection closed
2026-08-31 14:50:32 | INFO     | core.logger_manager:info:69 - Market engine closed
2026-08-31 14:50:32 | INFO     | core.logger_manager:info:69 - Option Chain Engine shutdown
2026-08-31 14:50:32 | INFO     | core.logger_manager:info:69 - Option engine closed
2026-08-31 14:50:32 | INFO     | core.logger_manager:info:69 - Database saved and closed
2026-08-31 14:50:32 | INFO     | core.logger_manager:info:69 - Graceful shutdown complete
2026-08-31 15:17:01 | INFO     | core.logger_manager:info:69 - BLOCKORA_TRADE v1.0 starting...
2026-08-31 15:17:03 | INFO     | core.logger_manager:info:69 - Angel One SmartAPI connected successfully
2026-08-31 15:17:04 | INFO     | core.logger_manager:info:69 - Option Chain Engine initialized (Multi-Source)
2026-08-31 15:17:05 | INFO     | core.logger_manager:info:69 - Telegram Bot connected
2026-08-31 15:17:10 | INFO     | core.logger_manager:info:69 - JugaadIVFetcher expiry auto-set: 01-Sep-2026
2026-08-31 15:17:10 | INFO     | core.logger_manager:info:69 - Subscription Manager started (polling)
2026-08-31 15:17:10 | INFO     | core.logger_manager:info:69 - System initialization complete
2026-08-31 15:17:10 | INFO     | core.logger_manager:info:69 - BLOCKORA_TRADE started - entering main loop
2026-08-31 15:17:11 | INFO     | core.logger_manager:info:69 - Market OPENED - Starting analysis
2026-08-31 15:17:13 | INFO     | core.logger_manager:info:69 - Starting graceful shutdown...
2026-08-31 15:17:14 | INFO     | core.logger_manager:info:69 - Market data connection closed
2026-08-31 15:17:14 | INFO     | core.logger_manager:info:69 - Market engine closed
2026-08-31 15:17:14 | INFO     | core.logger_manager:info:69 - Option Chain Engine shutdown
2026-08-31 15:17:14 | INFO     | core.logger_manager:info:69 - Option engine closed
2026-08-31 15:17:14 | INFO     | core.logger_manager:info:69 - Database saved and closed
2026-08-31 15:17:14 | INFO     | core.logger_manager:info:69 - Graceful shutdown complete
2026-08-31 15:23:12 | INFO     | core.logger_manager:info:69 - Using local scrip master file (no download needed)...
2026-08-31 15:23:12 | INFO     | core.logger_manager:info:69 - Local scrip master has content, extracting tokens - SKIPPING download
2026-08-31 15:23:13 | INFO     | core.logger_manager:info:69 - Tokens extracted from local master: 0
2026-08-31 16:30:59 | INFO     | core.logger_manager:info:69 - BLOCKORA_TRADE v1.0 starting...
2026-08-31 16:31:00 | INFO     | core.logger_manager:info:69 - Angel One SmartAPI connected successfully
2026-08-31 16:31:01 | INFO     | core.logger_manager:info:69 - Option Chain Engine initialized (Multi-Source)
2026-08-31 16:31:02 | INFO     | core.logger_manager:info:69 - Telegram Bot connected
2026-08-31 16:31:06 | INFO     | core.logger_manager:info:69 - JugaadIVFetcher expiry auto-set: 01-Sep-2026
2026-08-31 16:31:06 | INFO     | core.logger_manager:info:69 - Subscription Manager started (polling)
2026-08-31 16:31:06 | INFO     | core.logger_manager:info:69 - System initialization complete
2026-08-31 16:31:06 | INFO     | core.logger_manager:info:69 - BLOCKORA_TRADE started - entering main loop
2026-08-31 16:31:41 | INFO     | core.logger_manager:info:69 - Starting graceful shutdown...
2026-08-31 16:31:42 | INFO     | core.logger_manager:info:69 - Market data connection closed
2026-08-31 16:31:42 | INFO     | core.logger_manager:info:69 - Market engine closed
2026-08-31 16:31:42 | INFO     | core.logger_manager:info:69 - Option Chain Engine shutdown
2026-08-31 16:31:42 | INFO     | core.logger_manager:info:69 - Option engine closed
2026-08-31 16:31:42 | INFO     | core.logger_manager:info:69 - Database saved and closed
2026-08-31 16:31:42 | INFO     | core.logger_manager:info:69 - Graceful shutdown complete
2026-08-31 23:29:19 | WARNING  | core.logger_manager:warning:72 - Validator REJECT: ['rr_1.0<2.0']
2026-08-31 23:29:19 | WARNING  | core.logger_manager:warning:72 - Validator REJECT: ['rr_2.0<2.0']
2026-08-31 23:33:22 | WARNING  | core.logger_manager:warning:72 - Validator REJECT: ['rr_1.0<2.0']
2026-08-31 23:33:22 | WARNING  | core.logger_manager:warning:72 - Validator REJECT: ['rr_2.0<2.0']
2026-09-01 00:42:03 | INFO     | core.logger_manager:info:69 - BLOCKORA_TRADE v1.0 starting...
2026-09-01 00:42:04 | INFO     | core.logger_manager:info:69 - Angel One SmartAPI connected successfully
2026-09-01 00:42:05 | INFO     | core.logger_manager:info:69 - Option Chain Engine initialized (Multi-Source)
2026-09-01 00:42:06 | INFO     | core.logger_manager:info:69 - Telegram Bot connected
2026-09-01 00:42:08 | INFO     | core.logger_manager:info:69 - JugaadIVFetcher expiry auto-set: 01-Sep-2026
2026-09-01 00:42:08 | INFO     | core.logger_manager:info:69 - Subscription Manager started (polling)
2026-09-01 00:42:08 | INFO     | core.logger_manager:info:69 - System initialization complete
2026-09-01 00:42:08 | INFO     | core.logger_manager:info:69 - BLOCKORA_TRADE started - entering main loop
2026-09-01 00:42:16 | INFO     | core.logger_manager:info:69 - Starting graceful shutdown...
2026-09-01 00:42:16 | INFO     | core.logger_manager:info:69 - Market data connection closed
2026-09-01 00:42:16 | INFO     | core.logger_manager:info:69 - Market engine closed
2026-09-01 00:42:16 | INFO     | core.logger_manager:info:69 - Option Chain Engine shutdown
2026-09-01 00:42:16 | INFO     | core.logger_manager:info:69 - Option engine closed
2026-09-01 00:42:16 | INFO     | core.logger_manager:info:69 - Backup rotation: deleted 1 old backups, kept 3
2026-09-01 00:42:16 | INFO     | core.logger_manager:info:69 - Database saved and closed
2026-09-01 00:42:20 | INFO     | core.logger_manager:info:69 - Graceful shutdown complete
2026-09-01 08:37:34 | WARNING  | core.logger_manager:warning:72 - Validator REJECT: ['rr_1.0<2.0']
2026-09-01 08:37:34 | WARNING  | core.logger_manager:warning:72 - Validator REJECT: ['rr_2.0<2.0']
2026-09-01 09:46:41 | WARNING  | core.logger_manager:warning:72 - Validator REJECT: ['rr_1.0<2.0']
2026-09-01 09:46:41 | WARNING  | core.logger_manager:warning:72 - Validator REJECT: ['rr_2.0<2.0']
2026-09-01 10:10:34 | WARNING  | core.logger_manager:warning:72 - Validator REJECT: ['rr_1.0<2.0']
2026-09-01 10:10:34 | WARNING  | core.logger_manager:warning:72 - Validator REJECT: ['rr_2.0<2.0']
2026-09-01 10:31:26 | WARNING  | core.logger_manager:warning:72 - Validator REJECT: ['rr_1.0<2.0']
2026-09-01 10:31:26 | WARNING  | core.logger_manager:warning:72 - Validator REJECT: ['rr_2.0<2.0']
2026-09-01 11:46:18 | WARNING  | core.logger_manager:warning:72 - Validator REJECT: ['rr_1.0<2.0']
2026-09-01 11:46:18 | WARNING  | core.logger_manager:warning:72 - Validator REJECT: ['rr_2.0<2.0']
2026-09-01 11:53:56 | INFO     | core.logger_manager:info:69 - BLOCKORA_TRADE v1.0 starting...
2026-09-01 11:53:57 | INFO     | core.logger_manager:info:69 - Angel One SmartAPI connected successfully
2026-09-01 11:53:57 | INFO     | core.logger_manager:info:69 - Option Chain Engine initialized (Multi-Source)
2026-09-01 11:53:58 | INFO     | core.logger_manager:info:69 - Telegram Bot connected
2026-09-01 11:54:01 | INFO     | core.logger_manager:info:69 - JugaadIVFetcher expiry auto-set: 01-Sep-2026
2026-09-01 11:54:01 | INFO     | core.logger_manager:info:69 - Subscription Manager started (polling)
2026-09-01 11:54:01 | INFO     | core.logger_manager:info:69 - System initialization complete
2026-09-01 11:54:01 | INFO     | core.logger_manager:info:69 - BLOCKORA_TRADE started - entering main loop
2026-09-01 11:54:01 | INFO     | core.logger_manager:info:69 - Market OPENED - Starting analysis
2026-09-01 11:54:54 | INFO     | core.logger_manager:info:69 - Using local scrip master file (no download needed)...
2026-09-01 11:54:54 | INFO     | core.logger_manager:info:69 - Local scrip master has content, extracting tokens - SKIPPING download
2026-09-01 11:54:55 | INFO     | core.logger_manager:info:69 - Tokens extracted from local master: 0
2026-09-01 11:54:55 | INFO     | core.logger_manager:info:69 - Data freshness check: Chain timestamp missing/invalid
2026-09-01 11:54:55 | WARNING  | core.logger_manager:warning:72 - 🛡️ NO_TRADE: Capital protected - Chain timestamp missing/invalid
2026-09-01 11:56:45 | INFO     | core.logger_manager:info:69 - Cache expiry changed:  → 01SEP2026, using available cache
2026-09-01 11:56:45 | INFO     | core.logger_manager:info:69 - Using local scrip master file (no download needed)...
2026-09-01 11:56:45 | INFO     | core.logger_manager:info:69 - Local scrip master has content, extracting tokens - SKIPPING download
2026-09-01 11:56:46 | INFO     | core.logger_manager:info:69 - Tokens extracted from local master: 0
2026-09-01 11:56:46 | INFO     | core.logger_manager:info:69 - Data freshness check: Chain timestamp missing/invalid
2026-09-01 11:56:51 | WARNING  | core.logger_manager:warning:72 - 🛡️ NO_TRADE: Capital protected - Chain timestamp missing/invalid
2026-09-01 11:58:42 | INFO     | core.logger_manager:info:69 - Cache expiry changed:  → 01SEP2026, using available cache
2026-09-01 11:58:42 | INFO     | core.logger_manager:info:69 - Using local scrip master file (no download needed)...
2026-09-01 11:58:42 | INFO     | core.logger_manager:info:69 - Local scrip master has content, extracting tokens - SKIPPING download
2026-09-01 11:58:43 | INFO     | core.logger_manager:info:69 - Tokens extracted from local master: 0
2026-09-01 11:58:43 | INFO     | core.logger_manager:info:69 - Data freshness check: Chain timestamp missing/invalid
2026-09-01 11:58:48 | WARNING  | core.logger_manager:warning:72 - 🛡️ NO_TRADE: Capital protected - Chain timestamp missing/invalid
2026-09-01 12:00:39 | INFO     | core.logger_manager:info:69 - Cache expiry changed:  → 01SEP2026, using available cache
2026-09-01 12:00:39 | INFO     | core.logger_manager:info:69 - Using local scrip master file (no download needed)...
2026-09-01 12:00:39 | INFO     | core.logger_manager:info:69 - Local scrip master has content, extracting tokens - SKIPPING download
2026-09-01 12:00:40 | INFO     | core.logger_manager:info:69 - Tokens extracted from local master: 0
2026-09-01 12:00:41 | INFO     | core.logger_manager:info:69 - Data freshness check: Chain timestamp missing/invalid
2026-09-01 12:00:45 | WARNING  | core.logger_manager:warning:72 - 🛡️ NO_TRADE: Capital protected - Chain timestamp missing/invalid
2026-09-01 12:02:36 | INFO     | core.logger_manager:info:69 - Cache expiry changed:  → 01SEP2026, using available cache
2026-09-01 12:02:36 | INFO     | core.logger_manager:info:69 - Using local scrip master file (no download needed)...
2026-09-01 12:02:36 | INFO     | core.logger_manager:info:69 - Local scrip master has content, extracting tokens - SKIPPING download
2026-09-01 12:02:37 | INFO     | core.logger_manager:info:69 - Tokens extracted from local master: 0
2026-09-01 12:02:38 | INFO     | core.logger_manager:info:69 - Data freshness check: Chain timestamp missing/invalid
2026-09-01 12:02:38 | WARNING  | core.logger_manager:warning:72 - 🛡️ NO_TRADE: Capital protected - Chain timestamp missing/invalid
2026-09-01 12:02:48 | INFO     | core.logger_manager:info:69 - Starting graceful shutdown...
2026-09-01 12:02:48 | INFO     | core.logger_manager:info:69 - Market data connection closed
2026-09-01 12:02:48 | INFO     | core.logger_manager:info:69 - Market engine closed
2026-09-01 12:02:48 | INFO     | core.logger_manager:info:69 - Option Chain Engine shutdown
2026-09-01 12:02:48 | INFO     | core.logger_manager:info:69 - Option engine closed
2026-09-01 12:02:48 | INFO     | core.logger_manager:info:69 - Database saved and closed
2026-09-01 12:02:49 | INFO     | core.logger_manager:info:69 - Graceful shutdown complete
